광고 그룹 이름,광고 그룹 ID,캠페인 이름,캠페인 ID,기간,게재 위치,연령 및 성별,총비용,노출수,평균 CPM,클릭수,평균 CPC,클릭률(%),총 전환수,앱 설치 수,앱 내 구매완료 수,위시리스트 추가 수,구매완료 수,회원가입 수,장바구니 담기 수,신청완료 수,소식받기/구독 수,예약완료 수,컨텐츠보기 수,앱 레벨달성 수,앱 튜토리얼완료 수,사용자정의 #1 수,사용자정의 #2 수,사용자정의 #3 수,사용자정의 #4 수,사용자정의 #5 수,사용자정의 #6 수,사용자정의 #7 수,사용자정의 #8 수,사용자정의 #9 수,사용자정의 #10 수,총 전환매출액,구매완료 전환매출액,회원가입 전환매출액,장바구니 전환매출액,신청완료 전환매출액,앱 설치 전환매출액,앱 내 구매완료 전환매출액,위시리스트 추가 전환매출액,소식받기/구독 전환매출액,예약완료 전환매출액,컨텐츠보기 전환매출액,앱 레벨달성 전환매출액,앱 튜토리얼완료 전환매출액,사용자정의 #1 전환매출액,사용자정의 #2 전환매출액,사용자정의 #3 전환매출액,사용자정의 #4 전환매출액,사용자정의 #5 전환매출액,사용자정의 #6 전환매출액,사용자정의 #7 전환매출액,사용자정의 #8 전환매출액,사용자정의 #9 전환매출액,사용자정의 #10 전환매출액,총 전환율(%),총 전환당비용,총 광고수익률(%),구매완료 광고수익률(%)
세탁기_맞춤타겟_페스티벌 홍보,4645895,세탁기_전환_구독 페스티벌,1631448,2026.10.07.,네이버+ > 피드,14세 ~ 18세 여성,0,1,0,0,0,0.00,0,0,0,0,0,0,0,0,0,0,0,0,0,0,0,0,0,0,0,0,0,0,0,0,0,0,0,0,0,0,0,0,0,0,0,0,0,0,0,0,0,0,0,0,0,0,0.00,0,0.00,0.00
세탁기_맞춤타겟_페스티벌 홍보,4645895,세탁기_전환_구독 페스티벌,1631448,2026.10.07.,네이버+ > 피드,19세 ~ 24세 여성,0,4,0,0,0,0.00,0,0,0,0,0,0,0,0,0,0,0,0,0,0,0,0,0,0,0,0,0,0,0,0,0,0,0,0,0,0,0,0,0,0,0,0,0,0,0,0,0,0,0,0,0,0,0.00,0,0.00,0.00
세탁기_맞춤타겟_페스티벌 홍보,4645895,세탁기_전환_구독 페스티벌,1631448,2026.10.07.,네이버+ > 피드,25세 ~ 29세 여성,0,17,0,0,0,0.00,0,0,0,0,0,0,0,0,0,0,0,0,0,0,0,0,0,0,0,0,0,0,0,0,0,0,0,0,0,0,0,0,0,0,0,0,0,0,0,0,0,0,0,0,0,0,0.00,0,0.00,0.00
세탁기_맞춤타겟_페스티벌 홍보,4645895,세탁기_전환_구독 페스티벌,1631448,2026.10.07.,네이버+ > 피드,30세 ~ 34세 여성,0,30,0,0,0,0.00,0,0,0,0,0,0,0,0,0,0,0,0,0,0,0,0,0,0,0,0,0,0,0,0,0,0,0,0,0,0,0,0,0,0,0,0,0,0,0,0,0,0,0,0,0,0,0.00,0,0.00,0.00
세탁기_맞춤타겟_페스티벌 홍보,4645895,세탁기_전환_구독 페스티벌,1631448,2026.10.07.,네이버+ > 피드,35세 ~ 39세 여성,0,42,0,0,0,0.00,0,0,0,0,0,0,0,0,0,0,0,0,0,0,0,0,0,0,0,0,0,0,0,0,0,0,0,0,0,0,0,0,0,0,0,0,0,0,0,0,0,0,0,0,0,0,0.00,0,0.00,0.00
세탁기_맞춤타겟_페스티벌 홍보,4645895,세탁기_전환_구독 페스티벌,1631448,2026.10.07.,네이버+ > 피드,40세 ~ 44세 여성,2448,101,24238,2,1224,1.98,0,0,0,0,0,0,0,0,0,0,0,0,0,0,0,0,0,0,0,0,0,0,0,0,0,0,0,0,0,0,0,0,0,0,0,0,0,0,0,0,0,0,0,0,0,0,0.00,0,0.00,0.00
세탁기_맞춤타겟_페스티벌 홍보,4645895,세탁기_전환_구독 페스티벌,1631448,2026.10.07.,네이버+ > 피드,45세 ~ 49세 여성,2266,128,17706,2,1133,1.56,0,0,0,0,0,0,0,0,0,0,0,0,0,0,0,0,0,0,0,0,0,0,0,0,0,0,0,0,0,0,0,0,0,0,0,0,0,0,0,0,0,0,0,0,0,0,0.00,0,0.00,0.00
세탁기_맞춤타겟_페스티벌 홍보,4645895,세탁기_전환_구독 페스티벌,1631448,2026.10.07.,네이버+ > 피드,50세 ~ 54세 여성,7465,148,50441,8,933,5.41,0,0,0,0,0,0,0,0,0,0,0,0,0,0,0,0,0,0,0,0,0,0,0,0,0,0,0,0,0,0,0,0,0,0,0,0,0,0,0,0,0,0,0,0,0,0,0.00,0,0.00,0.00
세탁기_맞춤타겟_페스티벌 홍보,4645895,세탁기_전환_구독 페스티벌,1631448,2026.10.07.,네이버+ > 피드,55세 ~ 59세 여성,2243,133,16863,4,561,3.01,0,0,0,0,0,0,0,0,0,0,0,0,0,0,0,0,0,0,0,0,0,0,0,0,0,0,0,0,0,0,0,0,0,0,0,0,0,0,0,0,0,0,0,0,0,0,0.00,0,0.00,0.00
세탁기_맞춤타겟_페스티벌 홍보,4645895,세탁기_전환_구독 페스티벌,1631448,2026.10.07.,네이버+ > 피드,60세 ~ 99세 여성,2707,131,20663,7,387,5.34,0,0,0,0,0,0,0,0,0,0,0,0,0,0,0,0,0,0,0,0,0,0,0,0,0,0,0,0,0,0,0,0,0,0,0,0,0,0,0,0,0,0,0,0,0,0,0.00,0,0.00,0.00
세탁기_맞춤타겟_페스티벌 홍보,4645895,세탁기_전환_구독 페스티벌,1631448,2026.10.07.,네이버+ > 피드,14세 ~ 18세 남성,0,1,0,0,0,0.00,0,0,0,0,0,0,0,0,0,0,0,0,0,0,0,0,0,0,0,0,0,0,0,0,0,0,0,0,0,0,0,0,0,0,0,0,0,0,0,0,0,0,0,0,0,0,0.00,0,0.00,0.00
세탁기_맞춤타겟_페스티벌 홍보,4645895,세탁기_전환_구독 페스티벌,1631448,2026.10.07.,네이버+ > 피드,19세 ~ 24세 남성,0,4,0,0,0,0.00,0,0,0,0,0,0,0,0,0,0,0,0,0,0,0,0,0,0,0,0,0,0,0,0,0,0,0,0,0,0,0,0,0,0,0,0,0,0,0,0,0,0,0,0,0,0,0.00,0,0.00,0.00
세탁기_맞춤타겟_페스티벌 홍보,4645895,세탁기_전환_구독 페스티벌,1631448,2026.10.07.,네이버+ > 피드,25세 ~ 29세 남성,0,10,0,0,0,0.00,0,0,0,0,0,0,0,0,0,0,0,0,0,0,0,0,0,0,0,0,0,0,0,0,0,0,0,0,0,0,0,0,0,0,0,0,0,0,0,0,0,0,0,0,0,0,0.00,0,0.00,0.00
세탁기_맞춤타겟_페스티벌 홍보,4645895,세탁기_전환_구독 페스티벌,1631448,2026.10.07.,네이버+ > 피드,30세 ~ 34세 남성,0,20,0,0,0,0.00,0,0,0,0,0,0,0,0,0,0,0,0,0,0,0,0,0,0,0,0,0,0,0,0,0,0,0,0,0,0,0,0,0,0,0,0,0,0,0,0,0,0,0,0,0,0,0.00,0,0.00,0.00
세탁기_맞춤타겟_페스티벌 홍보,4645895,세탁기_전환_구독 페스티벌,1631448,2026.10.07.,네이버+ > 피드,35세 ~ 39세 남성,0,47,0,0,0,0.00,0,0,0,0,0,0,0,0,0,0,0,0,0,0,0,0,0,0,0,0,0,0,0,0,0,0,0,0,0,0,0,0,0,0,0,0,0,0,0,0,0,0,0,0,0,0,0.00,0,0.00,0.00
세탁기_맞춤타겟_페스티벌 홍보,4645895,세탁기_전환_구독 페스티벌,1631448,2026.10.07.,네이버+ > 피드,40세 ~ 44세 남성,0,95,0,0,0,0.00,0,0,0,0,0,0,0,0,0,0,0,0,0,0,0,0,0,0,0,0,0,0,0,0,0,0,0,0,0,0,0,0,0,0,0,0,0,0,0,0,0,0,0,0,0,0,0.00,0,0.00,0.00
세탁기_맞춤타겟_페스티벌 홍보,4645895,세탁기_전환_구독 페스티벌,1631448,2026.10.07.,네이버+ > 피드,45세 ~ 49세 남성,1446,155,9328,2,723,1.29,0,0,0,0,0,0,0,0,0,0,0,0,0,0,0,0,0,0,0,0,0,0,0,0,0,0,0,0,0,0,0,0,0,0,0,0,0,0,0,0,0,0,0,0,0,0,0.00,0,0.00,0.00
세탁기_맞춤타겟_페스티벌 홍보,4645895,세탁기_전환_구독 페스티벌,1631448,2026.10.07.,네이버+ > 피드,50세 ~ 54세 남성,6781,122,55581,5,1356,4.10,0,0,0,0,0,0,0,0,0,0,0,0,0,0,0,0,0,0,0,0,0,0,0,0,0,0,0,0,0,0,0,0,0,0,0,0,0,0,0,0,0,0,0,0,0,0,0.00,0,0.00,0.00
세탁기_맞춤타겟_페스티벌 홍보,4645895,세탁기_전환_구독 페스티벌,1631448,2026.10.07.,네이버+ > 피드,55세 ~ 59세 남성,1126,97,11612,2,563,2.06,0,0,0,0,0,0,0,0,0,0,0,0,0,0,0,0,0,0,0,0,0,0,0,0,0,0,0,0,0,0,0,0,0,0,0,0,0,0,0,0,0,0,0,0,0,0,0.00,0,0.00,0.00
세탁기_맞춤타겟_페스티벌 홍보,4645895,세탁기_전환_구독 페스티벌,1631448,2026.10.07.,네이버+ > 피드,60세 ~ 99세 남성,3113,157,19829,7,445,4.46,0,0,0,0,0,0,0,0,0,0,0,0,0,0,0,0,0,0,0,0,0,0,0,0,0,0,0,0,0,0,0,0,0,0,0,0,0,0,0,0,0,0,0,0,0,0,0.00,0,0.00,0.00
세탁기_맞춤타겟_페스티벌 홍보,4645895,세탁기_전환_구독 페스티벌,1631448,2026.10.07.,네이버+ > 피드,25세 ~ 29세 성별 알 수 없음,0,2,0,0,0,0.00,0,0,0,0,0,0,0,0,0,0,0,0,0,0,0,0,0,0,0,0,0,0,0,0,0,0,0,0,0,0,0,0,0,0,0,0,0,0,0,0,0,0,0,0,0,0,0.00,0,0.00,0.00
세탁기_맞춤타겟_페스티벌 홍보,4645895,세탁기_전환_구독 페스티벌,1631448,2026.10.07.,네이버+ > 피드,60세 ~ 99세 성별 알 수 없음,0,1,0,0,0,0.00,0,0,0,0,0,0,0,0,0,0,0,0,0,0,0,0,0,0,0,0,0,0,0,0,0,0,0,0,0,0,0,0,0,0,0,0,0,0,0,0,0,0,0,0,0,0,0.00,0,0.00,0.00
세탁기_맞춤타겟_페스티벌 홍보,4645895,세탁기_전환_구독 페스티벌,1631448,2026.10.07.,네이버+ > 네이버 메인,19세 ~ 24세 여성,0,1,0,0,0,0.00,0,0,0,0,0,0,0,0,0,0,0,0,0,0,0,0,0,0,0,0,0,0,0,0,0,0,0,0,0,0,0,0,0,0,0,0,0,0,0,0,0,0,0,0,0,0,0.00,0,0.00,0.00
세탁기_맞춤타겟_페스티벌 홍보,4645895,세탁기_전환_구독 페스티벌,1631448,2026.10.07.,네이버+ > 네이버 메인,25세 ~ 29세 여성,0,8,0,0,0,0.00,0,0,0,0,0,0,0,0,0,0,0,0,0,0,0,0,0,0,0,0,0,0,0,0,0,0,0,0,0,0,0,0,0,0,0,0,0,0,0,0,0,0,0,0,0,0,0.00,0,0.00,0.00
세탁기_맞춤타겟_페스티벌 홍보,4645895,세탁기_전환_구독 페스티벌,1631448,2026.10.07.,네이버+ > 네이버 메인,30세 ~ 34세 여성,0,15,0,0,0,0.00,0,0,0,0,0,0,0,0,0,0,0,0,0,0,0,0,0,0,0,0,0,0,0,0,0,0,0,0,0,0,0,0,0,0,0,0,0,0,0,0,0,0,0,0,0,0,0.00,0,0.00,0.00
세탁기_맞춤타겟_페스티벌 홍보,4645895,세탁기_전환_구독 페스티벌,1631448,2026.10.07.,네이버+ > 네이버 메인,35세 ~ 39세 여성,0,22,0,0,0,0.00,0,0,0,0,0,0,0,0,0,0,0,0,0,0,0,0,0,0,0,0,0,0,0,0,0,0,0,0,0,0,0,0,0,0,0,0,0,0,0,0,0,0,0,0,0,0,0.00,0,0.00,0.00
세탁기_맞춤타겟_페스티벌 홍보,4645895,세탁기_전환_구독 페스티벌,1631448,2026.10.07.,네이버+ > 네이버 메인,40세 ~ 44세 여성,0,21,0,0,0,0.00,0,0,0,0,0,0,0,0,0,0,0,0,0,0,0,0,0,0,0,0,0,0,0,0,0,0,0,0,0,0,0,0,0,0,0,0,0,0,0,0,0,0,0,0,0,0,0.00,0,0.00,0.00
세탁기_맞춤타겟_페스티벌 홍보,4645895,세탁기_전환_구독 페스티벌,1631448,2026.10.07.,네이버+ > 네이버 메인,45세 ~ 49세 여성,0,31,0,0,0,0.00,0,0,0,0,0,0,0,0,0,0,0,0,0,0,0,0,0,0,0,0,0,0,0,0,0,0,0,0,0,0,0,0,0,0,0,0,0,0,0,0,0,0,0,0,0,0,0.00,0,0.00,0.00
세탁기_맞춤타겟_페스티벌 홍보,4645895,세탁기_전환_구독 페스티벌,1631448,2026.10.07.,네이버+ > 네이버 메인,50세 ~ 54세 여성,0,42,0,0,0,0.00,0,0,0,0,0,0,0,0,0,0,0,0,0,0,0,0,0,0,0,0,0,0,0,0,0,0,0,0,0,0,0,0,0,0,0,0,0,0,0,0,0,0,0,0,0,0,0.00,0,0.00,0.00
세탁기_맞춤타겟_페스티벌 홍보,4645895,세탁기_전환_구독 페스티벌,1631448,2026.10.07.,네이버+ > 네이버 메인,55세 ~ 59세 여성,0,38,0,0,0,0.00,0,0,0,0,0,0,0,0,0,0,0,0,0,0,0,0,0,0,0,0,0,0,0,0,0,0,0,0,0,0,0,0,0,0,0,0,0,0,0,0,0,0,0,0,0,0,0.00,0,0.00,0.00
세탁기_맞춤타겟_페스티벌 홍보,4645895,세탁기_전환_구독 페스티벌,1631448,2026.10.07.,네이버+ > 네이버 메인,60세 ~ 99세 여성,0,31,0,0,0,0.00,0,0,0,0,0,0,0,0,0,0,0,0,0,0,0,0,0,0,0,0,0,0,0,0,0,0,0,0,0,0,0,0,0,0,0,0,0,0,0,0,0,0,0,0,0,0,0.00,0,0.00,0.00
세탁기_맞춤타겟_페스티벌 홍보,4645895,세탁기_전환_구독 페스티벌,1631448,2026.10.07.,네이버+ > 네이버 메인,19세 ~ 24세 남성,0,6,0,0,0,0.00,0,0,0,0,0,0,0,0,0,0,0,0,0,0,0,0,0,0,0,0,0,0,0,0,0,0,0,0,0,0,0,0,0,0,0,0,0,0,0,0,0,0,0,0,0,0,0.00,0,0.00,0.00
세탁기_맞춤타겟_페스티벌 홍보,4645895,세탁기_전환_구독 페스티벌,1631448,2026.10.07.,네이버+ > 네이버 메인,25세 ~ 29세 남성,0,24,0,0,0,0.00,0,0,0,0,0,0,0,0,0,0,0,0,0,0,0,0,0,0,0,0,0,0,0,0,0,0,0,0,0,0,0,0,0,0,0,0,0,0,0,0,0,0,0,0,0,0,0.00,0,0.00,0.00
세탁기_맞춤타겟_페스티벌 홍보,4645895,세탁기_전환_구독 페스티벌,1631448,2026.10.07.,네이버+ > 네이버 메인,30세 ~ 34세 남성,0,38,0,0,0,0.00,0,0,0,0,0,0,0,0,0,0,0,0,0,0,0,0,0,0,0,0,0,0,0,0,0,0,0,0,0,0,0,0,0,0,0,0,0,0,0,0,0,0,0,0,0,0,0.00,0,0.00,0.00
세탁기_맞춤타겟_페스티벌 홍보,4645895,세탁기_전환_구독 페스티벌,1631448,2026.10.07.,네이버+ > 네이버 메인,35세 ~ 39세 남성,0,52,0,0,0,0.00,0,0,0,0,0,0,0,0,0,0,0,0,0,0,0,0,0,0,0,0,0,0,0,0,0,0,0,0,0,0,0,0,0,0,0,0,0,0,0,0,0,0,0,0,0,0,0.00,0,0.00,0.00
세탁기_맞춤타겟_페스티벌 홍보,4645895,세탁기_전환_구독 페스티벌,1631448,2026.10.07.,네이버+ > 네이버 메인,40세 ~ 44세 남성,0,70,0,0,0,0.00,0,0,0,0,0,0,0,0,0,0,0,0,0,0,0,0,0,0,0,0,0,0,0,0,0,0,0,0,0,0,0,0,0,0,0,0,0,0,0,0,0,0,0,0,0,0,0.00,0,0.00,0.00
세탁기_맞춤타겟_페스티벌 홍보,4645895,세탁기_전환_구독 페스티벌,1631448,2026.10.07.,네이버+ > 네이버 메인,45세 ~ 49세 남성,1993,122,16335,3,664,2.46,0,0,0,0,0,0,0,0,0,0,0,0,0,0,0,0,0,0,0,0,0,0,0,0,0,0,0,0,0,0,0,0,0,0,0,0,0,0,0,0,0,0,0,0,0,0,0.00,0,0.00,0.00
세탁기_맞춤타겟_페스티벌 홍보,4645895,세탁기_전환_구독 페스티벌,1631448,2026.10.07.,네이버+ > 네이버 메인,50세 ~ 54세 남성,3164,148,21378,4,791,2.70,0,0,0,0,0,0,0,0,0,0,0,0,0,0,0,0,0,0,0,0,0,0,0,0,0,0,0,0,0,0,0,0,0,0,0,0,0,0,0,0,0,0,0,0,0,0,0.00,0,0.00,0.00
세탁기_맞춤타겟_페스티벌 홍보,4645895,세탁기_전환_구독 페스티벌,1631448,2026.10.07.,네이버+ > 네이버 메인,55세 ~ 59세 남성,0,109,0,0,0,0.00,0,0,0,0,0,0,0,0,0,0,0,0,0,0,0,0,0,0,0,0,0,0,0,0,0,0,0,0,0,0,0,0,0,0,0,0,0,0,0,0,0,0,0,0,0,0,0.00,0,0.00,0.00
세탁기_맞춤타겟_페스티벌 홍보,4645895,세탁기_전환_구독 페스티벌,1631448,2026.10.07.,네이버+ > 네이버 메인,60세 ~ 99세 남성,0,146,0,0,0,0.00,0,0,0,0,0,0,0,0,0,0,0,0,0,0,0,0,0,0,0,0,0,0,0,0,0,0,0,0,0,0,0,0,0,0,0,0,0,0,0,0,0,0,0,0,0,0,0.00,0,0.00,0.00
세탁기_맞춤타겟_페스티벌 홍보,4645895,세탁기_전환_구독 페스티벌,1631448,2026.10.07.,네이버+ > 네이버 메인,60세 ~ 99세 성별 알 수 없음,0,1,0,0,0,0.00,0,0,0,0,0,0,0,0,0,0,0,0,0,0,0,0,0,0,0,0,0,0,0,0,0,0,0,0,0,0,0,0,0,0,0,0,0,0,0,0,0,0,0,0,0,0,0.00,0,0.00,0.00
세탁기_맞춤타겟_페스티벌 홍보,4645895,세탁기_전환_구독 페스티벌,1631448,2026.10.07.,네이버+ > 네이버 메인,알 수 없음,0,42,0,0,0,0.00,0,0,0,0,0,0,0,0,0,0,0,0,0,0,0,0,0,0,0,0,0,0,0,0,0,0,0,0,0,0,0,0,0,0,0,0,0,0,0,0,0,0,0,0,0,0,0.00,0,0.00,0.00
세탁기_맞춤타겟_페스티벌 홍보,4645895,세탁기_전환_구독 페스티벌,1631448,2026.10.07.,네이버+ > 서비스 통합,19세 ~ 24세 여성,0,2,0,0,0,0.00,0,0,0,0,0,0,0,0,0,0,0,0,0,0,0,0,0,0,0,0,0,0,0,0,0,0,0,0,0,0,0,0,0,0,0,0,0,0,0,0,0,0,0,0,0,0,0.00,0,0.00,0.00
세탁기_맞춤타겟_페스티벌 홍보,4645895,세탁기_전환_구독 페스티벌,1631448,2026.10.07.,네이버+ > 서비스 통합,25세 ~ 29세 여성,0,3,0,0,0,0.00,0,0,0,0,0,0,0,0,0,0,0,0,0,0,0,0,0,0,0,0,0,0,0,0,0,0,0,0,0,0,0,0,0,0,0,0,0,0,0,0,0,0,0,0,0,0,0.00,0,0.00,0.00
세탁기_맞춤타겟_페스티벌 홍보,4645895,세탁기_전환_구독 페스티벌,1631448,2026.10.07.,네이버+ > 서비스 통합,30세 ~ 34세 여성,0,12,0,0,0,0.00,0,0,0,0,0,0,0,0,0,0,0,0,0,0,0,0,0,0,0,0,0,0,0,0,0,0,0,0,0,0,0,0,0,0,0,0,0,0,0,0,0,0,0,0,0,0,0.00,0,0.00,0.00
세탁기_맞춤타겟_페스티벌 홍보,4645895,세탁기_전환_구독 페스티벌,1631448,2026.10.07.,네이버+ > 서비스 통합,35세 ~ 39세 여성,0,16,0,0,0,0.00,0,0,0,0,0,0,0,0,0,0,0,0,0,0,0,0,0,0,0,0,0,0,0,0,0,0,0,0,0,0,0,0,0,0,0,0,0,0,0,0,0,0,0,0,0,0,0.00,0,0.00,0.00
세탁기_맞춤타겟_페스티벌 홍보,4645895,세탁기_전환_구독 페스티벌,1631448,2026.10.07.,네이버+ > 서비스 통합,40세 ~ 44세 여성,0,29,0,0,0,0.00,0,0,0,0,0,0,0,0,0,0,0,0,0,0,0,0,0,0,0,0,0,0,0,0,0,0,0,0,0,0,0,0,0,0,0,0,0,0,0,0,0,0,0,0,0,0,0.00,0,0.00,0.00
세탁기_맞춤타겟_페스티벌 홍보,4645895,세탁기_전환_구독 페스티벌,1631448,2026.10.07.,네이버+ > 서비스 통합,45세 ~ 49세 여성,1270,37,34325,1,1270,2.70,0,0,0,0,0,0,0,0,0,0,0,0,0,0,0,0,0,0,0,0,0,0,0,0,0,0,0,0,0,0,0,0,0,0,0,0,0,0,0,0,0,0,0,0,0,0,0.00,0,0.00,0.00
세탁기_맞춤타겟_페스티벌 홍보,4645895,세탁기_전환_구독 페스티벌,1631448,2026.10.07.,네이버+ > 서비스 통합,50세 ~ 54세 여성,1394,49,28449,2,697,4.08,0,0,0,0,0,0,0,0,0,0,0,0,0,0,0,0,0,0,0,0,0,0,0,0,0,0,0,0,0,0,0,0,0,0,0,0,0,0,0,0,0,0,0,0,0,0,0.00,0,0.00,0.00
세탁기_맞춤타겟_페스티벌 홍보,4645895,세탁기_전환_구독 페스티벌,1631448,2026.10.07.,네이버+ > 서비스 통합,55세 ~ 59세 여성,0,53,0,0,0,0.00,0,0,0,0,0,0,0,0,0,0,0,0,0,0,0,0,0,0,0,0,0,0,0,0,0,0,0,0,0,0,0,0,0,0,0,0,0,0,0,0,0,0,0,0,0,0,0.00,0,0.00,0.00
세탁기_맞춤타겟_페스티벌 홍보,4645895,세탁기_전환_구독 페스티벌,1631448,2026.10.07.,네이버+ > 서비스 통합,60세 ~ 99세 여성,0,26,0,0,0,0.00,0,0,0,0,0,0,0,0,0,0,0,0,0,0,0,0,0,0,0,0,0,0,0,0,0,0,0,0,0,0,0,0,0,0,0,0,0,0,0,0,0,0,0,0,0,0,0.00,0,0.00,0.00
세탁기_맞춤타겟_페스티벌 홍보,4645895,세탁기_전환_구독 페스티벌,1631448,2026.10.07.,네이버+ > 서비스 통합,19세 ~ 24세 남성,0,1,0,0,0,0.00,0,0,0,0,0,0,0,0,0,0,0,0,0,0,0,0,0,0,0,0,0,0,0,0,0,0,0,0,0,0,0,0,0,0,0,0,0,0,0,0,0,0,0,0,0,0,0.00,0,0.00,0.00
세탁기_맞춤타겟_페스티벌 홍보,4645895,세탁기_전환_구독 페스티벌,1631448,2026.10.07.,네이버+ > 서비스 통합,25세 ~ 29세 남성,0,15,0,0,0,0.00,0,0,0,0,0,0,0,0,0,0,0,0,0,0,0,0,0,0,0,0,0,0,0,0,0,0,0,0,0,0,0,0,0,0,0,0,0,0,0,0,0,0,0,0,0,0,0.00,0,0.00,0.00
세탁기_맞춤타겟_페스티벌 홍보,4645895,세탁기_전환_구독 페스티벌,1631448,2026.10.07.,네이버+ > 서비스 통합,30세 ~ 34세 남성,0,24,0,0,0,0.00,0,0,0,0,0,0,0,0,0,0,0,0,0,0,0,0,0,0,0,0,0,0,0,0,0,0,0,0,0,0,0,0,0,0,0,0,0,0,0,0,0,0,0,0,0,0,0.00,0,0.00,0.00
세탁기_맞춤타겟_페스티벌 홍보,4645895,세탁기_전환_구독 페스티벌,1631448,2026.10.07.,네이버+ > 서비스 통합,35세 ~ 39세 남성,0,31,0,0,0,0.00,0,0,0,0,0,0,0,0,0,0,0,0,0,0,0,0,0,0,0,0,0,0,0,0,0,0,0,0,0,0,0,0,0,0,0,0,0,0,0,0,0,0,0,0,0,0,0.00,0,0.00,0.00
세탁기_맞춤타겟_페스티벌 홍보,4645895,세탁기_전환_구독 페스티벌,1631448,2026.10.07.,네이버+ > 서비스 통합,40세 ~ 44세 남성,497,56,8867,1,497,1.79,0,0,0,0,0,0,0,0,0,0,0,0,0,0,0,0,0,0,0,0,0,0,0,0,0,0,0,0,0,0,0,0,0,0,0,0,0,0,0,0,0,0,0,0,0,0,0.00,0,0.00,0.00
세탁기_맞춤타겟_페스티벌 홍보,4645895,세탁기_전환_구독 페스티벌,1631448,2026.10.07.,네이버+ > 서비스 통합,45세 ~ 49세 남성,0,67,0,0,0,0.00,0,0,0,0,0,0,0,0,0,0,0,0,0,0,0,0,0,0,0,0,0,0,0,0,0,0,0,0,0,0,0,0,0,0,0,0,0,0,0,0,0,0,0,0,0,0,0.00,0,0.00,0.00
세탁기_맞춤타겟_페스티벌 홍보,4645895,세탁기_전환_구독 페스티벌,1631448,2026.10.07.,네이버+ > 서비스 통합,50세 ~ 54세 남성,529,106,4992,1,529,0.94,0,0,0,0,0,0,0,0,0,0,0,0,0,0,0,0,0,0,0,0,0,0,0,0,0,0,0,0,0,0,0,0,0,0,0,0,0,0,0,0,0,0,0,0,0,0,0.00,0,0.00,0.00
세탁기_맞춤타겟_페스티벌 홍보,4645895,세탁기_전환_구독 페스티벌,1631448,2026.10.07.,네이버+ > 서비스 통합,55세 ~ 59세 남성,1264,91,13890,2,632,2.20,0,0,0,0,0,0,0,0,0,0,0,0,0,0,0,0,0,0,0,0,0,0,0,0,0,0,0,0,0,0,0,0,0,0,0,0,0,0,0,0,0,0,0,0,0,0,0.00,0,0.00,0.00
세탁기_맞춤타겟_페스티벌 홍보,4645895,세탁기_전환_구독 페스티벌,1631448,2026.10.07.,네이버+ > 서비스 통합,60세 ~ 99세 남성,0,132,0,0,0,0.00,0,0,0,0,0,0,0,0,0,0,0,0,0,0,0,0,0,0,0,0,0,0,0,0,0,0,0,0,0,0,0,0,0,0,0,0,0,0,0,0,0,0,0,0,0,0,0.00,0,0.00,0.00
세탁기_맞춤타겟_페스티벌 홍보,4645895,세탁기_전환_구독 페스티벌,1631448,2026.10.07.,네이버+ > 서비스 통합,알 수 없음,0,20,0,0,0,0.00,0,0,0,0,0,0,0,0,0,0,0,0,0,0,0,0,0,0,0,0,0,0,0,0,0,0,0,0,0,0,0,0,0,0,0,0,0,0,0,0,0,0,0,0,0,0,0.00,0,0.00,0.00
세탁기_맞춤타겟_페스티벌 홍보,4645895,세탁기_전환_구독 페스티벌,1631448,2026.10.06.,네이버+ > 피드,14세 ~ 18세 여성,0,1,0,0,0,0.00,0,0,0,0,0,0,0,0,0,0,0,0,0,0,0,0,0,0,0,0,0,0,0,0,0,0,0,0,0,0,0,0,0,0,0,0,0,0,0,0,0,0,0,0,0,0,0.00,0,0.00,0.00
세탁기_맞춤타겟_페스티벌 홍보,4645895,세탁기_전환_구독 페스티벌,1631448,2026.10.06.,네이버+ > 피드,19세 ~ 24세 여성,0,8,0,0,0,0.00,0,0,0,0,0,0,0,0,0,0,0,0,0,0,0,0,0,0,0,0,0,0,0,0,0,0,0,0,0,0,0,0,0,0,0,0,0,0,0,0,0,0,0,0,0,0,0.00,0,0.00,0.00
세탁기_맞춤타겟_페스티벌 홍보,4645895,세탁기_전환_구독 페스티벌,1631448,2026.10.06.,네이버+ > 피드,25세 ~ 29세 여성,0,20,0,0,0,0.00,0,0,0,0,0,0,0,0,0,0,0,0,0,0,0,0,0,0,0,0,0,0,0,0,0,0,0,0,0,0,0,0,0,0,0,0,0,0,0,0,0,0,0,0,0,0,0.00,0,0.00,0.00
세탁기_맞춤타겟_페스티벌 홍보,4645895,세탁기_전환_구독 페스티벌,1631448,2026.10.06.,네이버+ > 피드,30세 ~ 34세 여성,944,38,24834,1,944,2.63,0,0,0,0,0,0,0,0,0,0,0,0,0,0,0,0,0,0,0,0,0,0,0,0,0,0,0,0,0,0,0,0,0,0,0,0,0,0,0,0,0,0,0,0,0,0,0.00,0,0.00,0.00
세탁기_맞춤타겟_페스티벌 홍보,4645895,세탁기_전환_구독 페스티벌,1631448,2026.10.06.,네이버+ > 피드,35세 ~ 39세 여성,830,65,12767,1,830,1.54,0,0,0,0,0,0,0,0,0,0,0,0,0,0,0,0,0,0,0,0,0,0,0,0,0,0,0,0,0,0,0,0,0,0,0,0,0,0,0,0,0,0,0,0,0,0,0.00,0,0.00,0.00
세탁기_맞춤타겟_페스티벌 홍보,4645895,세탁기_전환_구독 페스티벌,1631448,2026.10.06.,네이버+ > 피드,40세 ~ 44세 여성,1504,124,12131,1,1504,0.81,0,0,0,0,0,0,0,0,0,0,0,0,0,0,0,0,0,0,0,0,0,0,0,0,0,0,0,0,0,0,0,0,0,0,0,0,0,0,0,0,0,0,0,0,0,0,0.00,0,0.00,0.00
세탁기_맞춤타겟_페스티벌 홍보,4645895,세탁기_전환_구독 페스티벌,1631448,2026.10.06.,네이버+ > 피드,45세 ~ 49세 여성,3204,152,21080,2,1602,1.32,0,0,0,0,0,0,0,0,0,0,0,0,0,0,0,0,0,0,0,0,0,0,0,0,0,0,0,0,0,0,0,0,0,0,0,0,0,0,0,0,0,0,0,0,0,0,0.00,0,0.00,0.00
세탁기_맞춤타겟_페스티벌 홍보,4645895,세탁기_전환_구독 페스티벌,1631448,2026.10.06.,네이버+ > 피드,50세 ~ 54세 여성,5748,146,39373,6,958,4.11,0,0,0,0,0,0,0,0,0,0,0,0,0,0,0,0,0,0,0,0,0,0,0,0,0,0,0,0,0,0,0,0,0,0,0,0,0,0,0,0,0,0,0,0,0,0,0.00,0,0.00,0.00
세탁기_맞춤타겟_페스티벌 홍보,4645895,세탁기_전환_구독 페스티벌,1631448,2026.10.06.,네이버+ > 피드,55세 ~ 59세 여성,704,114,6178,1,704,0.88,0,0,0,0,0,0,0,0,0,0,0,0,0,0,0,0,0,0,0,0,0,0,0,0,0,0,0,0,0,0,0,0,0,0,0,0,0,0,0,0,0,0,0,0,0,0,0.00,0,0.00,0.00
세탁기_맞춤타겟_페스티벌 홍보,4645895,세탁기_전환_구독 페스티벌,1631448,2026.10.06.,네이버+ > 피드,60세 ~ 99세 여성,4899,122,40157,5,980,4.10,0,0,0,0,0,0,0,0,0,0,0,0,0,0,0,0,0,0,0,0,0,0,0,0,0,0,0,0,0,0,0,0,0,0,0,0,0,0,0,0,0,0,0,0,0,0,0.00,0,0.00,0.00
세탁기_맞춤타겟_페스티벌 홍보,4645895,세탁기_전환_구독 페스티벌,1631448,2026.10.06.,네이버+ > 피드,14세 ~ 18세 남성,0,2,0,0,0,0.00,0,0,0,0,0,0,0,0,0,0,0,0,0,0,0,0,0,0,0,0,0,0,0,0,0,0,0,0,0,0,0,0,0,0,0,0,0,0,0,0,0,0,0,0,0,0,0.00,0,0.00,0.00
세탁기_맞춤타겟_페스티벌 홍보,4645895,세탁기_전환_구독 페스티벌,1631448,2026.10.06.,네이버+ > 피드,19세 ~ 24세 남성,0,1,0,0,0,0.00,0,0,0,0,0,0,0,0,0,0,0,0,0,0,0,0,0,0,0,0,0,0,0,0,0,0,0,0,0,0,0,0,0,0,0,0,0,0,0,0,0,0,0,0,0,0,0.00,0,0.00,0.00
세탁기_맞춤타겟_페스티벌 홍보,4645895,세탁기_전환_구독 페스티벌,1631448,2026.10.06.,네이버+ > 피드,25세 ~ 29세 남성,0,13,0,0,0,0.00,0,0,0,0,0,0,0,0,0,0,0,0,0,0,0,0,0,0,0,0,0,0,0,0,0,0,0,0,0,0,0,0,0,0,0,0,0,0,0,0,0,0,0,0,0,0,0.00,0,0.00,0.00
세탁기_맞춤타겟_페스티벌 홍보,4645895,세탁기_전환_구독 페스티벌,1631448,2026.10.06.,네이버+ > 피드,30세 ~ 34세 남성,0,53,0,0,0,0.00,0,0,0,0,0,0,0,0,0,0,0,0,0,0,0,0,0,0,0,0,0,0,0,0,0,0,0,0,0,0,0,0,0,0,0,0,0,0,0,0,0,0,0,0,0,0,0.00,0,0.00,0.00
세탁기_맞춤타겟_페스티벌 홍보,4645895,세탁기_전환_구독 페스티벌,1631448,2026.10.06.,네이버+ > 피드,35세 ~ 39세 남성,0,87,0,0,0,0.00,0,0,0,0,0,0,0,0,0,0,0,0,0,0,0,0,0,0,0,0,0,0,0,0,0,0,0,0,0,0,0,0,0,0,0,0,0,0,0,0,0,0,0,0,0,0,0.00,0,0.00,0.00
세탁기_맞춤타겟_페스티벌 홍보,4645895,세탁기_전환_구독 페스티벌,1631448,2026.10.06.,네이버+ > 피드,40세 ~ 44세 남성,2632,203,12963,3,877,1.48,0,0,0,0,0,0,0,0,0,0,0,0,0,0,0,0,0,0,0,0,0,0,0,0,0,0,0,0,0,0,0,0,0,0,0,0,0,0,0,0,0,0,0,0,0,0,0.00,0,0.00,0.00
세탁기_맞춤타겟_페스티벌 홍보,4645895,세탁기_전환_구독 페스티벌,1631448,2026.10.06.,네이버+ > 피드,45세 ~ 49세 남성,722,244,2957,1,722,0.41,0,0,0,0,0,0,0,0,0,0,0,0,0,0,0,0,0,0,0,0,0,0,0,0,0,0,0,0,0,0,0,0,0,0,0,0,0,0,0,0,0,0,0,0,0,0,0.00,0,0.00,0.00
세탁기_맞춤타겟_페스티벌 홍보,4645895,세탁기_전환_구독 페스티벌,1631448,2026.10.06.,네이버+ > 피드,50세 ~ 54세 남성,363,209,1735,1,363,0.48,0,0,0,0,0,0,0,0,0,0,0,0,0,0,0,0,0,0,0,0,0,0,0,0,0,0,0,0,0,0,0,0,0,0,0,0,0,0,0,0,0,0,0,0,0,0,0.00,0,0.00,0.00
세탁기_맞춤타겟_페스티벌 홍보,4645895,세탁기_전환_구독 페스티벌,1631448,2026.10.06.,네이버+ > 피드,55세 ~ 59세 남성,675,169,3991,1,675,0.59,0,0,0,0,0,0,0,0,0,0,0,0,0,0,0,0,0,0,0,0,0,0,0,0,0,0,0,0,0,0,0,0,0,0,0,0,0,0,0,0,0,0,0,0,0,0,0.00,0,0.00,0.00
세탁기_맞춤타겟_페스티벌 홍보,4645895,세탁기_전환_구독 페스티벌,1631448,2026.10.06.,네이버+ > 피드,60세 ~ 99세 남성,3619,228,15874,6,603,2.63,0,0,0,0,0,0,0,0,0,0,0,0,0,0,0,0,0,0,0,0,0,0,0,0,0,0,0,0,0,0,0,0,0,0,0,0,0,0,0,0,0,0,0,0,0,0,0.00,0,0.00,0.00
세탁기_맞춤타겟_페스티벌 홍보,4645895,세탁기_전환_구독 페스티벌,1631448,2026.10.06.,네이버+ > 피드,연령 알 수 없음 남성,742,1,741723,1,742,100.00,0,0,0,0,0,0,0,0,0,0,0,0,0,0,0,0,0,0,0,0,0,0,0,0,0,0,0,0,0,0,0,0,0,0,0,0,0,0,0,0,0,0,0,0,0,0,0.00,0,0.00,0.00
세탁기_맞춤타겟_페스티벌 홍보,4645895,세탁기_전환_구독 페스티벌,1631448,2026.10.06.,네이버+ > 피드,알 수 없음,0,2,0,0,0,0.00,0,0,0,0,0,0,0,0,0,0,0,0,0,0,0,0,0,0,0,0,0,0,0,0,0,0,0,0,0,0,0,0,0,0,0,0,0,0,0,0,0,0,0,0,0,0,0.00,0,0.00,0.00
세탁기_맞춤타겟_페스티벌 홍보,4645895,세탁기_전환_구독 페스티벌,1631448,2026.10.06.,네이버+ > 네이버 메인,19세 ~ 24세 여성,0,37,0,0,0,0.00,0,0,0,0,0,0,0,0,0,0,0,0,0,0,0,0,0,0,0,0,0,0,0,0,0,0,0,0,0,0,0,0,0,0,0,0,0,0,0,0,0,0,0,0,0,0,0.00,0,0.00,0.00
세탁기_맞춤타겟_페스티벌 홍보,4645895,세탁기_전환_구독 페스티벌,1631448,2026.10.06.,네이버+ > 네이버 메인,25세 ~ 29세 여성,0,108,0,0,0,0.00,0,0,0,0,0,0,0,0,0,0,0,0,0,0,0,0,0,0,0,0,0,0,0,0,0,0,0,0,0,0,0,0,0,0,0,0,0,0,0,0,0,0,0,0,0,0,0.00,0,0.00,0.00
세탁기_맞춤타겟_페스티벌 홍보,4645895,세탁기_전환_구독 페스티벌,1631448,2026.10.06.,네이버+ > 네이버 메인,30세 ~ 34세 여성,3394,179,18964,1,3394,0.56,0,0,0,0,0,0,0,0,0,0,0,0,0,0,0,0,0,0,0,0,0,0,0,0,0,0,0,0,0,0,0,0,0,0,0,0,0,0,0,0,0,0,0,0,0,0,0.00,0,0.00,0.00
세탁기_맞춤타겟_페스티벌 홍보,4645895,세탁기_전환_구독 페스티벌,1631448,2026.10.06.,네이버+ > 네이버 메인,35세 ~ 39세 여성,0,138,0,0,0,0.00,0,0,0,0,0,0,0,0,0,0,0,0,0,0,0,0,0,0,0,0,0,0,0,0,0,0,0,0,0,0,0,0,0,0,0,0,0,0,0,0,0,0,0,0,0,0,0.00,0,0.00,0.00
세탁기_맞춤타겟_페스티벌 홍보,4645895,세탁기_전환_구독 페스티벌,1631448,2026.10.06.,네이버+ > 네이버 메인,40세 ~ 44세 여성,0,103,0,0,0,0.00,0,0,0,0,0,0,0,0,0,0,0,0,0,0,0,0,0,0,0,0,0,0,0,0,0,0,0,0,0,0,0,0,0,0,0,0,0,0,0,0,0,0,0,0,0,0,0.00,0,0.00,0.00
세탁기_맞춤타겟_페스티벌 홍보,4645895,세탁기_전환_구독 페스티벌,1631448,2026.10.06.,네이버+ > 네이버 메인,45세 ~ 49세 여성,0,111,0,0,0,0.00,0,0,0,0,0,0,0,0,0,0,0,0,0,0,0,0,0,0,0,0,0,0,0,0,0,0,0,0,0,0,0,0,0,0,0,0,0,0,0,0,0,0,0,0,0,0,0.00,0,0.00,0.00
세탁기_맞춤타겟_페스티벌 홍보,4645895,세탁기_전환_구독 페스티벌,1631448,2026.10.06.,네이버+ > 네이버 메인,50세 ~ 54세 여성,1490,75,19865,1,1490,1.33,0,0,0,0,0,0,0,0,0,0,0,0,0,0,0,0,0,0,0,0,0,0,0,0,0,0,0,0,0,0,0,0,0,0,0,0,0,0,0,0,0,0,0,0,0,0,0.00,0,0.00,0.00
세탁기_맞춤타겟_페스티벌 홍보,4645895,세탁기_전환_구독 페스티벌,1631448,2026.10.06.,네이버+ > 네이버 메인,55세 ~ 59세 여성,0,54,0,0,0,0.00,0,0,0,0,0,0,0,0,0,0,0,0,0,0,0,0,0,0,0,0,0,0,0,0,0,0,0,0,0,0,0,0,0,0,0,0,0,0,0,0,0,0,0,0,0,0,0.00,0,0.00,0.00
세탁기_맞춤타겟_페스티벌 홍보,4645895,세탁기_전환_구독 페스티벌,1631448,2026.10.06.,네이버+ > 네이버 메인,60세 ~ 99세 여성,0,71,0,0,0,0.00,0,0,0,0,0,0,0,0,0,0,0,0,0,0,0,0,0,0,0,0,0,0,0,0,0,0,0,0,0,0,0,0,0,0,0,0,0,0,0,0,0,0,0,0,0,0,0.00,0,0.00,0.00
세탁기_맞춤타겟_페스티벌 홍보,4645895,세탁기_전환_구독 페스티벌,1631448,2026.10.06.,네이버+ > 네이버 메인,14세 ~ 18세 남성,0,4,0,0,0,0.00,0,0,0,0,0,0,0,0,0,0,0,0,0,0,0,0,0,0,0,0,0,0,0,0,0,0,0,0,0,0,0,0,0,0,0,0,0,0,0,0,0,0,0,0,0,0,0.00,0,0.00,0.00
세탁기_맞춤타겟_페스티벌 홍보,4645895,세탁기_전환_구독 페스티벌,1631448,2026.10.06.,네이버+ > 네이버 메인,19세 ~ 24세 남성,0,36,0,0,0,0.00,0,0,0,0,0,0,0,0,0,0,0,0,0,0,0,0,0,0,0,0,0,0,0,0,0,0,0,0,0,0,0,0,0,0,0,0,0,0,0,0,0,0,0,0,0,0,0.00,0,0.00,0.00
세탁기_맞춤타겟_페스티벌 홍보,4645895,세탁기_전환_구독 페스티벌,1631448,2026.10.06.,네이버+ > 네이버 메인,25세 ~ 29세 남성,0,125,0,0,0,0.00,0,0,0,0,0,0,0,0,0,0,0,0,0,0,0,0,0,0,0,0,0,0,0,0,0,0,0,0,0,0,0,0,0,0,0,0,0,0,0,0,0,0,0,0,0,0,0.00,0,0.00,0.00
세탁기_맞춤타겟_페스티벌 홍보,4645895,세탁기_전환_구독 페스티벌,1631448,2026.10.06.,네이버+ > 네이버 메인,30세 ~ 34세 남성,0,232,0,0,0,0.00,0,0,0,0,0,0,0,0,0,0,0,0,0,0,0,0,0,0,0,0,0,0,0,0,0,0,0,0,0,0,0,0,0,0,0,0,0,0,0,0,0,0,0,0,0,0,0.00,0,0.00,0.00
세탁기_맞춤타겟_페스티벌 홍보,4645895,세탁기_전환_구독 페스티벌,1631448,2026.10.06.,네이버+ > 네이버 메인,35세 ~ 39세 남성,0,286,0,0,0,0.00,0,0,0,0,0,0,0,0,0,0,0,0,0,0,0,0,0,0,0,0,0,0,0,0,0,0,0,0,0,0,0,0,0,0,0,0,0,0,0,0,0,0,0,0,0,0,0.00,0,0.00,0.00
세탁기_맞춤타겟_페스티벌 홍보,4645895,세탁기_전환_구독 페스티벌,1631448,2026.10.06.,네이버+ > 네이버 메인,40세 ~ 44세 남성,3785,321,11790,3,1262,0.93,0,0,0,0,0,0,0,0,0,0,0,0,0,0,0,0,0,0,0,0,0,0,0,0,0,0,0,0,0,0,0,0,0,0,0,0,0,0,0,0,0,0,0,0,0,0,0.00,0,0.00,0.00
세탁기_맞춤타겟_페스티벌 홍보,4645895,세탁기_전환_구독 페스티벌,1631448,2026.10.06.,네이버+ > 네이버 메인,45세 ~ 49세 남성,1294,307,4214,1,1294,0.33,0,0,0,0,0,0,0,0,0,0,0,0,0,0,0,0,0,0,0,0,0,0,0,0,0,0,0,0,0,0,0,0,0,0,0,0,0,0,0,0,0,0,0,0,0,0,0.00,0,0.00,0.00
세탁기_맞춤타겟_페스티벌 홍보,4645895,세탁기_전환_구독 페스티벌,1631448,2026.10.06.,네이버+ > 네이버 메인,50세 ~ 54세 남성,1592,280,5686,1,1592,0.36,0,0,0,0,0,0,0,0,0,0,0,0,0,0,0,0,0,0,0,0,0,0,0,0,0,0,0,0,0,0,0,0,0,0,0,0,0,0,0,0,0,0,0,0,0,0,0.00,0,0.00,0.00
세탁기_맞춤타겟_페스티벌 홍보,4645895,세탁기_전환_구독 페스티벌,1631448,2026.10.06.,네이버+ > 네이버 메인,55세 ~ 59세 남성,0,199,0,0,0,0.00,0,0,0,0,0,0,0,0,0,0,0,0,0,0,0,0,0,0,0,0,0,0,0,0,0,0,0,0,0,0,0,0,0,0,0,0,0,0,0,0,0,0,0,0,0,0,0.00,0,0.00,0.00
세탁기_맞춤타겟_페스티벌 홍보,4645895,세탁기_전환_구독 페스티벌,1631448,2026.10.06.,네이버+ > 네이버 메인,60세 ~ 99세 남성,611,232,2634,1,611,0.43,0,0,0,0,0,0,0,0,0,0,0,0,0,0,0,0,0,0,0,0,0,0,0,0,0,0,0,0,0,0,0,0,0,0,0,0,0,0,0,0,0,0,0,0,0,0,0.00,0,0.00,0.00
세탁기_맞춤타겟_페스티벌 홍보,4645895,세탁기_전환_구독 페스티벌,1631448,2026.10.06.,네이버+ > 네이버 메인,알 수 없음,0,131,0,0,0,0.00,0,0,0,0,0,0,0,0,0,0,0,0,0,0,0,0,0,0,0,0,0,0,0,0,0,0,0,0,0,0,0,0,0,0,0,0,0,0,0,0,0,0,0,0,0,0,0.00,0,0.00,0.00
세탁기_맞춤타겟_페스티벌 홍보,4645895,세탁기_전환_구독 페스티벌,1631448,2026.10.06.,네이버+ > 서비스 통합,19세 ~ 24세 여성,0,6,0,0,0,0.00,0,0,0,0,0,0,0,0,0,0,0,0,0,0,0,0,0,0,0,0,0,0,0,0,0,0,0,0,0,0,0,0,0,0,0,0,0,0,0,0,0,0,0,0,0,0,0.00,0,0.00,0.00
세탁기_맞춤타겟_페스티벌 홍보,4645895,세탁기_전환_구독 페스티벌,1631448,2026.10.06.,네이버+ > 서비스 통합,25세 ~ 29세 여성,0,22,0,0,0,0.00,0,0,0,0,0,0,0,0,0,0,0,0,0,0,0,0,0,0,0,0,0,0,0,0,0,0,0,0,0,0,0,0,0,0,0,0,0,0,0,0,0,0,0,0,0,0,0.00,0,0.00,0.00
세탁기_맞춤타겟_페스티벌 홍보,4645895,세탁기_전환_구독 페스티벌,1631448,2026.10.06.,네이버+ > 서비스 통합,30세 ~ 34세 여성,0,37,0,0,0,0.00,0,0,0,0,0,0,0,0,0,0,0,0,0,0,0,0,0,0,0,0,0,0,0,0,0,0,0,0,0,0,0,0,0,0,0,0,0,0,0,0,0,0,0,0,0,0,0.00,0,0.00,0.00
세탁기_맞춤타겟_페스티벌 홍보,4645895,세탁기_전환_구독 페스티벌,1631448,2026.10.06.,네이버+ > 서비스 통합,35세 ~ 39세 여성,0,38,0,0,0,0.00,0,0,0,0,0,0,0,0,0,0,0,0,0,0,0,0,0,0,0,0,0,0,0,0,0,0,0,0,0,0,0,0,0,0,0,0,0,0,0,0,0,0,0,0,0,0,0.00,0,0.00,0.00
세탁기_맞춤타겟_페스티벌 홍보,4645895,세탁기_전환_구독 페스티벌,1631448,2026.10.06.,네이버+ > 서비스 통합,40세 ~ 44세 여성,0,50,0,0,0,0.00,0,0,0,0,0,0,0,0,0,0,0,0,0,0,0,0,0,0,0,0,0,0,0,0,0,0,0,0,0,0,0,0,0,0,0,0,0,0,0,0,0,0,0,0,0,0,0.00,0,0.00,0.00
세탁기_맞춤타겟_페스티벌 홍보,4645895,세탁기_전환_구독 페스티벌,1631448,2026.10.06.,네이버+ > 서비스 통합,45세 ~ 49세 여성,0,75,0,0,0,0.00,0,0,0,0,0,0,0,0,0,0,0,0,0,0,0,0,0,0,0,0,0,0,0,0,0,0,0,0,0,0,0,0,0,0,0,0,0,0,0,0,0,0,0,0,0,0,0.00,0,0.00,0.00
세탁기_맞춤타겟_페스티벌 홍보,4645895,세탁기_전환_구독 페스티벌,1631448,2026.10.06.,네이버+ > 서비스 통합,50세 ~ 54세 여성,0,54,0,0,0,0.00,0,0,0,0,0,0,0,0,0,0,0,0,0,0,0,0,0,0,0,0,0,0,0,0,0,0,0,0,0,0,0,0,0,0,0,0,0,0,0,0,0,0,0,0,0,0,0.00,0,0.00,0.00
세탁기_맞춤타겟_페스티벌 홍보,4645895,세탁기_전환_구독 페스티벌,1631448,2026.10.06.,네이버+ > 서비스 통합,55세 ~ 59세 여성,0,41,0,0,0,0.00,0,0,0,0,0,0,0,0,0,0,0,0,0,0,0,0,0,0,0,0,0,0,0,0,0,0,0,0,0,0,0,0,0,0,0,0,0,0,0,0,0,0,0,0,0,0,0.00,0,0.00,0.00
세탁기_맞춤타겟_페스티벌 홍보,4645895,세탁기_전환_구독 페스티벌,1631448,2026.10.06.,네이버+ > 서비스 통합,60세 ~ 99세 여성,0,45,0,0,0,0.00,0,0,0,0,0,0,0,0,0,0,0,0,0,0,0,0,0,0,0,0,0,0,0,0,0,0,0,0,0,0,0,0,0,0,0,0,0,0,0,0,0,0,0,0,0,0,0.00,0,0.00,0.00
세탁기_맞춤타겟_페스티벌 홍보,4645895,세탁기_전환_구독 페스티벌,1631448,2026.10.06.,네이버+ > 서비스 통합,19세 ~ 24세 남성,0,4,0,0,0,0.00,0,0,0,0,0,0,0,0,0,0,0,0,0,0,0,0,0,0,0,0,0,0,0,0,0,0,0,0,0,0,0,0,0,0,0,0,0,0,0,0,0,0,0,0,0,0,0.00,0,0.00,0.00
세탁기_맞춤타겟_페스티벌 홍보,4645895,세탁기_전환_구독 페스티벌,1631448,2026.10.06.,네이버+ > 서비스 통합,25세 ~ 29세 남성,0,29,0,0,0,0.00,0,0,0,0,0,0,0,0,0,0,0,0,0,0,0,0,0,0,0,0,0,0,0,0,0,0,0,0,0,0,0,0,0,0,0,0,0,0,0,0,0,0,0,0,0,0,0.00,0,0.00,0.00
세탁기_맞춤타겟_페스티벌 홍보,4645895,세탁기_전환_구독 페스티벌,1631448,2026.10.06.,네이버+ > 서비스 통합,30세 ~ 34세 남성,790,103,7666,1,790,0.97,0,0,0,0,0,0,0,0,0,0,0,0,0,0,0,0,0,0,0,0,0,0,0,0,0,0,0,0,0,0,0,0,0,0,0,0,0,0,0,0,0,0,0,0,0,0,0.00,0,0.00,0.00
세탁기_맞춤타겟_페스티벌 홍보,4645895,세탁기_전환_구독 페스티벌,1631448,2026.10.06.,네이버+ > 서비스 통합,35세 ~ 39세 남성,0,103,0,0,0,0.00,0,0,0,0,0,0,0,0,0,0,0,0,0,0,0,0,0,0,0,0,0,0,0,0,0,0,0,0,0,0,0,0,0,0,0,0,0,0,0,0,0,0,0,0,0,0,0.00,0,0.00,0.00
세탁기_맞춤타겟_페스티벌 홍보,4645895,세탁기_전환_구독 페스티벌,1631448,2026.10.06.,네이버+ > 서비스 통합,40세 ~ 44세 남성,0,131,0,0,0,0.00,0,0,0,0,0,0,0,0,0,0,0,0,0,0,0,0,0,0,0,0,0,0,0,0,0,0,0,0,0,0,0,0,0,0,0,0,0,0,0,0,0,0,0,0,0,0,0.00,0,0.00,0.00
세탁기_맞춤타겟_페스티벌 홍보,4645895,세탁기_전환_구독 페스티벌,1631448,2026.10.06.,네이버+ > 서비스 통합,45세 ~ 49세 남성,0,139,0,0,0,0.00,0,0,0,0,0,0,0,0,0,0,0,0,0,0,0,0,0,0,0,0,0,0,0,0,0,0,0,0,0,0,0,0,0,0,0,0,0,0,0,0,0,0,0,0,0,0,0.00,0,0.00,0.00
세탁기_맞춤타겟_페스티벌 홍보,4645895,세탁기_전환_구독 페스티벌,1631448,2026.10.06.,네이버+ > 서비스 통합,50세 ~ 54세 남성,0,165,0,0,0,0.00,0,0,0,0,0,0,0,0,0,0,0,0,0,0,0,0,0,0,0,0,0,0,0,0,0,0,0,0,0,0,0,0,0,0,0,0,0,0,0,0,0,0,0,0,0,0,0.00,0,0.00,0.00
세탁기_맞춤타겟_페스티벌 홍보,4645895,세탁기_전환_구독 페스티벌,1631448,2026.10.06.,네이버+ > 서비스 통합,55세 ~ 59세 남성,0,129,0,0,0,0.00,0,0,0,0,0,0,0,0,0,0,0,0,0,0,0,0,0,0,0,0,0,0,0,0,0,0,0,0,0,0,0,0,0,0,0,0,0,0,0,0,0,0,0,0,0,0,0.00,0,0.00,0.00
세탁기_맞춤타겟_페스티벌 홍보,4645895,세탁기_전환_구독 페스티벌,1631448,2026.10.06.,네이버+ > 서비스 통합,60세 ~ 99세 남성,0,152,0,0,0,0.00,0,0,0,0,0,0,0,0,0,0,0,0,0,0,0,0,0,0,0,0,0,0,0,0,0,0,0,0,0,0,0,0,0,0,0,0,0,0,0,0,0,0,0,0,0,0,0.00,0,0.00,0.00
세탁기_맞춤타겟_페스티벌 홍보,4645895,세탁기_전환_구독 페스티벌,1631448,2026.10.06.,네이버+ > 서비스 통합,알 수 없음,0,37,0,0,0,0.00,0,0,0,0,0,0,0,0,0,0,0,0,0,0,0,0,0,0,0,0,0,0,0,0,0,0,0,0,0,0,0,0,0,0,0,0,0,0,0,0,0,0,0,0,0,0,0.00,0,0.00,0.00
세탁기_맞춤타겟_페스티벌 홍보,4645895,세탁기_전환_구독 페스티벌,1631448,2026.10.05.,네이버+ > 피드,19세 ~ 24세 여성,0,6,0,0,0,0.00,0,0,0,0,0,0,0,0,0,0,0,0,0,0,0,0,0,0,0,0,0,0,0,0,0,0,0,0,0,0,0,0,0,0,0,0,0,0,0,0,0,0,0,0,0,0,0.00,0,0.00,0.00
세탁기_맞춤타겟_페스티벌 홍보,4645895,세탁기_전환_구독 페스티벌,1631448,2026.10.05.,네이버+ > 피드,25세 ~ 29세 여성,467,23,20305,1,467,4.35,0,0,0,0,0,0,0,0,0,0,0,0,0,0,0,0,0,0,0,0,0,0,0,0,0,0,0,0,0,0,0,0,0,0,0,0,0,0,0,0,0,0,0,0,0,0,0.00,0,0.00,0.00
세탁기_맞춤타겟_페스티벌 홍보,4645895,세탁기_전환_구독 페스티벌,1631448,2026.10.05.,네이버+ > 피드,30세 ~ 34세 여성,0,54,0,0,0,0.00,0,0,0,0,0,0,0,0,0,0,0,0,0,0,0,0,0,0,0,0,0,0,0,0,0,0,0,0,0,0,0,0,0,0,0,0,0,0,0,0,0,0,0,0,0,0,0.00,0,0.00,0.00
세탁기_맞춤타겟_페스티벌 홍보,4645895,세탁기_전환_구독 페스티벌,1631448,2026.10.05.,네이버+ > 피드,35세 ~ 39세 여성,0,65,0,0,0,0.00,0,0,0,0,0,0,0,0,0,0,0,0,0,0,0,0,0,0,0,0,0,0,0,0,0,0,0,0,0,0,0,0,0,0,0,0,0,0,0,0,0,0,0,0,0,0,0.00,0,0.00,0.00
세탁기_맞춤타겟_페스티벌 홍보,4645895,세탁기_전환_구독 페스티벌,1631448,2026.10.05.,네이버+ > 피드,40세 ~ 44세 여성,0,103,0,0,0,0.00,0,0,0,0,0,0,0,0,0,0,0,0,0,0,0,0,0,0,0,0,0,0,0,0,0,0,0,0,0,0,0,0,0,0,0,0,0,0,0,0,0,0,0,0,0,0,0.00,0,0.00,0.00
세탁기_맞춤타겟_페스티벌 홍보,4645895,세탁기_전환_구독 페스티벌,1631448,2026.10.05.,네이버+ > 피드,45세 ~ 49세 여성,5580,125,44640,4,1395,3.20,0,0,0,0,0,0,0,0,0,0,0,0,0,0,0,0,0,0,0,0,0,0,0,0,0,0,0,0,0,0,0,0,0,0,0,0,0,0,0,0,0,0,0,0,0,0,0.00,0,0.00,0.00
세탁기_맞춤타겟_페스티벌 홍보,4645895,세탁기_전환_구독 페스티벌,1631448,2026.10.05.,네이버+ > 피드,50세 ~ 54세 여성,1095,118,9278,1,1095,0.85,0,0,0,0,0,0,0,0,0,0,0,0,0,0,0,0,0,0,0,0,0,0,0,0,0,0,0,0,0,0,0,0,0,0,0,0,0,0,0,0,0,0,0,0,0,0,0.00,0,0.00,0.00
세탁기_맞춤타겟_페스티벌 홍보,4645895,세탁기_전환_구독 페스티벌,1631448,2026.10.05.,네이버+ > 피드,55세 ~ 59세 여성,1585,95,16687,3,528,3.16,0,0,0,0,0,0,0,0,0,0,0,0,0,0,0,0,0,0,0,0,0,0,0,0,0,0,0,0,0,0,0,0,0,0,0,0,0,0,0,0,0,0,0,0,0,0,0.00,0,0.00,0.00
세탁기_맞춤타겟_페스티벌 홍보,4645895,세탁기_전환_구독 페스티벌,1631448,2026.10.05.,네이버+ > 피드,60세 ~ 99세 여성,2243,107,20966,3,748,2.80,0,0,0,0,0,0,0,0,0,0,0,0,0,0,0,0,0,0,0,0,0,0,0,0,0,0,0,0,0,0,0,0,0,0,0,0,0,0,0,0,0,0,0,0,0,0,0.00,0,0.00,0.00
세탁기_맞춤타겟_페스티벌 홍보,4645895,세탁기_전환_구독 페스티벌,1631448,2026.10.05.,네이버+ > 피드,"연령 알 수 없음 여성 ",0,1,0,0,0,0.00,0,0,0,0,0,0,0,0,0,0,0,0,0,0,0,0,0,0,0,0,0,0,0,0,0,0,0,0,0,0,0,0,0,0,0,0,0,0,0,0,0,0,0,0,0,0,0.00,0,0.00,0.00
세탁기_맞춤타겟_페스티벌 홍보,4645895,세탁기_전환_구독 페스티벌,1631448,2026.10.05.,네이버+ > 피드,14세 ~ 18세 남성,0,1,0,0,0,0.00,0,0,0,0,0,0,0,0,0,0,0,0,0,0,0,0,0,0,0,0,0,0,0,0,0,0,0,0,0,0,0,0,0,0,0,0,0,0,0,0,0,0,0,0,0,0,0.00,0,0.00,0.00
세탁기_맞춤타겟_페스티벌 홍보,4645895,세탁기_전환_구독 페스티벌,1631448,2026.10.05.,네이버+ > 피드,19세 ~ 24세 남성,0,5,0,0,0,0.00,0,0,0,0,0,0,0,0,0,0,0,0,0,0,0,0,0,0,0,0,0,0,0,0,0,0,0,0,0,0,0,0,0,0,0,0,0,0,0,0,0,0,0,0,0,0,0.00,0,0.00,0.00
세탁기_맞춤타겟_페스티벌 홍보,4645895,세탁기_전환_구독 페스티벌,1631448,2026.10.05.,네이버+ > 피드,25세 ~ 29세 남성,0,20,0,0,0,0.00,0,0,0,0,0,0,0,0,0,0,0,0,0,0,0,0,0,0,0,0,0,0,0,0,0,0,0,0,0,0,0,0,0,0,0,0,0,0,0,0,0,0,0,0,0,0,0.00,0,0.00,0.00
세탁기_맞춤타겟_페스티벌 홍보,4645895,세탁기_전환_구독 페스티벌,1631448,2026.10.05.,네이버+ > 피드,30세 ~ 34세 남성,0,53,0,0,0,0.00,0,0,0,0,0,0,0,0,0,0,0,0,0,0,0,0,0,0,0,0,0,0,0,0,0,0,0,0,0,0,0,0,0,0,0,0,0,0,0,0,0,0,0,0,0,0,0.00,0,0.00,0.00
세탁기_맞춤타겟_페스티벌 홍보,4645895,세탁기_전환_구독 페스티벌,1631448,2026.10.05.,네이버+ > 피드,35세 ~ 39세 남성,0,82,0,0,0,0.00,0,0,0,0,0,0,0,0,0,0,0,0,0,0,0,0,0,0,0,0,0,0,0,0,0,0,0,0,0,0,0,0,0,0,0,0,0,0,0,0,0,0,0,0,0,0,0.00,0,0.00,0.00
세탁기_맞춤타겟_페스티벌 홍보,4645895,세탁기_전환_구독 페스티벌,1631448,2026.10.05.,네이버+ > 피드,40세 ~ 44세 남성,1797,199,9030,1,1797,0.50,0,0,0,0,0,0,0,0,0,0,0,0,0,0,0,0,0,0,0,0,0,0,0,0,0,0,0,0,0,0,0,0,0,0,0,0,0,0,0,0,0,0,0,0,0,0,0.00,0,0.00,0.00
세탁기_맞춤타겟_페스티벌 홍보,4645895,세탁기_전환_구독 페스티벌,1631448,2026.10.05.,네이버+ > 피드,45세 ~ 49세 남성,10613,161,65918,8,1327,4.97,0,0,0,0,0,0,0,0,0,0,0,0,0,0,0,0,0,0,0,0,0,0,0,0,0,0,0,0,0,0,0,0,0,0,0,0,0,0,0,0,0,0,0,0,0,0,0.00,0,0.00,0.00
세탁기_맞춤타겟_페스티벌 홍보,4645895,세탁기_전환_구독 페스티벌,1631448,2026.10.05.,네이버+ > 피드,50세 ~ 54세 남성,5331,127,41976,4,1333,3.15,0,0,0,0,0,0,0,0,0,0,0,0,0,0,0,0,0,0,0,0,0,0,0,0,0,0,0,0,0,0,0,0,0,0,0,0,0,0,0,0,0,0,0,0,0,0,0.00,0,0.00,0.00
세탁기_맞춤타겟_페스티벌 홍보,4645895,세탁기_전환_구독 페스티벌,1631448,2026.10.05.,네이버+ > 피드,55세 ~ 59세 남성,2243,117,19168,3,748,2.56,0,0,0,0,0,0,0,0,0,0,0,0,0,0,0,0,0,0,0,0,0,0,0,0,0,0,0,0,0,0,0,0,0,0,0,0,0,0,0,0,0,0,0,0,0,0,0.00,0,0.00,0.00
세탁기_맞춤타겟_페스티벌 홍보,4645895,세탁기_전환_구독 페스티벌,1631448,2026.10.05.,네이버+ > 피드,60세 ~ 99세 남성,646,124,5212,2,323,1.61,0,0,0,0,0,0,0,0,0,0,0,0,0,0,0,0,0,0,0,0,0,0,0,0,0,0,0,0,0,0,0,0,0,0,0,0,0,0,0,0,0,0,0,0,0,0,0.00,0,0.00,0.00
세탁기_맞춤타겟_페스티벌 홍보,4645895,세탁기_전환_구독 페스티벌,1631448,2026.10.05.,네이버+ > 피드,알 수 없음,0,2,0,0,0,0.00,0,0,0,0,0,0,0,0,0,0,0,0,0,0,0,0,0,0,0,0,0,0,0,0,0,0,0,0,0,0,0,0,0,0,0,0,0,0,0,0,0,0,0,0,0,0,0.00,0,0.00,0.00
세탁기_맞춤타겟_페스티벌 홍보,4645895,세탁기_전환_구독 페스티벌,1631448,2026.10.05.,네이버+ > 네이버 메인,19세 ~ 24세 여성,0,1,0,0,0,0.00,0,0,0,0,0,0,0,0,0,0,0,0,0,0,0,0,0,0,0,0,0,0,0,0,0,0,0,0,0,0,0,0,0,0,0,0,0,0,0,0,0,0,0,0,0,0,0.00,0,0.00,0.00
세탁기_맞춤타겟_페스티벌 홍보,4645895,세탁기_전환_구독 페스티벌,1631448,2026.10.05.,네이버+ > 네이버 메인,25세 ~ 29세 여성,0,2,0,0,0,0.00,0,0,0,0,0,0,0,0,0,0,0,0,0,0,0,0,0,0,0,0,0,0,0,0,0,0,0,0,0,0,0,0,0,0,0,0,0,0,0,0,0,0,0,0,0,0,0.00,0,0.00,0.00
세탁기_맞춤타겟_페스티벌 홍보,4645895,세탁기_전환_구독 페스티벌,1631448,2026.10.05.,네이버+ > 네이버 메인,30세 ~ 34세 여성,0,10,0,0,0,0.00,0,0,0,0,0,0,0,0,0,0,0,0,0,0,0,0,0,0,0,0,0,0,0,0,0,0,0,0,0,0,0,0,0,0,0,0,0,0,0,0,0,0,0,0,0,0,0.00,0,0.00,0.00
세탁기_맞춤타겟_페스티벌 홍보,4645895,세탁기_전환_구독 페스티벌,1631448,2026.10.05.,네이버+ > 네이버 메인,35세 ~ 39세 여성,0,2,0,0,0,0.00,0,0,0,0,0,0,0,0,0,0,0,0,0,0,0,0,0,0,0,0,0,0,0,0,0,0,0,0,0,0,0,0,0,0,0,0,0,0,0,0,0,0,0,0,0,0,0.00,0,0.00,0.00
세탁기_맞춤타겟_페스티벌 홍보,4645895,세탁기_전환_구독 페스티벌,1631448,2026.10.05.,네이버+ > 네이버 메인,40세 ~ 44세 여성,0,6,0,0,0,0.00,0,0,0,0,0,0,0,0,0,0,0,0,0,0,0,0,0,0,0,0,0,0,0,0,0,0,0,0,0,0,0,0,0,0,0,0,0,0,0,0,0,0,0,0,0,0,0.00,0,0.00,0.00
세탁기_맞춤타겟_페스티벌 홍보,4645895,세탁기_전환_구독 페스티벌,1631448,2026.10.05.,네이버+ > 네이버 메인,45세 ~ 49세 여성,0,8,0,0,0,0.00,0,0,0,0,0,0,0,0,0,0,0,0,0,0,0,0,0,0,0,0,0,0,0,0,0,0,0,0,0,0,0,0,0,0,0,0,0,0,0,0,0,0,0,0,0,0,0.00,0,0.00,0.00
세탁기_맞춤타겟_페스티벌 홍보,4645895,세탁기_전환_구독 페스티벌,1631448,2026.10.05.,네이버+ > 네이버 메인,50세 ~ 54세 여성,732,10,73207,1,732,10.00,0,0,0,0,0,0,0,0,0,0,0,0,0,0,0,0,0,0,0,0,0,0,0,0,0,0,0,0,0,0,0,0,0,0,0,0,0,0,0,0,0,0,0,0,0,0,0.00,0,0.00,0.00
세탁기_맞춤타겟_페스티벌 홍보,4645895,세탁기_전환_구독 페스티벌,1631448,2026.10.05.,네이버+ > 네이버 메인,55세 ~ 59세 여성,0,3,0,0,0,0.00,0,0,0,0,0,0,0,0,0,0,0,0,0,0,0,0,0,0,0,0,0,0,0,0,0,0,0,0,0,0,0,0,0,0,0,0,0,0,0,0,0,0,0,0,0,0,0.00,0,0.00,0.00
세탁기_맞춤타겟_페스티벌 홍보,4645895,세탁기_전환_구독 페스티벌,1631448,2026.10.05.,네이버+ > 네이버 메인,60세 ~ 99세 여성,0,10,0,0,0,0.00,0,0,0,0,0,0,0,0,0,0,0,0,0,0,0,0,0,0,0,0,0,0,0,0,0,0,0,0,0,0,0,0,0,0,0,0,0,0,0,0,0,0,0,0,0,0,0.00,0,0.00,0.00
세탁기_맞춤타겟_페스티벌 홍보,4645895,세탁기_전환_구독 페스티벌,1631448,2026.10.05.,네이버+ > 네이버 메인,25세 ~ 29세 남성,0,11,0,0,0,0.00,0,0,0,0,0,0,0,0,0,0,0,0,0,0,0,0,0,0,0,0,0,0,0,0,0,0,0,0,0,0,0,0,0,0,0,0,0,0,0,0,0,0,0,0,0,0,0.00,0,0.00,0.00
세탁기_맞춤타겟_페스티벌 홍보,4645895,세탁기_전환_구독 페스티벌,1631448,2026.10.05.,네이버+ > 네이버 메인,30세 ~ 34세 남성,0,11,0,0,0,0.00,0,0,0,0,0,0,0,0,0,0,0,0,0,0,0,0,0,0,0,0,0,0,0,0,0,0,0,0,0,0,0,0,0,0,0,0,0,0,0,0,0,0,0,0,0,0,0.00,0,0.00,0.00
세탁기_맞춤타겟_페스티벌 홍보,4645895,세탁기_전환_구독 페스티벌,1631448,2026.10.05.,네이버+ > 네이버 메인,35세 ~ 39세 남성,801,22,36417,1,801,4.55,0,0,0,0,0,0,0,0,0,0,0,0,0,0,0,0,0,0,0,0,0,0,0,0,0,0,0,0,0,0,0,0,0,0,0,0,0,0,0,0,0,0,0,0,0,0,0.00,0,0.00,0.00
세탁기_맞춤타겟_페스티벌 홍보,4645895,세탁기_전환_구독 페스티벌,1631448,2026.10.05.,네이버+ > 네이버 메인,40세 ~ 44세 남성,0,25,0,0,0,0.00,0,0,0,0,0,0,0,0,0,0,0,0,0,0,0,0,0,0,0,0,0,0,0,0,0,0,0,0,0,0,0,0,0,0,0,0,0,0,0,0,0,0,0,0,0,0,0.00,0,0.00,0.00
세탁기_맞춤타겟_페스티벌 홍보,4645895,세탁기_전환_구독 페스티벌,1631448,2026.10.05.,네이버+ > 네이버 메인,45세 ~ 49세 남성,0,42,0,0,0,0.00,0,0,0,0,0,0,0,0,0,0,0,0,0,0,0,0,0,0,0,0,0,0,0,0,0,0,0,0,0,0,0,0,0,0,0,0,0,0,0,0,0,0,0,0,0,0,0.00,0,0.00,0.00
세탁기_맞춤타겟_페스티벌 홍보,4645895,세탁기_전환_구독 페스티벌,1631448,2026.10.05.,네이버+ > 네이버 메인,50세 ~ 54세 남성,0,19,0,0,0,0.00,0,0,0,0,0,0,0,0,0,0,0,0,0,0,0,0,0,0,0,0,0,0,0,0,0,0,0,0,0,0,0,0,0,0,0,0,0,0,0,0,0,0,0,0,0,0,0.00,0,0.00,0.00
세탁기_맞춤타겟_페스티벌 홍보,4645895,세탁기_전환_구독 페스티벌,1631448,2026.10.05.,네이버+ > 네이버 메인,55세 ~ 59세 남성,0,9,0,0,0,0.00,0,0,0,0,0,0,0,0,0,0,0,0,0,0,0,0,0,0,0,0,0,0,0,0,0,0,0,0,0,0,0,0,0,0,0,0,0,0,0,0,0,0,0,0,0,0,0.00,0,0.00,0.00
세탁기_맞춤타겟_페스티벌 홍보,4645895,세탁기_전환_구독 페스티벌,1631448,2026.10.05.,네이버+ > 네이버 메인,60세 ~ 99세 남성,1247,39,31962,1,1247,2.56,0,0,0,0,0,0,0,0,0,0,0,0,0,0,0,0,0,0,0,0,0,0,0,0,0,0,0,0,0,0,0,0,0,0,0,0,0,0,0,0,0,0,0,0,0,0,0.00,0,0.00,0.00
세탁기_맞춤타겟_페스티벌 홍보,4645895,세탁기_전환_구독 페스티벌,1631448,2026.10.05.,네이버+ > 네이버 메인,알 수 없음,0,1,0,0,0,0.00,0,0,0,0,0,0,0,0,0,0,0,0,0,0,0,0,0,0,0,0,0,0,0,0,0,0,0,0,0,0,0,0,0,0,0,0,0,0,0,0,0,0,0,0,0,0,0.00,0,0.00,0.00
세탁기_맞춤타겟_페스티벌 홍보,4645895,세탁기_전환_구독 페스티벌,1631448,2026.10.05.,네이버+ > 서비스 통합,35세 ~ 39세 여성,0,7,0,0,0,0.00,0,0,0,0,0,0,0,0,0,0,0,0,0,0,0,0,0,0,0,0,0,0,0,0,0,0,0,0,0,0,0,0,0,0,0,0,0,0,0,0,0,0,0,0,0,0,0.00,0,0.00,0.00
세탁기_맞춤타겟_페스티벌 홍보,4645895,세탁기_전환_구독 페스티벌,1631448,2026.10.05.,네이버+ > 서비스 통합,40세 ~ 44세 여성,0,5,0,0,0,0.00,0,0,0,0,0,0,0,0,0,0,0,0,0,0,0,0,0,0,0,0,0,0,0,0,0,0,0,0,0,0,0,0,0,0,0,0,0,0,0,0,0,0,0,0,0,0,0.00,0,0.00,0.00
세탁기_맞춤타겟_페스티벌 홍보,4645895,세탁기_전환_구독 페스티벌,1631448,2026.10.05.,네이버+ > 서비스 통합,45세 ~ 49세 여성,1165,11,105897,1,1165,9.09,0,0,0,0,0,0,0,0,0,0,0,0,0,0,0,0,0,0,0,0,0,0,0,0,0,0,0,0,0,0,0,0,0,0,0,0,0,0,0,0,0,0,0,0,0,0,0.00,0,0.00,0.00
세탁기_맞춤타겟_페스티벌 홍보,4645895,세탁기_전환_구독 페스티벌,1631448,2026.10.05.,네이버+ > 서비스 통합,50세 ~ 54세 여성,0,4,0,0,0,0.00,0,0,0,0,0,0,0,0,0,0,0,0,0,0,0,0,0,0,0,0,0,0,0,0,0,0,0,0,0,0,0,0,0,0,0,0,0,0,0,0,0,0,0,0,0,0,0.00,0,0.00,0.00
세탁기_맞춤타겟_페스티벌 홍보,4645895,세탁기_전환_구독 페스티벌,1631448,2026.10.05.,네이버+ > 서비스 통합,55세 ~ 59세 여성,0,6,0,0,0,0.00,0,0,0,0,0,0,0,0,0,0,0,0,0,0,0,0,0,0,0,0,0,0,0,0,0,0,0,0,0,0,0,0,0,0,0,0,0,0,0,0,0,0,0,0,0,0,0.00,0,0.00,0.00
세탁기_맞춤타겟_페스티벌 홍보,4645895,세탁기_전환_구독 페스티벌,1631448,2026.10.05.,네이버+ > 서비스 통합,60세 ~ 99세 여성,0,6,0,0,0,0.00,0,0,0,0,0,0,0,0,0,0,0,0,0,0,0,0,0,0,0,0,0,0,0,0,0,0,0,0,0,0,0,0,0,0,0,0,0,0,0,0,0,0,0,0,0,0,0.00,0,0.00,0.00
세탁기_맞춤타겟_페스티벌 홍보,4645895,세탁기_전환_구독 페스티벌,1631448,2026.10.05.,네이버+ > 서비스 통합,25세 ~ 29세 남성,0,2,0,0,0,0.00,0,0,0,0,0,0,0,0,0,0,0,0,0,0,0,0,0,0,0,0,0,0,0,0,0,0,0,0,0,0,0,0,0,0,0,0,0,0,0,0,0,0,0,0,0,0,0.00,0,0.00,0.00
세탁기_맞춤타겟_페스티벌 홍보,4645895,세탁기_전환_구독 페스티벌,1631448,2026.10.05.,네이버+ > 서비스 통합,30세 ~ 34세 남성,0,5,0,0,0,0.00,0,0,0,0,0,0,0,0,0,0,0,0,0,0,0,0,0,0,0,0,0,0,0,0,0,0,0,0,0,0,0,0,0,0,0,0,0,0,0,0,0,0,0,0,0,0,0.00,0,0.00,0.00
세탁기_맞춤타겟_페스티벌 홍보,4645895,세탁기_전환_구독 페스티벌,1631448,2026.10.05.,네이버+ > 서비스 통합,35세 ~ 39세 남성,486,8,60769,1,486,12.50,0,0,0,0,0,0,0,0,0,0,0,0,0,0,0,0,0,0,0,0,0,0,0,0,0,0,0,0,0,0,0,0,0,0,0,0,0,0,0,0,0,0,0,0,0,0,0.00,0,0.00,0.00
세탁기_맞춤타겟_페스티벌 홍보,4645895,세탁기_전환_구독 페스티벌,1631448,2026.10.05.,네이버+ > 서비스 통합,40세 ~ 44세 남성,1267,21,60325,1,1267,4.76,0,0,0,0,0,0,0,0,0,0,0,0,0,0,0,0,0,0,0,0,0,0,0,0,0,0,0,0,0,0,0,0,0,0,0,0,0,0,0,0,0,0,0,0,0,0,0.00,0,0.00,0.00
세탁기_맞춤타겟_페스티벌 홍보,4645895,세탁기_전환_구독 페스티벌,1631448,2026.10.05.,네이버+ > 서비스 통합,45세 ~ 49세 남성,0,12,0,0,0,0.00,0,0,0,0,0,0,0,0,0,0,0,0,0,0,0,0,0,0,0,0,0,0,0,0,0,0,0,0,0,0,0,0,0,0,0,0,0,0,0,0,0,0,0,0,0,0,0.00,0,0.00,0.00
세탁기_맞춤타겟_페스티벌 홍보,4645895,세탁기_전환_구독 페스티벌,1631448,2026.10.05.,네이버+ > 서비스 통합,50세 ~ 54세 남성,0,20,0,0,0,0.00,0,0,0,0,0,0,0,0,0,0,0,0,0,0,0,0,0,0,0,0,0,0,0,0,0,0,0,0,0,0,0,0,0,0,0,0,0,0,0,0,0,0,0,0,0,0,0.00,0,0.00,0.00
세탁기_맞춤타겟_페스티벌 홍보,4645895,세탁기_전환_구독 페스티벌,1631448,2026.10.05.,네이버+ > 서비스 통합,55세 ~ 59세 남성,0,10,0,0,0,0.00,0,0,0,0,0,0,0,0,0,0,0,0,0,0,0,0,0,0,0,0,0,0,0,0,0,0,0,0,0,0,0,0,0,0,0,0,0,0,0,0,0,0,0,0,0,0,0.00,0,0.00,0.00
세탁기_맞춤타겟_페스티벌 홍보,4645895,세탁기_전환_구독 페스티벌,1631448,2026.10.05.,네이버+ > 서비스 통합,60세 ~ 99세 남성,0,9,0,0,0,0.00,0,0,0,0,0,0,0,0,0,0,0,0,0,0,0,0,0,0,0,0,0,0,0,0,0,0,0,0,0,0,0,0,0,0,0,0,0,0,0,0,0,0,0,0,0,0,0.00,0,0.00,0.00
세탁기_맞춤타겟_페스티벌 홍보,4645895,세탁기_전환_구독 페스티벌,1631448,2026.10.04.,네이버+ > 피드,19세 ~ 24세 여성,0,7,0,0,0,0.00,0,0,0,0,0,0,0,0,0,0,0,0,0,0,0,0,0,0,0,0,0,0,0,0,0,0,0,0,0,0,0,0,0,0,0,0,0,0,0,0,0,0,0,0,0,0,0.00,0,0.00,0.00
세탁기_맞춤타겟_페스티벌 홍보,4645895,세탁기_전환_구독 페스티벌,1631448,2026.10.04.,네이버+ > 피드,25세 ~ 29세 여성,0,31,0,0,0,0.00,0,0,0,0,0,0,0,0,0,0,0,0,0,0,0,0,0,0,0,0,0,0,0,0,0,0,0,0,0,0,0,0,0,0,0,0,0,0,0,0,0,0,0,0,0,0,0.00,0,0.00,0.00
세탁기_맞춤타겟_페스티벌 홍보,4645895,세탁기_전환_구독 페스티벌,1631448,2026.10.04.,네이버+ > 피드,30세 ~ 34세 여성,0,53,0,0,0,0.00,0,0,0,0,0,0,0,0,0,0,0,0,0,0,0,0,0,0,0,0,0,0,0,0,0,0,0,0,0,0,0,0,0,0,0,0,0,0,0,0,0,0,0,0,0,0,0.00,0,0.00,0.00
세탁기_맞춤타겟_페스티벌 홍보,4645895,세탁기_전환_구독 페스티벌,1631448,2026.10.04.,네이버+ > 피드,35세 ~ 39세 여성,3013,68,44315,2,1507,2.94,0,0,0,0,0,0,0,0,0,0,0,0,0,0,0,0,0,0,0,0,0,0,0,0,0,0,0,0,0,0,0,0,0,0,0,0,0,0,0,0,0,0,0,0,0,0,0.00,0,0.00,0.00
세탁기_맞춤타겟_페스티벌 홍보,4645895,세탁기_전환_구독 페스티벌,1631448,2026.10.04.,네이버+ > 피드,40세 ~ 44세 여성,6988,129,54172,4,1747,3.10,0,0,0,0,0,0,0,0,0,0,0,0,0,0,0,0,0,0,0,0,0,0,0,0,0,0,0,0,0,0,0,0,0,0,0,0,0,0,0,0,0,0,0,0,0,0,0.00,0,0.00,0.00
세탁기_맞춤타겟_페스티벌 홍보,4645895,세탁기_전환_구독 페스티벌,1631448,2026.10.04.,네이버+ > 피드,45세 ~ 49세 여성,3681,140,26293,3,1227,2.14,0,0,0,0,0,0,0,0,0,0,0,0,0,0,0,0,0,0,0,0,0,0,0,0,0,0,0,0,0,0,0,0,0,0,0,0,0,0,0,0,0,0,0,0,0,0,0.00,0,0.00,0.00
세탁기_맞춤타겟_페스티벌 홍보,4645895,세탁기_전환_구독 페스티벌,1631448,2026.10.04.,네이버+ > 피드,50세 ~ 54세 여성,1074,114,9419,1,1074,0.88,0,0,0,0,0,0,0,0,0,0,0,0,0,0,0,0,0,0,0,0,0,0,0,0,0,0,0,0,0,0,0,0,0,0,0,0,0,0,0,0,0,0,0,0,0,0,0.00,0,0.00,0.00
세탁기_맞춤타겟_페스티벌 홍보,4645895,세탁기_전환_구독 페스티벌,1631448,2026.10.04.,네이버+ > 피드,55세 ~ 59세 여성,3927,100,39268,4,982,4.00,0,0,0,0,0,0,0,0,0,0,0,0,0,0,0,0,0,0,0,0,0,0,0,0,0,0,0,0,0,0,0,0,0,0,0,0,0,0,0,0,0,0,0,0,0,0,0.00,0,0.00,0.00
세탁기_맞춤타겟_페스티벌 홍보,4645895,세탁기_전환_구독 페스티벌,1631448,2026.10.04.,네이버+ > 피드,60세 ~ 99세 여성,2145,86,24944,4,536,4.65,0,0,0,0,0,0,0,0,0,0,0,0,0,0,0,0,0,0,0,0,0,0,0,0,0,0,0,0,0,0,0,0,0,0,0,0,0,0,0,0,0,0,0,0,0,0,0.00,0,0.00,0.00
세탁기_맞춤타겟_페스티벌 홍보,4645895,세탁기_전환_구독 페스티벌,1631448,2026.10.04.,네이버+ > 피드,25세 ~ 29세 남성,367,19,19324,1,367,5.26,0,0,0,0,0,0,0,0,0,0,0,0,0,0,0,0,0,0,0,0,0,0,0,0,0,0,0,0,0,0,0,0,0,0,0,0,0,0,0,0,0,0,0,0,0,0,0.00,0,0.00,0.00
세탁기_맞춤타겟_페스티벌 홍보,4645895,세탁기_전환_구독 페스티벌,1631448,2026.10.04.,네이버+ > 피드,30세 ~ 34세 남성,1393,58,24015,1,1393,1.72,0,0,0,0,0,0,0,0,0,0,0,0,0,0,0,0,0,0,0,0,0,0,0,0,0,0,0,0,0,0,0,0,0,0,0,0,0,0,0,0,0,0,0,0,0,0,0.00,0,0.00,0.00
세탁기_맞춤타겟_페스티벌 홍보,4645895,세탁기_전환_구독 페스티벌,1631448,2026.10.04.,네이버+ > 피드,35세 ~ 39세 남성,626,81,7727,1,626,1.23,0,0,0,0,0,0,0,0,0,0,0,0,0,0,0,0,0,0,0,0,0,0,0,0,0,0,0,0,0,0,0,0,0,0,0,0,0,0,0,0,0,0,0,0,0,0,0.00,0,0.00,0.00
세탁기_맞춤타겟_페스티벌 홍보,4645895,세탁기_전환_구독 페스티벌,1631448,2026.10.04.,네이버+ > 피드,40세 ~ 44세 남성,689,131,5260,1,689,0.76,0,0,0,0,0,0,0,0,0,0,0,0,0,0,0,0,0,0,0,0,0,0,0,0,0,0,0,0,0,0,0,0,0,0,0,0,0,0,0,0,0,0,0,0,0,0,0.00,0,0.00,0.00
세탁기_맞춤타겟_페스티벌 홍보,4645895,세탁기_전환_구독 페스티벌,1631448,2026.10.04.,네이버+ > 피드,45세 ~ 49세 남성,6102,198,30819,5,1220,2.53,0,0,0,0,0,0,0,0,0,0,0,0,0,0,0,0,0,0,0,0,0,0,0,0,0,0,0,0,0,0,0,0,0,0,0,0,0,0,0,0,0,0,0,0,0,0,0.00,0,0.00,0.00
세탁기_맞춤타겟_페스티벌 홍보,4645895,세탁기_전환_구독 페스티벌,1631448,2026.10.04.,네이버+ > 피드,50세 ~ 54세 남성,3316,131,25315,2,1658,1.53,0,0,0,0,0,0,0,0,0,0,0,0,0,0,0,0,0,0,0,0,0,0,0,0,0,0,0,0,0,0,0,0,0,0,0,0,0,0,0,0,0,0,0,0,0,0,0.00,0,0.00,0.00
세탁기_맞춤타겟_페스티벌 홍보,4645895,세탁기_전환_구독 페스티벌,1631448,2026.10.04.,네이버+ > 피드,55세 ~ 59세 남성,2615,71,36837,2,1308,2.82,0,0,0,0,0,0,0,0,0,0,0,0,0,0,0,0,0,0,0,0,0,0,0,0,0,0,0,0,0,0,0,0,0,0,0,0,0,0,0,0,0,0,0,0,0,0,0.00,0,0.00,0.00
세탁기_맞춤타겟_페스티벌 홍보,4645895,세탁기_전환_구독 페스티벌,1631448,2026.10.04.,네이버+ > 피드,60세 ~ 99세 남성,1164,100,11640,2,582,2.00,0,0,0,0,0,0,0,0,0,0,0,0,0,0,0,0,0,0,0,0,0,0,0,0,0,0,0,0,0,0,0,0,0,0,0,0,0,0,0,0,0,0,0,0,0,0,0.00,0,0.00,0.00
세탁기_맞춤타겟_페스티벌 홍보,4645895,세탁기_전환_구독 페스티벌,1631448,2026.10.04.,네이버+ > 피드,알 수 없음,0,1,0,0,0,0.00,0,0,0,0,0,0,0,0,0,0,0,0,0,0,0,0,0,0,0,0,0,0,0,0,0,0,0,0,0,0,0,0,0,0,0,0,0,0,0,0,0,0,0,0,0,0,0.00,0,0.00,0.00
세탁기_맞춤타겟_페스티벌 홍보,4645895,세탁기_전환_구독 페스티벌,1631448,2026.10.04.,네이버+ > 네이버 메인,25세 ~ 29세 여성,0,1,0,0,0,0.00,0,0,0,0,0,0,0,0,0,0,0,0,0,0,0,0,0,0,0,0,0,0,0,0,0,0,0,0,0,0,0,0,0,0,0,0,0,0,0,0,0,0,0,0,0,0,0.00,0,0.00,0.00
세탁기_맞춤타겟_페스티벌 홍보,4645895,세탁기_전환_구독 페스티벌,1631448,2026.10.04.,네이버+ > 네이버 메인,30세 ~ 34세 여성,0,5,0,0,0,0.00,0,0,0,0,0,0,0,0,0,0,0,0,0,0,0,0,0,0,0,0,0,0,0,0,0,0,0,0,0,0,0,0,0,0,0,0,0,0,0,0,0,0,0,0,0,0,0.00,0,0.00,0.00
세탁기_맞춤타겟_페스티벌 홍보,4645895,세탁기_전환_구독 페스티벌,1631448,2026.10.04.,네이버+ > 네이버 메인,35세 ~ 39세 여성,0,3,0,0,0,0.00,0,0,0,0,0,0,0,0,0,0,0,0,0,0,0,0,0,0,0,0,0,0,0,0,0,0,0,0,0,0,0,0,0,0,0,0,0,0,0,0,0,0,0,0,0,0,0.00,0,0.00,0.00
세탁기_맞춤타겟_페스티벌 홍보,4645895,세탁기_전환_구독 페스티벌,1631448,2026.10.04.,네이버+ > 네이버 메인,40세 ~ 44세 여성,0,5,0,0,0,0.00,0,0,0,0,0,0,0,0,0,0,0,0,0,0,0,0,0,0,0,0,0,0,0,0,0,0,0,0,0,0,0,0,0,0,0,0,0,0,0,0,0,0,0,0,0,0,0.00,0,0.00,0.00
세탁기_맞춤타겟_페스티벌 홍보,4645895,세탁기_전환_구독 페스티벌,1631448,2026.10.04.,네이버+ > 네이버 메인,45세 ~ 49세 여성,0,7,0,0,0,0.00,0,0,0,0,0,0,0,0,0,0,0,0,0,0,0,0,0,0,0,0,0,0,0,0,0,0,0,0,0,0,0,0,0,0,0,0,0,0,0,0,0,0,0,0,0,0,0.00,0,0.00,0.00
세탁기_맞춤타겟_페스티벌 홍보,4645895,세탁기_전환_구독 페스티벌,1631448,2026.10.04.,네이버+ > 네이버 메인,50세 ~ 54세 여성,0,8,0,0,0,0.00,0,0,0,0,0,0,0,0,0,0,0,0,0,0,0,0,0,0,0,0,0,0,0,0,0,0,0,0,0,0,0,0,0,0,0,0,0,0,0,0,0,0,0,0,0,0,0.00,0,0.00,0.00
세탁기_맞춤타겟_페스티벌 홍보,4645895,세탁기_전환_구독 페스티벌,1631448,2026.10.04.,네이버+ > 네이버 메인,55세 ~ 59세 여성,0,7,0,0,0,0.00,0,0,0,0,0,0,0,0,0,0,0,0,0,0,0,0,0,0,0,0,0,0,0,0,0,0,0,0,0,0,0,0,0,0,0,0,0,0,0,0,0,0,0,0,0,0,0.00,0,0.00,0.00
세탁기_맞춤타겟_페스티벌 홍보,4645895,세탁기_전환_구독 페스티벌,1631448,2026.10.04.,네이버+ > 네이버 메인,60세 ~ 99세 여성,0,9,0,0,0,0.00,0,0,0,0,0,0,0,0,0,0,0,0,0,0,0,0,0,0,0,0,0,0,0,0,0,0,0,0,0,0,0,0,0,0,0,0,0,0,0,0,0,0,0,0,0,0,0.00,0,0.00,0.00
세탁기_맞춤타겟_페스티벌 홍보,4645895,세탁기_전환_구독 페스티벌,1631448,2026.10.04.,네이버+ > 네이버 메인,19세 ~ 24세 남성,0,2,0,0,0,0.00,0,0,0,0,0,0,0,0,0,0,0,0,0,0,0,0,0,0,0,0,0,0,0,0,0,0,0,0,0,0,0,0,0,0,0,0,0,0,0,0,0,0,0,0,0,0,0.00,0,0.00,0.00
세탁기_맞춤타겟_페스티벌 홍보,4645895,세탁기_전환_구독 페스티벌,1631448,2026.10.04.,네이버+ > 네이버 메인,25세 ~ 29세 남성,0,8,0,0,0,0.00,0,0,0,0,0,0,0,0,0,0,0,0,0,0,0,0,0,0,0,0,0,0,0,0,0,0,0,0,0,0,0,0,0,0,0,0,0,0,0,0,0,0,0,0,0,0,0.00,0,0.00,0.00
세탁기_맞춤타겟_페스티벌 홍보,4645895,세탁기_전환_구독 페스티벌,1631448,2026.10.04.,네이버+ > 네이버 메인,30세 ~ 34세 남성,0,13,0,0,0,0.00,0,0,0,0,0,0,0,0,0,0,0,0,0,0,0,0,0,0,0,0,0,0,0,0,0,0,0,0,0,0,0,0,0,0,0,0,0,0,0,0,0,0,0,0,0,0,0.00,0,0.00,0.00
세탁기_맞춤타겟_페스티벌 홍보,4645895,세탁기_전환_구독 페스티벌,1631448,2026.10.04.,네이버+ > 네이버 메인,35세 ~ 39세 남성,0,22,0,0,0,0.00,0,0,0,0,0,0,0,0,0,0,0,0,0,0,0,0,0,0,0,0,0,0,0,0,0,0,0,0,0,0,0,0,0,0,0,0,0,0,0,0,0,0,0,0,0,0,0.00,0,0.00,0.00
세탁기_맞춤타겟_페스티벌 홍보,4645895,세탁기_전환_구독 페스티벌,1631448,2026.10.04.,네이버+ > 네이버 메인,40세 ~ 44세 남성,885,31,28533,1,885,3.23,0,0,0,0,0,0,0,0,0,0,0,0,0,0,0,0,0,0,0,0,0,0,0,0,0,0,0,0,0,0,0,0,0,0,0,0,0,0,0,0,0,0,0,0,0,0,0.00,0,0.00,0.00
세탁기_맞춤타겟_페스티벌 홍보,4645895,세탁기_전환_구독 페스티벌,1631448,2026.10.04.,네이버+ > 네이버 메인,45세 ~ 49세 남성,0,21,0,0,0,0.00,0,0,0,0,0,0,0,0,0,0,0,0,0,0,0,0,0,0,0,0,0,0,0,0,0,0,0,0,0,0,0,0,0,0,0,0,0,0,0,0,0,0,0,0,0,0,0.00,0,0.00,0.00
세탁기_맞춤타겟_페스티벌 홍보,4645895,세탁기_전환_구독 페스티벌,1631448,2026.10.04.,네이버+ > 네이버 메인,50세 ~ 54세 남성,1621,23,70486,1,1621,4.35,0,0,0,0,0,0,0,0,0,0,0,0,0,0,0,0,0,0,0,0,0,0,0,0,0,0,0,0,0,0,0,0,0,0,0,0,0,0,0,0,0,0,0,0,0,0,0.00,0,0.00,0.00
세탁기_맞춤타겟_페스티벌 홍보,4645895,세탁기_전환_구독 페스티벌,1631448,2026.10.04.,네이버+ > 네이버 메인,55세 ~ 59세 남성,0,16,0,0,0,0.00,0,0,0,0,0,0,0,0,0,0,0,0,0,0,0,0,0,0,0,0,0,0,0,0,0,0,0,0,0,0,0,0,0,0,0,0,0,0,0,0,0,0,0,0,0,0,0.00,0,0.00,0.00
세탁기_맞춤타겟_페스티벌 홍보,4645895,세탁기_전환_구독 페스티벌,1631448,2026.10.04.,네이버+ > 네이버 메인,60세 ~ 99세 남성,0,17,0,0,0,0.00,0,0,0,0,0,0,0,0,0,0,0,0,0,0,0,0,0,0,0,0,0,0,0,0,0,0,0,0,0,0,0,0,0,0,0,0,0,0,0,0,0,0,0,0,0,0,0.00,0,0.00,0.00
세탁기_맞춤타겟_페스티벌 홍보,4645895,세탁기_전환_구독 페스티벌,1631448,2026.10.04.,네이버+ > 네이버 메인,알 수 없음,0,1,0,0,0,0.00,0,0,0,0,0,0,0,0,0,0,0,0,0,0,0,0,0,0,0,0,0,0,0,0,0,0,0,0,0,0,0,0,0,0,0,0,0,0,0,0,0,0,0,0,0,0,0.00,0,0.00,0.00
세탁기_맞춤타겟_페스티벌 홍보,4645895,세탁기_전환_구독 페스티벌,1631448,2026.10.04.,네이버+ > 서비스 통합,25세 ~ 29세 여성,0,1,0,0,0,0.00,0,0,0,0,0,0,0,0,0,0,0,0,0,0,0,0,0,0,0,0,0,0,0,0,0,0,0,0,0,0,0,0,0,0,0,0,0,0,0,0,0,0,0,0,0,0,0.00,0,0.00,0.00
세탁기_맞춤타겟_페스티벌 홍보,4645895,세탁기_전환_구독 페스티벌,1631448,2026.10.04.,네이버+ > 서비스 통합,30세 ~ 34세 여성,0,6,0,0,0,0.00,0,0,0,0,0,0,0,0,0,0,0,0,0,0,0,0,0,0,0,0,0,0,0,0,0,0,0,0,0,0,0,0,0,0,0,0,0,0,0,0,0,0,0,0,0,0,0.00,0,0.00,0.00
세탁기_맞춤타겟_페스티벌 홍보,4645895,세탁기_전환_구독 페스티벌,1631448,2026.10.04.,네이버+ > 서비스 통합,35세 ~ 39세 여성,0,3,0,0,0,0.00,0,0,0,0,0,0,0,0,0,0,0,0,0,0,0,0,0,0,0,0,0,0,0,0,0,0,0,0,0,0,0,0,0,0,0,0,0,0,0,0,0,0,0,0,0,0,0.00,0,0.00,0.00
세탁기_맞춤타겟_페스티벌 홍보,4645895,세탁기_전환_구독 페스티벌,1631448,2026.10.04.,네이버+ > 서비스 통합,40세 ~ 44세 여성,0,11,0,0,0,0.00,0,0,0,0,0,0,0,0,0,0,0,0,0,0,0,0,0,0,0,0,0,0,0,0,0,0,0,0,0,0,0,0,0,0,0,0,0,0,0,0,0,0,0,0,0,0,0.00,0,0.00,0.00
세탁기_맞춤타겟_페스티벌 홍보,4645895,세탁기_전환_구독 페스티벌,1631448,2026.10.04.,네이버+ > 서비스 통합,45세 ~ 49세 여성,0,16,0,0,0,0.00,0,0,0,0,0,0,0,0,0,0,0,0,0,0,0,0,0,0,0,0,0,0,0,0,0,0,0,0,0,0,0,0,0,0,0,0,0,0,0,0,0,0,0,0,0,0,0.00,0,0.00,0.00
세탁기_맞춤타겟_페스티벌 홍보,4645895,세탁기_전환_구독 페스티벌,1631448,2026.10.04.,네이버+ > 서비스 통합,50세 ~ 54세 여성,0,11,0,0,0,0.00,0,0,0,0,0,0,0,0,0,0,0,0,0,0,0,0,0,0,0,0,0,0,0,0,0,0,0,0,0,0,0,0,0,0,0,0,0,0,0,0,0,0,0,0,0,0,0.00,0,0.00,0.00
세탁기_맞춤타겟_페스티벌 홍보,4645895,세탁기_전환_구독 페스티벌,1631448,2026.10.04.,네이버+ > 서비스 통합,55세 ~ 59세 여성,0,6,0,0,0,0.00,0,0,0,0,0,0,0,0,0,0,0,0,0,0,0,0,0,0,0,0,0,0,0,0,0,0,0,0,0,0,0,0,0,0,0,0,0,0,0,0,0,0,0,0,0,0,0.00,0,0.00,0.00
세탁기_맞춤타겟_페스티벌 홍보,4645895,세탁기_전환_구독 페스티벌,1631448,2026.10.04.,네이버+ > 서비스 통합,60세 ~ 99세 여성,0,9,0,0,0,0.00,0,0,0,0,0,0,0,0,0,0,0,0,0,0,0,0,0,0,0,0,0,0,0,0,0,0,0,0,0,0,0,0,0,0,0,0,0,0,0,0,0,0,0,0,0,0,0.00,0,0.00,0.00
세탁기_맞춤타겟_페스티벌 홍보,4645895,세탁기_전환_구독 페스티벌,1631448,2026.10.04.,네이버+ > 서비스 통합,25세 ~ 29세 남성,0,4,0,0,0,0.00,0,0,0,0,0,0,0,0,0,0,0,0,0,0,0,0,0,0,0,0,0,0,0,0,0,0,0,0,0,0,0,0,0,0,0,0,0,0,0,0,0,0,0,0,0,0,0.00,0,0.00,0.00
세탁기_맞춤타겟_페스티벌 홍보,4645895,세탁기_전환_구독 페스티벌,1631448,2026.10.04.,네이버+ > 서비스 통합,30세 ~ 34세 남성,0,11,0,0,0,0.00,0,0,0,0,0,0,0,0,0,0,0,0,0,0,0,0,0,0,0,0,0,0,0,0,0,0,0,0,0,0,0,0,0,0,0,0,0,0,0,0,0,0,0,0,0,0,0.00,0,0.00,0.00
세탁기_맞춤타겟_페스티벌 홍보,4645895,세탁기_전환_구독 페스티벌,1631448,2026.10.04.,네이버+ > 서비스 통합,35세 ~ 39세 남성,0,7,0,0,0,0.00,0,0,0,0,0,0,0,0,0,0,0,0,0,0,0,0,0,0,0,0,0,0,0,0,0,0,0,0,0,0,0,0,0,0,0,0,0,0,0,0,0,0,0,0,0,0,0.00,0,0.00,0.00
세탁기_맞춤타겟_페스티벌 홍보,4645895,세탁기_전환_구독 페스티벌,1631448,2026.10.04.,네이버+ > 서비스 통합,40세 ~ 44세 남성,0,26,0,0,0,0.00,0,0,0,0,0,0,0,0,0,0,0,0,0,0,0,0,0,0,0,0,0,0,0,0,0,0,0,0,0,0,0,0,0,0,0,0,0,0,0,0,0,0,0,0,0,0,0.00,0,0.00,0.00
세탁기_맞춤타겟_페스티벌 홍보,4645895,세탁기_전환_구독 페스티벌,1631448,2026.10.04.,네이버+ > 서비스 통합,45세 ~ 49세 남성,0,24,0,0,0,0.00,0,0,0,0,0,0,0,0,0,0,0,0,0,0,0,0,0,0,0,0,0,0,0,0,0,0,0,0,0,0,0,0,0,0,0,0,0,0,0,0,0,0,0,0,0,0,0.00,0,0.00,0.00
세탁기_맞춤타겟_페스티벌 홍보,4645895,세탁기_전환_구독 페스티벌,1631448,2026.10.04.,네이버+ > 서비스 통합,50세 ~ 54세 남성,0,18,0,0,0,0.00,0,0,0,0,0,0,0,0,0,0,0,0,0,0,0,0,0,0,0,0,0,0,0,0,0,0,0,0,0,0,0,0,0,0,0,0,0,0,0,0,0,0,0,0,0,0,0.00,0,0.00,0.00
세탁기_맞춤타겟_페스티벌 홍보,4645895,세탁기_전환_구독 페스티벌,1631448,2026.10.04.,네이버+ > 서비스 통합,55세 ~ 59세 남성,0,19,0,0,0,0.00,0,0,0,0,0,0,0,0,0,0,0,0,0,0,0,0,0,0,0,0,0,0,0,0,0,0,0,0,0,0,0,0,0,0,0,0,0,0,0,0,0,0,0,0,0,0,0.00,0,0.00,0.00
세탁기_맞춤타겟_페스티벌 홍보,4645895,세탁기_전환_구독 페스티벌,1631448,2026.10.04.,네이버+ > 서비스 통합,60세 ~ 99세 남성,0,10,0,0,0,0.00,0,0,0,0,0,0,0,0,0,0,0,0,0,0,0,0,0,0,0,0,0,0,0,0,0,0,0,0,0,0,0,0,0,0,0,0,0,0,0,0,0,0,0,0,0,0,0.00,0,0.00,0.00
세탁기_맞춤타겟_페스티벌 홍보,4645895,세탁기_전환_구독 페스티벌,1631448,2026.10.03.,네이버+ > 피드,14세 ~ 18세 여성,0,1,0,0,0,0.00,0,0,0,0,0,0,0,0,0,0,0,0,0,0,0,0,0,0,0,0,0,0,0,0,0,0,0,0,0,0,0,0,0,0,0,0,0,0,0,0,0,0,0,0,0,0,0.00,0,0.00,0.00
세탁기_맞춤타겟_페스티벌 홍보,4645895,세탁기_전환_구독 페스티벌,1631448,2026.10.03.,네이버+ > 피드,19세 ~ 24세 여성,0,14,0,0,0,0.00,0,0,0,0,0,0,0,0,0,0,0,0,0,0,0,0,0,0,0,0,0,0,0,0,0,0,0,0,0,0,0,0,0,0,0,0,0,0,0,0,0,0,0,0,0,0,0.00,0,0.00,0.00
세탁기_맞춤타겟_페스티벌 홍보,4645895,세탁기_전환_구독 페스티벌,1631448,2026.10.03.,네이버+ > 피드,25세 ~ 29세 여성,0,54,0,0,0,0.00,0,0,0,0,0,0,0,0,0,0,0,0,0,0,0,0,0,0,0,0,0,0,0,0,0,0,0,0,0,0,0,0,0,0,0,0,0,0,0,0,0,0,0,0,0,0,0.00,0,0.00,0.00
세탁기_맞춤타겟_페스티벌 홍보,4645895,세탁기_전환_구독 페스티벌,1631448,2026.10.03.,네이버+ > 피드,30세 ~ 34세 여성,0,99,0,0,0,0.00,0,0,0,0,0,0,0,0,0,0,0,0,0,0,0,0,0,0,0,0,0,0,0,0,0,0,0,0,0,0,0,0,0,0,0,0,0,0,0,0,0,0,0,0,0,0,0.00,0,0.00,0.00
세탁기_맞춤타겟_페스티벌 홍보,4645895,세탁기_전환_구독 페스티벌,1631448,2026.10.03.,네이버+ > 피드,35세 ~ 39세 여성,0,117,0,0,0,0.00,0,0,0,0,0,0,0,0,0,0,0,0,0,0,0,0,0,0,0,0,0,0,0,0,0,0,0,0,0,0,0,0,0,0,0,0,0,0,0,0,0,0,0,0,0,0,0.00,0,0.00,0.00
세탁기_맞춤타겟_페스티벌 홍보,4645895,세탁기_전환_구독 페스티벌,1631448,2026.10.03.,네이버+ > 피드,40세 ~ 44세 여성,1654,187,8846,1,1654,0.53,0,0,0,0,0,0,0,0,0,0,0,0,0,0,0,0,0,0,0,0,0,0,0,0,0,0,0,0,0,0,0,0,0,0,0,0,0,0,0,0,0,0,0,0,0,0,0.00,0,0.00,0.00
세탁기_맞춤타겟_페스티벌 홍보,4645895,세탁기_전환_구독 페스티벌,1631448,2026.10.03.,네이버+ > 피드,45세 ~ 49세 여성,733,184,3985,1,733,0.54,0,0,0,0,0,0,0,0,0,0,0,0,0,0,0,0,0,0,0,0,0,0,0,0,0,0,0,0,0,0,0,0,0,0,0,0,0,0,0,0,0,0,0,0,0,0,0.00,0,0.00,0.00
세탁기_맞춤타겟_페스티벌 홍보,4645895,세탁기_전환_구독 페스티벌,1631448,2026.10.03.,네이버+ > 피드,50세 ~ 54세 여성,1494,141,10595,1,1494,0.71,0,0,0,0,0,0,0,0,0,0,0,0,0,0,0,0,0,0,0,0,0,0,0,0,0,0,0,0,0,0,0,0,0,0,0,0,0,0,0,0,0,0,0,0,0,0,0.00,0,0.00,0.00
세탁기_맞춤타겟_페스티벌 홍보,4645895,세탁기_전환_구독 페스티벌,1631448,2026.10.03.,네이버+ > 피드,55세 ~ 59세 여성,0,95,0,0,0,0.00,0,0,0,0,0,0,0,0,0,0,0,0,0,0,0,0,0,0,0,0,0,0,0,0,0,0,0,0,0,0,0,0,0,0,0,0,0,0,0,0,0,0,0,0,0,0,0.00,0,0.00,0.00
세탁기_맞춤타겟_페스티벌 홍보,4645895,세탁기_전환_구독 페스티벌,1631448,2026.10.03.,네이버+ > 피드,60세 ~ 99세 여성,0,99,0,0,0,0.00,0,0,0,0,0,0,0,0,0,0,0,0,0,0,0,0,0,0,0,0,0,0,0,0,0,0,0,0,0,0,0,0,0,0,0,0,0,0,0,0,0,0,0,0,0,0,0.00,0,0.00,0.00
세탁기_맞춤타겟_페스티벌 홍보,4645895,세탁기_전환_구독 페스티벌,1631448,2026.10.03.,네이버+ > 피드,14세 ~ 18세 남성,0,1,0,0,0,0.00,0,0,0,0,0,0,0,0,0,0,0,0,0,0,0,0,0,0,0,0,0,0,0,0,0,0,0,0,0,0,0,0,0,0,0,0,0,0,0,0,0,0,0,0,0,0,0.00,0,0.00,0.00
세탁기_맞춤타겟_페스티벌 홍보,4645895,세탁기_전환_구독 페스티벌,1631448,2026.10.03.,네이버+ > 피드,19세 ~ 24세 남성,0,5,0,0,0,0.00,0,0,0,0,0,0,0,0,0,0,0,0,0,0,0,0,0,0,0,0,0,0,0,0,0,0,0,0,0,0,0,0,0,0,0,0,0,0,0,0,0,0,0,0,0,0,0.00,0,0.00,0.00
세탁기_맞춤타겟_페스티벌 홍보,4645895,세탁기_전환_구독 페스티벌,1631448,2026.10.03.,네이버+ > 피드,25세 ~ 29세 남성,0,15,0,0,0,0.00,0,0,0,0,0,0,0,0,0,0,0,0,0,0,0,0,0,0,0,0,0,0,0,0,0,0,0,0,0,0,0,0,0,0,0,0,0,0,0,0,0,0,0,0,0,0,0.00,0,0.00,0.00
세탁기_맞춤타겟_페스티벌 홍보,4645895,세탁기_전환_구독 페스티벌,1631448,2026.10.03.,네이버+ > 피드,30세 ~ 34세 남성,0,36,0,0,0,0.00,0,0,0,0,0,0,0,0,0,0,0,0,0,0,0,0,0,0,0,0,0,0,0,0,0,0,0,0,0,0,0,0,0,0,0,0,0,0,0,0,0,0,0,0,0,0,0.00,0,0.00,0.00
세탁기_맞춤타겟_페스티벌 홍보,4645895,세탁기_전환_구독 페스티벌,1631448,2026.10.03.,네이버+ > 피드,35세 ~ 39세 남성,1206,78,15466,2,603,2.56,0,0,0,0,0,0,0,0,0,0,0,0,0,0,0,0,0,0,0,0,0,0,0,0,0,0,0,0,0,0,0,0,0,0,0,0,0,0,0,0,0,0,0,0,0,0,0.00,0,0.00,0.00
세탁기_맞춤타겟_페스티벌 홍보,4645895,세탁기_전환_구독 페스티벌,1631448,2026.10.03.,네이버+ > 피드,40세 ~ 44세 남성,4907,142,34556,5,981,3.52,0,0,0,0,0,0,0,0,0,0,0,0,0,0,0,0,0,0,0,0,0,0,0,0,0,0,0,0,0,0,0,0,0,0,0,0,0,0,0,0,0,0,0,0,0,0,0.00,0,0.00,0.00
세탁기_맞춤타겟_페스티벌 홍보,4645895,세탁기_전환_구독 페스티벌,1631448,2026.10.03.,네이버+ > 피드,45세 ~ 49세 남성,2303,161,14306,2,1152,1.24,0,0,0,0,0,0,0,0,0,0,0,0,0,0,0,0,0,0,0,0,0,0,0,0,0,0,0,0,0,0,0,0,0,0,0,0,0,0,0,0,0,0,0,0,0,0,0.00,0,0.00,0.00
세탁기_맞춤타겟_페스티벌 홍보,4645895,세탁기_전환_구독 페스티벌,1631448,2026.10.03.,네이버+ > 피드,50세 ~ 54세 남성,2223,103,21580,2,1111,1.94,0,0,0,0,0,0,0,0,0,0,0,0,0,0,0,0,0,0,0,0,0,0,0,0,0,0,0,0,0,0,0,0,0,0,0,0,0,0,0,0,0,0,0,0,0,0,0.00,0,0.00,0.00
세탁기_맞춤타겟_페스티벌 홍보,4645895,세탁기_전환_구독 페스티벌,1631448,2026.10.03.,네이버+ > 피드,55세 ~ 59세 남성,1725,70,24647,1,1725,1.43,0,0,0,0,0,0,0,0,0,0,0,0,0,0,0,0,0,0,0,0,0,0,0,0,0,0,0,0,0,0,0,0,0,0,0,0,0,0,0,0,0,0,0,0,0,0,0.00,0,0.00,0.00
세탁기_맞춤타겟_페스티벌 홍보,4645895,세탁기_전환_구독 페스티벌,1631448,2026.10.03.,네이버+ > 피드,60세 ~ 99세 남성,1804,87,20737,4,451,4.60,0,0,0,0,0,0,0,0,0,0,0,0,0,0,0,0,0,0,0,0,0,0,0,0,0,0,0,0,0,0,0,0,0,0,0,0,0,0,0,0,0,0,0,0,0,0,0.00,0,0.00,0.00
세탁기_맞춤타겟_페스티벌 홍보,4645895,세탁기_전환_구독 페스티벌,1631448,2026.10.03.,네이버+ > 피드,알 수 없음,0,3,0,0,0,0.00,0,0,0,0,0,0,0,0,0,0,0,0,0,0,0,0,0,0,0,0,0,0,0,0,0,0,0,0,0,0,0,0,0,0,0,0,0,0,0,0,0,0,0,0,0,0,0.00,0,0.00,0.00
세탁기_맞춤타겟_페스티벌 홍보,4645895,세탁기_전환_구독 페스티벌,1631448,2026.10.03.,네이버+ > 네이버 메인,19세 ~ 24세 여성,0,5,0,0,0,0.00,0,0,0,0,0,0,0,0,0,0,0,0,0,0,0,0,0,0,0,0,0,0,0,0,0,0,0,0,0,0,0,0,0,0,0,0,0,0,0,0,0,0,0,0,0,0,0.00,0,0.00,0.00
세탁기_맞춤타겟_페스티벌 홍보,4645895,세탁기_전환_구독 페스티벌,1631448,2026.10.03.,네이버+ > 네이버 메인,25세 ~ 29세 여성,0,22,0,0,0,0.00,0,0,0,0,0,0,0,0,0,0,0,0,0,0,0,0,0,0,0,0,0,0,0,0,0,0,0,0,0,0,0,0,0,0,0,0,0,0,0,0,0,0,0,0,0,0,0.00,0,0.00,0.00
세탁기_맞춤타겟_페스티벌 홍보,4645895,세탁기_전환_구독 페스티벌,1631448,2026.10.03.,네이버+ > 네이버 메인,30세 ~ 34세 여성,1141,44,25933,1,1141,2.27,0,0,0,0,0,0,0,0,0,0,0,0,0,0,0,0,0,0,0,0,0,0,0,0,0,0,0,0,0,0,0,0,0,0,0,0,0,0,0,0,0,0,0,0,0,0,0.00,0,0.00,0.00
세탁기_맞춤타겟_페스티벌 홍보,4645895,세탁기_전환_구독 페스티벌,1631448,2026.10.03.,네이버+ > 네이버 메인,35세 ~ 39세 여성,0,30,0,0,0,0.00,0,0,0,0,0,0,0,0,0,0,0,0,0,0,0,0,0,0,0,0,0,0,0,0,0,0,0,0,0,0,0,0,0,0,0,0,0,0,0,0,0,0,0,0,0,0,0.00,0,0.00,0.00
세탁기_맞춤타겟_페스티벌 홍보,4645895,세탁기_전환_구독 페스티벌,1631448,2026.10.03.,네이버+ > 네이버 메인,40세 ~ 44세 여성,0,56,0,0,0,0.00,0,0,0,0,0,0,0,0,0,0,0,0,0,0,0,0,0,0,0,0,0,0,0,0,0,0,0,0,0,0,0,0,0,0,0,0,0,0,0,0,0,0,0,0,0,0,0.00,0,0.00,0.00
세탁기_맞춤타겟_페스티벌 홍보,4645895,세탁기_전환_구독 페스티벌,1631448,2026.10.03.,네이버+ > 네이버 메인,45세 ~ 49세 여성,4365,63,69287,3,1455,4.76,0,0,0,0,0,0,0,0,0,0,0,0,0,0,0,0,0,0,0,0,0,0,0,0,0,0,0,0,0,0,0,0,0,0,0,0,0,0,0,0,0,0,0,0,0,0,0.00,0,0.00,0.00
세탁기_맞춤타겟_페스티벌 홍보,4645895,세탁기_전환_구독 페스티벌,1631448,2026.10.03.,네이버+ > 네이버 메인,50세 ~ 54세 여성,0,66,0,0,0,0.00,0,0,0,0,0,0,0,0,0,0,0,0,0,0,0,0,0,0,0,0,0,0,0,0,0,0,0,0,0,0,0,0,0,0,0,0,0,0,0,0,0,0,0,0,0,0,0.00,0,0.00,0.00
세탁기_맞춤타겟_페스티벌 홍보,4645895,세탁기_전환_구독 페스티벌,1631448,2026.10.03.,네이버+ > 네이버 메인,55세 ~ 59세 여성,0,60,0,0,0,0.00,0,0,0,0,0,0,0,0,0,0,0,0,0,0,0,0,0,0,0,0,0,0,0,0,0,0,0,0,0,0,0,0,0,0,0,0,0,0,0,0,0,0,0,0,0,0,0.00,0,0.00,0.00
세탁기_맞춤타겟_페스티벌 홍보,4645895,세탁기_전환_구독 페스티벌,1631448,2026.10.03.,네이버+ > 네이버 메인,60세 ~ 99세 여성,0,49,0,0,0,0.00,0,0,0,0,0,0,0,0,0,0,0,0,0,0,0,0,0,0,0,0,0,0,0,0,0,0,0,0,0,0,0,0,0,0,0,0,0,0,0,0,0,0,0,0,0,0,0.00,0,0.00,0.00
세탁기_맞춤타겟_페스티벌 홍보,4645895,세탁기_전환_구독 페스티벌,1631448,2026.10.03.,네이버+ > 네이버 메인,14세 ~ 18세 남성,0,1,0,0,0,0.00,0,0,0,0,0,0,0,0,0,0,0,0,0,0,0,0,0,0,0,0,0,0,0,0,0,0,0,0,0,0,0,0,0,0,0,0,0,0,0,0,0,0,0,0,0,0,0.00,0,0.00,0.00
세탁기_맞춤타겟_페스티벌 홍보,4645895,세탁기_전환_구독 페스티벌,1631448,2026.10.03.,네이버+ > 네이버 메인,19세 ~ 24세 남성,0,10,0,0,0,0.00,0,0,0,0,0,0,0,0,0,0,0,0,0,0,0,0,0,0,0,0,0,0,0,0,0,0,0,0,0,0,0,0,0,0,0,0,0,0,0,0,0,0,0,0,0,0,0.00,0,0.00,0.00
세탁기_맞춤타겟_페스티벌 홍보,4645895,세탁기_전환_구독 페스티벌,1631448,2026.10.03.,네이버+ > 네이버 메인,25세 ~ 29세 남성,0,31,0,0,0,0.00,0,0,0,0,0,0,0,0,0,0,0,0,0,0,0,0,0,0,0,0,0,0,0,0,0,0,0,0,0,0,0,0,0,0,0,0,0,0,0,0,0,0,0,0,0,0,0.00,0,0.00,0.00
세탁기_맞춤타겟_페스티벌 홍보,4645895,세탁기_전환_구독 페스티벌,1631448,2026.10.03.,네이버+ > 네이버 메인,30세 ~ 34세 남성,0,66,0,0,0,0.00,0,0,0,0,0,0,0,0,0,0,0,0,0,0,0,0,0,0,0,0,0,0,0,0,0,0,0,0,0,0,0,0,0,0,0,0,0,0,0,0,0,0,0,0,0,0,0.00,0,0.00,0.00
세탁기_맞춤타겟_페스티벌 홍보,4645895,세탁기_전환_구독 페스티벌,1631448,2026.10.03.,네이버+ > 네이버 메인,35세 ~ 39세 남성,1737,101,17195,1,1737,0.99,0,0,0,0,0,0,0,0,0,0,0,0,0,0,0,0,0,0,0,0,0,0,0,0,0,0,0,0,0,0,0,0,0,0,0,0,0,0,0,0,0,0,0,0,0,0,0.00,0,0.00,0.00
세탁기_맞춤타겟_페스티벌 홍보,4645895,세탁기_전환_구독 페스티벌,1631448,2026.10.03.,네이버+ > 네이버 메인,40세 ~ 44세 남성,995,108,9215,1,995,0.93,0,0,0,0,0,0,0,0,0,0,0,0,0,0,0,0,0,0,0,0,0,0,0,0,0,0,0,0,0,0,0,0,0,0,0,0,0,0,0,0,0,0,0,0,0,0,0.00,0,0.00,0.00
세탁기_맞춤타겟_페스티벌 홍보,4645895,세탁기_전환_구독 페스티벌,1631448,2026.10.03.,네이버+ > 네이버 메인,45세 ~ 49세 남성,756,148,5111,1,756,0.68,0,0,0,0,0,0,0,0,0,0,0,0,0,0,0,0,0,0,0,0,0,0,0,0,0,0,0,0,0,0,0,0,0,0,0,0,0,0,0,0,0,0,0,0,0,0,0.00,0,0.00,0.00
세탁기_맞춤타겟_페스티벌 홍보,4645895,세탁기_전환_구독 페스티벌,1631448,2026.10.03.,네이버+ > 네이버 메인,50세 ~ 54세 남성,1291,150,8607,2,646,1.33,0,0,0,0,0,0,0,0,0,0,0,0,0,0,0,0,0,0,0,0,0,0,0,0,0,0,0,0,0,0,0,0,0,0,0,0,0,0,0,0,0,0,0,0,0,0,0.00,0,0.00,0.00
세탁기_맞춤타겟_페스티벌 홍보,4645895,세탁기_전환_구독 페스티벌,1631448,2026.10.03.,네이버+ > 네이버 메인,55세 ~ 59세 남성,0,119,0,0,0,0.00,0,0,0,0,0,0,0,0,0,0,0,0,0,0,0,0,0,0,0,0,0,0,0,0,0,0,0,0,0,0,0,0,0,0,0,0,0,0,0,0,0,0,0,0,0,0,0.00,0,0.00,0.00
세탁기_맞춤타겟_페스티벌 홍보,4645895,세탁기_전환_구독 페스티벌,1631448,2026.10.03.,네이버+ > 네이버 메인,60세 ~ 99세 남성,0,141,0,0,0,0.00,0,0,0,0,0,0,0,0,0,0,0,0,0,0,0,0,0,0,0,0,0,0,0,0,0,0,0,0,0,0,0,0,0,0,0,0,0,0,0,0,0,0,0,0,0,0,0.00,0,0.00,0.00
세탁기_맞춤타겟_페스티벌 홍보,4645895,세탁기_전환_구독 페스티벌,1631448,2026.10.03.,네이버+ > 네이버 메인,알 수 없음,0,10,0,0,0,0.00,0,0,0,0,0,0,0,0,0,0,0,0,0,0,0,0,0,0,0,0,0,0,0,0,0,0,0,0,0,0,0,0,0,0,0,0,0,0,0,0,0,0,0,0,0,0,0.00,0,0.00,0.00
세탁기_맞춤타겟_페스티벌 홍보,4645895,세탁기_전환_구독 페스티벌,1631448,2026.10.03.,네이버+ > 서비스 통합,19세 ~ 24세 여성,0,3,0,0,0,0.00,0,0,0,0,0,0,0,0,0,0,0,0,0,0,0,0,0,0,0,0,0,0,0,0,0,0,0,0,0,0,0,0,0,0,0,0,0,0,0,0,0,0,0,0,0,0,0.00,0,0.00,0.00
세탁기_맞춤타겟_페스티벌 홍보,4645895,세탁기_전환_구독 페스티벌,1631448,2026.10.03.,네이버+ > 서비스 통합,25세 ~ 29세 여성,0,20,0,0,0,0.00,0,0,0,0,0,0,0,0,0,0,0,0,0,0,0,0,0,0,0,0,0,0,0,0,0,0,0,0,0,0,0,0,0,0,0,0,0,0,0,0,0,0,0,0,0,0,0.00,0,0.00,0.00
세탁기_맞춤타겟_페스티벌 홍보,4645895,세탁기_전환_구독 페스티벌,1631448,2026.10.03.,네이버+ > 서비스 통합,30세 ~ 34세 여성,0,32,0,0,0,0.00,0,0,0,0,0,0,0,0,0,0,0,0,0,0,0,0,0,0,0,0,0,0,0,0,0,0,0,0,0,0,0,0,0,0,0,0,0,0,0,0,0,0,0,0,0,0,0.00,0,0.00,0.00
세탁기_맞춤타겟_페스티벌 홍보,4645895,세탁기_전환_구독 페스티벌,1631448,2026.10.03.,네이버+ > 서비스 통합,35세 ~ 39세 여성,0,65,0,0,0,0.00,0,0,0,0,0,0,0,0,0,0,0,0,0,0,0,0,0,0,0,0,0,0,0,0,0,0,0,0,0,0,0,0,0,0,0,0,0,0,0,0,0,0,0,0,0,0,0.00,0,0.00,0.00
세탁기_맞춤타겟_페스티벌 홍보,4645895,세탁기_전환_구독 페스티벌,1631448,2026.10.03.,네이버+ > 서비스 통합,40세 ~ 44세 여성,1088,95,11448,1,1088,1.05,0,0,0,0,0,0,0,0,0,0,0,0,0,0,0,0,0,0,0,0,0,0,0,0,0,0,0,0,0,0,0,0,0,0,0,0,0,0,0,0,0,0,0,0,0,0,0.00,0,0.00,0.00
세탁기_맞춤타겟_페스티벌 홍보,4645895,세탁기_전환_구독 페스티벌,1631448,2026.10.03.,네이버+ > 서비스 통합,45세 ~ 49세 여성,3968,105,37788,3,1323,2.86,0,0,0,0,0,0,0,0,0,0,0,0,0,0,0,0,0,0,0,0,0,0,0,0,0,0,0,0,0,0,0,0,0,0,0,0,0,0,0,0,0,0,0,0,0,0,0.00,0,0.00,0.00
세탁기_맞춤타겟_페스티벌 홍보,4645895,세탁기_전환_구독 페스티벌,1631448,2026.10.03.,네이버+ > 서비스 통합,50세 ~ 54세 여성,0,80,0,0,0,0.00,0,0,0,0,0,0,0,0,0,0,0,0,0,0,0,0,0,0,0,0,0,0,0,0,0,0,0,0,0,0,0,0,0,0,0,0,0,0,0,0,0,0,0,0,0,0,0.00,0,0.00,0.00
세탁기_맞춤타겟_페스티벌 홍보,4645895,세탁기_전환_구독 페스티벌,1631448,2026.10.03.,네이버+ > 서비스 통합,55세 ~ 59세 여성,2321,50,46423,2,1161,4.00,0,0,0,0,0,0,0,0,0,0,0,0,0,0,0,0,0,0,0,0,0,0,0,0,0,0,0,0,0,0,0,0,0,0,0,0,0,0,0,0,0,0,0,0,0,0,0.00,0,0.00,0.00
세탁기_맞춤타겟_페스티벌 홍보,4645895,세탁기_전환_구독 페스티벌,1631448,2026.10.03.,네이버+ > 서비스 통합,60세 ~ 99세 여성,0,50,0,0,0,0.00,0,0,0,0,0,0,0,0,0,0,0,0,0,0,0,0,0,0,0,0,0,0,0,0,0,0,0,0,0,0,0,0,0,0,0,0,0,0,0,0,0,0,0,0,0,0,0.00,0,0.00,0.00
세탁기_맞춤타겟_페스티벌 홍보,4645895,세탁기_전환_구독 페스티벌,1631448,2026.10.03.,네이버+ > 서비스 통합,19세 ~ 24세 남성,0,6,0,0,0,0.00,0,0,0,0,0,0,0,0,0,0,0,0,0,0,0,0,0,0,0,0,0,0,0,0,0,0,0,0,0,0,0,0,0,0,0,0,0,0,0,0,0,0,0,0,0,0,0.00,0,0.00,0.00
세탁기_맞춤타겟_페스티벌 홍보,4645895,세탁기_전환_구독 페스티벌,1631448,2026.10.03.,네이버+ > 서비스 통합,25세 ~ 29세 남성,0,18,0,0,0,0.00,0,0,0,0,0,0,0,0,0,0,0,0,0,0,0,0,0,0,0,0,0,0,0,0,0,0,0,0,0,0,0,0,0,0,0,0,0,0,0,0,0,0,0,0,0,0,0.00,0,0.00,0.00
세탁기_맞춤타겟_페스티벌 홍보,4645895,세탁기_전환_구독 페스티벌,1631448,2026.10.03.,네이버+ > 서비스 통합,30세 ~ 34세 남성,0,35,0,0,0,0.00,0,0,0,0,0,0,0,0,0,0,0,0,0,0,0,0,0,0,0,0,0,0,0,0,0,0,0,0,0,0,0,0,0,0,0,0,0,0,0,0,0,0,0,0,0,0,0.00,0,0.00,0.00
세탁기_맞춤타겟_페스티벌 홍보,4645895,세탁기_전환_구독 페스티벌,1631448,2026.10.03.,네이버+ > 서비스 통합,35세 ~ 39세 남성,0,71,0,0,0,0.00,0,0,0,0,0,0,0,0,0,0,0,0,0,0,0,0,0,0,0,0,0,0,0,0,0,0,0,0,0,0,0,0,0,0,0,0,0,0,0,0,0,0,0,0,0,0,0.00,0,0.00,0.00
세탁기_맞춤타겟_페스티벌 홍보,4645895,세탁기_전환_구독 페스티벌,1631448,2026.10.03.,네이버+ > 서비스 통합,40세 ~ 44세 남성,3056,119,25680,4,764,3.36,0,0,0,0,0,0,0,0,0,0,0,0,0,0,0,0,0,0,0,0,0,0,0,0,0,0,0,0,0,0,0,0,0,0,0,0,0,0,0,0,0,0,0,0,0,0,0.00,0,0.00,0.00
세탁기_맞춤타겟_페스티벌 홍보,4645895,세탁기_전환_구독 페스티벌,1631448,2026.10.03.,네이버+ > 서비스 통합,45세 ~ 49세 남성,0,134,0,0,0,0.00,0,0,0,0,0,0,0,0,0,0,0,0,0,0,0,0,0,0,0,0,0,0,0,0,0,0,0,0,0,0,0,0,0,0,0,0,0,0,0,0,0,0,0,0,0,0,0.00,0,0.00,0.00
세탁기_맞춤타겟_페스티벌 홍보,4645895,세탁기_전환_구독 페스티벌,1631448,2026.10.03.,네이버+ > 서비스 통합,50세 ~ 54세 남성,0,91,0,0,0,0.00,0,0,0,0,0,0,0,0,0,0,0,0,0,0,0,0,0,0,0,0,0,0,0,0,0,0,0,0,0,0,0,0,0,0,0,0,0,0,0,0,0,0,0,0,0,0,0.00,0,0.00,0.00
세탁기_맞춤타겟_페스티벌 홍보,4645895,세탁기_전환_구독 페스티벌,1631448,2026.10.03.,네이버+ > 서비스 통합,55세 ~ 59세 남성,0,78,0,0,0,0.00,0,0,0,0,0,0,0,0,0,0,0,0,0,0,0,0,0,0,0,0,0,0,0,0,0,0,0,0,0,0,0,0,0,0,0,0,0,0,0,0,0,0,0,0,0,0,0.00,0,0.00,0.00
세탁기_맞춤타겟_페스티벌 홍보,4645895,세탁기_전환_구독 페스티벌,1631448,2026.10.03.,네이버+ > 서비스 통합,60세 ~ 99세 남성,0,93,0,0,0,0.00,0,0,0,0,0,0,0,0,0,0,0,0,0,0,0,0,0,0,0,0,0,0,0,0,0,0,0,0,0,0,0,0,0,0,0,0,0,0,0,0,0,0,0,0,0,0,0.00,0,0.00,0.00
세탁기_맞춤타겟_페스티벌 홍보,4645895,세탁기_전환_구독 페스티벌,1631448,2026.10.03.,네이버+ > 서비스 통합,55세 ~ 59세 성별 알 수 없음,0,1,0,0,0,0.00,0,0,0,0,0,0,0,0,0,0,0,0,0,0,0,0,0,0,0,0,0,0,0,0,0,0,0,0,0,0,0,0,0,0,0,0,0,0,0,0,0,0,0,0,0,0,0.00,0,0.00,0.00
세탁기_맞춤타겟_페스티벌 홍보,4645895,세탁기_전환_구독 페스티벌,1631448,2026.10.03.,네이버+ > 서비스 통합,알 수 없음,0,4,0,0,0,0.00,0,0,0,0,0,0,0,0,0,0,0,0,0,0,0,0,0,0,0,0,0,0,0,0,0,0,0,0,0,0,0,0,0,0,0,0,0,0,0,0,0,0,0,0,0,0,0.00,0,0.00,0.00
세탁기_맞춤타겟_페스티벌 홍보,4645895,세탁기_전환_구독 페스티벌,1631448,2026.10.02.,네이버+ > 피드,19세 ~ 24세 여성,0,1,0,0,0,0.00,0,0,0,0,0,0,0,0,0,0,0,0,0,0,0,0,0,0,0,0,0,0,0,0,0,0,0,0,0,0,0,0,0,0,0,0,0,0,0,0,0,0,0,0,0,0,0.00,0,0.00,0.00
세탁기_맞춤타겟_페스티벌 홍보,4645895,세탁기_전환_구독 페스티벌,1631448,2026.10.02.,네이버+ > 피드,25세 ~ 29세 여성,0,11,0,0,0,0.00,0,0,0,0,0,0,0,0,0,0,0,0,0,0,0,0,0,0,0,0,0,0,0,0,0,0,0,0,0,0,0,0,0,0,0,0,0,0,0,0,0,0,0,0,0,0,0.00,0,0.00,0.00
세탁기_맞춤타겟_페스티벌 홍보,4645895,세탁기_전환_구독 페스티벌,1631448,2026.10.02.,네이버+ > 피드,30세 ~ 34세 여성,0,16,0,0,0,0.00,0,0,0,0,0,0,0,0,0,0,0,0,0,0,0,0,0,0,0,0,0,0,0,0,0,0,0,0,0,0,0,0,0,0,0,0,0,0,0,0,0,0,0,0,0,0,0.00,0,0.00,0.00
세탁기_맞춤타겟_페스티벌 홍보,4645895,세탁기_전환_구독 페스티벌,1631448,2026.10.02.,네이버+ > 피드,35세 ~ 39세 여성,2073,35,59226,1,2073,2.86,0,0,0,0,0,0,0,0,0,0,0,0,0,0,0,0,0,0,0,0,0,0,0,0,0,0,0,0,0,0,0,0,0,0,0,0,0,0,0,0,0,0,0,0,0,0,0.00,0,0.00,0.00
세탁기_맞춤타겟_페스티벌 홍보,4645895,세탁기_전환_구독 페스티벌,1631448,2026.10.02.,네이버+ > 피드,40세 ~ 44세 여성,0,32,0,0,0,0.00,0,0,0,0,0,0,0,0,0,0,0,0,0,0,0,0,0,0,0,0,0,0,0,0,0,0,0,0,0,0,0,0,0,0,0,0,0,0,0,0,0,0,0,0,0,0,0.00,0,0.00,0.00
세탁기_맞춤타겟_페스티벌 홍보,4645895,세탁기_전환_구독 페스티벌,1631448,2026.10.02.,네이버+ > 피드,45세 ~ 49세 여성,867,31,27978,1,867,3.23,0,0,0,0,0,0,0,0,0,0,0,0,0,0,0,0,0,0,0,0,0,0,0,0,0,0,0,0,0,0,0,0,0,0,0,0,0,0,0,0,0,0,0,0,0,0,0.00,0,0.00,0.00
세탁기_맞춤타겟_페스티벌 홍보,4645895,세탁기_전환_구독 페스티벌,1631448,2026.10.02.,네이버+ > 피드,50세 ~ 54세 여성,4351,24,181304,2,2176,8.33,0,0,0,0,0,0,0,0,0,0,0,0,0,0,0,0,0,0,0,0,0,0,0,0,0,0,0,0,0,0,0,0,0,0,0,0,0,0,0,0,0,0,0,0,0,0,0.00,0,0.00,0.00
세탁기_맞춤타겟_페스티벌 홍보,4645895,세탁기_전환_구독 페스티벌,1631448,2026.10.02.,네이버+ > 피드,55세 ~ 59세 여성,0,19,0,0,0,0.00,0,0,0,0,0,0,0,0,0,0,0,0,0,0,0,0,0,0,0,0,0,0,0,0,0,0,0,0,0,0,0,0,0,0,0,0,0,0,0,0,0,0,0,0,0,0,0.00,0,0.00,0.00
세탁기_맞춤타겟_페스티벌 홍보,4645895,세탁기_전환_구독 페스티벌,1631448,2026.10.02.,네이버+ > 피드,60세 ~ 99세 여성,0,29,0,0,0,0.00,0,0,0,0,0,0,0,0,0,0,0,0,0,0,0,0,0,0,0,0,0,0,0,0,0,0,0,0,0,0,0,0,0,0,0,0,0,0,0,0,0,0,0,0,0,0,0.00,0,0.00,0.00
세탁기_맞춤타겟_페스티벌 홍보,4645895,세탁기_전환_구독 페스티벌,1631448,2026.10.02.,네이버+ > 피드,25세 ~ 29세 남성,0,6,0,0,0,0.00,0,0,0,0,0,0,0,0,0,0,0,0,0,0,0,0,0,0,0,0,0,0,0,0,0,0,0,0,0,0,0,0,0,0,0,0,0,0,0,0,0,0,0,0,0,0,0.00,0,0.00,0.00
세탁기_맞춤타겟_페스티벌 홍보,4645895,세탁기_전환_구독 페스티벌,1631448,2026.10.02.,네이버+ > 피드,30세 ~ 34세 남성,0,5,0,0,0,0.00,0,0,0,0,0,0,0,0,0,0,0,0,0,0,0,0,0,0,0,0,0,0,0,0,0,0,0,0,0,0,0,0,0,0,0,0,0,0,0,0,0,0,0,0,0,0,0.00,0,0.00,0.00
세탁기_맞춤타겟_페스티벌 홍보,4645895,세탁기_전환_구독 페스티벌,1631448,2026.10.02.,네이버+ > 피드,35세 ~ 39세 남성,0,15,0,0,0,0.00,0,0,0,0,0,0,0,0,0,0,0,0,0,0,0,0,0,0,0,0,0,0,0,0,0,0,0,0,0,0,0,0,0,0,0,0,0,0,0,0,0,0,0,0,0,0,0.00,0,0.00,0.00
세탁기_맞춤타겟_페스티벌 홍보,4645895,세탁기_전환_구독 페스티벌,1631448,2026.10.02.,네이버+ > 피드,40세 ~ 44세 남성,0,33,0,0,0,0.00,0,0,0,0,0,0,0,0,0,0,0,0,0,0,0,0,0,0,0,0,0,0,0,0,0,0,0,0,0,0,0,0,0,0,0,0,0,0,0,0,0,0,0,0,0,0,0.00,0,0.00,0.00
세탁기_맞춤타겟_페스티벌 홍보,4645895,세탁기_전환_구독 페스티벌,1631448,2026.10.02.,네이버+ > 피드,45세 ~ 49세 남성,1066,25,42626,1,1066,4.00,0,0,0,0,0,0,0,0,0,0,0,0,0,0,0,0,0,0,0,0,0,0,0,0,0,0,0,0,0,0,0,0,0,0,0,0,0,0,0,0,0,0,0,0,0,0,0.00,0,0.00,0.00
세탁기_맞춤타겟_페스티벌 홍보,4645895,세탁기_전환_구독 페스티벌,1631448,2026.10.02.,네이버+ > 피드,50세 ~ 54세 남성,0,20,0,0,0,0.00,0,0,0,0,0,0,0,0,0,0,0,0,0,0,0,0,0,0,0,0,0,0,0,0,0,0,0,0,0,0,0,0,0,0,0,0,0,0,0,0,0,0,0,0,0,0,0.00,0,0.00,0.00
세탁기_맞춤타겟_페스티벌 홍보,4645895,세탁기_전환_구독 페스티벌,1631448,2026.10.02.,네이버+ > 피드,55세 ~ 59세 남성,0,16,0,0,0,0.00,0,0,0,0,0,0,0,0,0,0,0,0,0,0,0,0,0,0,0,0,0,0,0,0,0,0,0,0,0,0,0,0,0,0,0,0,0,0,0,0,0,0,0,0,0,0,0.00,0,0.00,0.00
세탁기_맞춤타겟_페스티벌 홍보,4645895,세탁기_전환_구독 페스티벌,1631448,2026.10.02.,네이버+ > 피드,60세 ~ 99세 남성,0,32,0,0,0,0.00,0,0,0,0,0,0,0,0,0,0,0,0,0,0,0,0,0,0,0,0,0,0,0,0,0,0,0,0,0,0,0,0,0,0,0,0,0,0,0,0,0,0,0,0,0,0,0.00,0,0.00,0.00
세탁기_맞춤타겟_페스티벌 홍보,4645895,세탁기_전환_구독 페스티벌,1631448,2026.10.02.,네이버+ > 네이버 메인,14세 ~ 18세 여성,0,3,0,0,0,0.00,0,0,0,0,0,0,0,0,0,0,0,0,0,0,0,0,0,0,0,0,0,0,0,0,0,0,0,0,0,0,0,0,0,0,0,0,0,0,0,0,0,0,0,0,0,0,0.00,0,0.00,0.00
세탁기_맞춤타겟_페스티벌 홍보,4645895,세탁기_전환_구독 페스티벌,1631448,2026.10.02.,네이버+ > 네이버 메인,19세 ~ 24세 여성,0,98,0,0,0,0.00,0,0,0,0,0,0,0,0,0,0,0,0,0,0,0,0,0,0,0,0,0,0,0,0,0,0,0,0,0,0,0,0,0,0,0,0,0,0,0,0,0,0,0,0,0,0,0.00,0,0.00,0.00
세탁기_맞춤타겟_페스티벌 홍보,4645895,세탁기_전환_구독 페스티벌,1631448,2026.10.02.,네이버+ > 네이버 메인,25세 ~ 29세 여성,0,250,0,0,0,0.00,0,0,0,0,0,0,0,0,0,0,0,0,0,0,0,0,0,0,0,0,0,0,0,0,0,0,0,0,0,0,0,0,0,0,0,0,0,0,0,0,0,0,0,0,0,0,0.00,0,0.00,0.00
세탁기_맞춤타겟_페스티벌 홍보,4645895,세탁기_전환_구독 페스티벌,1631448,2026.10.02.,네이버+ > 네이버 메인,30세 ~ 34세 여성,0,476,0,0,0,0.00,0,0,0,0,0,0,0,0,0,0,0,0,0,0,0,0,0,0,0,0,0,0,0,0,0,0,0,0,0,0,0,0,0,0,0,0,0,0,0,0,0,0,0,0,0,0,0.00,0,0.00,0.00
세탁기_맞춤타겟_페스티벌 홍보,4645895,세탁기_전환_구독 페스티벌,1631448,2026.10.02.,네이버+ > 네이버 메인,35세 ~ 39세 여성,0,331,0,0,0,0.00,0,0,0,0,0,0,0,0,0,0,0,0,0,0,0,0,0,0,0,0,0,0,0,0,0,0,0,0,0,0,0,0,0,0,0,0,0,0,0,0,0,0,0,0,0,0,0.00,0,0.00,0.00
세탁기_맞춤타겟_페스티벌 홍보,4645895,세탁기_전환_구독 페스티벌,1631448,2026.10.02.,네이버+ > 네이버 메인,40세 ~ 44세 여성,1279,384,3330,1,1279,0.26,0,0,0,0,0,0,0,0,0,0,0,0,0,0,0,0,0,0,0,0,0,0,0,0,0,0,0,0,0,0,0,0,0,0,0,0,0,0,0,0,0,0,0,0,0,0,0.00,0,0.00,0.00
세탁기_맞춤타겟_페스티벌 홍보,4645895,세탁기_전환_구독 페스티벌,1631448,2026.10.02.,네이버+ > 네이버 메인,45세 ~ 49세 여성,4406,358,12308,3,1469,0.84,0,0,0,0,0,0,0,0,0,0,0,0,0,0,0,0,0,0,0,0,0,0,0,0,0,0,0,0,0,0,0,0,0,0,0,0,0,0,0,0,0,0,0,0,0,0,0.00,0,0.00,0.00
세탁기_맞춤타겟_페스티벌 홍보,4645895,세탁기_전환_구독 페스티벌,1631448,2026.10.02.,네이버+ > 네이버 메인,50세 ~ 54세 여성,819,324,2529,1,819,0.31,0,0,0,0,0,0,0,0,0,0,0,0,0,0,0,0,0,0,0,0,0,0,0,0,0,0,0,0,0,0,0,0,0,0,0,0,0,0,0,0,0,0,0,0,0,0,0.00,0,0.00,0.00
세탁기_맞춤타겟_페스티벌 홍보,4645895,세탁기_전환_구독 페스티벌,1631448,2026.10.02.,네이버+ > 네이버 메인,55세 ~ 59세 여성,0,200,0,0,0,0.00,0,0,0,0,0,0,0,0,0,0,0,0,0,0,0,0,0,0,0,0,0,0,0,0,0,0,0,0,0,0,0,0,0,0,0,0,0,0,0,0,0,0,0,0,0,0,0.00,0,0.00,0.00
세탁기_맞춤타겟_페스티벌 홍보,4645895,세탁기_전환_구독 페스티벌,1631448,2026.10.02.,네이버+ > 네이버 메인,60세 ~ 99세 여성,0,202,0,0,0,0.00,0,0,0,0,0,0,0,0,0,0,0,0,0,0,0,0,0,0,0,0,0,0,0,0,0,0,0,0,0,0,0,0,0,0,0,0,0,0,0,0,0,0,0,0,0,0,0.00,0,0.00,0.00
세탁기_맞춤타겟_페스티벌 홍보,4645895,세탁기_전환_구독 페스티벌,1631448,2026.10.02.,네이버+ > 네이버 메인,14세 ~ 18세 남성,0,3,0,0,0,0.00,0,0,0,0,0,0,0,0,0,0,0,0,0,0,0,0,0,0,0,0,0,0,0,0,0,0,0,0,0,0,0,0,0,0,0,0,0,0,0,0,0,0,0,0,0,0,0.00,0,0.00,0.00
세탁기_맞춤타겟_페스티벌 홍보,4645895,세탁기_전환_구독 페스티벌,1631448,2026.10.02.,네이버+ > 네이버 메인,19세 ~ 24세 남성,0,36,0,0,0,0.00,0,0,0,0,0,0,0,0,0,0,0,0,0,0,0,0,0,0,0,0,0,0,0,0,0,0,0,0,0,0,0,0,0,0,0,0,0,0,0,0,0,0,0,0,0,0,0.00,0,0.00,0.00
세탁기_맞춤타겟_페스티벌 홍보,4645895,세탁기_전환_구독 페스티벌,1631448,2026.10.02.,네이버+ > 네이버 메인,25세 ~ 29세 남성,0,230,0,0,0,0.00,0,0,0,0,0,0,0,0,0,0,0,0,0,0,0,0,0,0,0,0,0,0,0,0,0,0,0,0,0,0,0,0,0,0,0,0,0,0,0,0,0,0,0,0,0,0,0.00,0,0.00,0.00
세탁기_맞춤타겟_페스티벌 홍보,4645895,세탁기_전환_구독 페스티벌,1631448,2026.10.02.,네이버+ > 네이버 메인,30세 ~ 34세 남성,2054,484,4243,1,2054,0.21,0,0,0,0,0,0,0,0,0,0,0,0,0,0,0,0,0,0,0,0,0,0,0,0,0,0,0,0,0,0,0,0,0,0,0,0,0,0,0,0,0,0,0,0,0,0,0.00,0,0.00,0.00
세탁기_맞춤타겟_페스티벌 홍보,4645895,세탁기_전환_구독 페스티벌,1631448,2026.10.02.,네이버+ > 네이버 메인,35세 ~ 39세 남성,1211,678,1786,1,1211,0.15,0,0,0,0,0,0,0,0,0,0,0,0,0,0,0,0,0,0,0,0,0,0,0,0,0,0,0,0,0,0,0,0,0,0,0,0,0,0,0,0,0,0,0,0,0,0,0.00,0,0.00,0.00
세탁기_맞춤타겟_페스티벌 홍보,4645895,세탁기_전환_구독 페스티벌,1631448,2026.10.02.,네이버+ > 네이버 메인,40세 ~ 44세 남성,5341,681,7843,3,1780,0.44,0,0,0,0,0,0,0,0,0,0,0,0,0,0,0,0,0,0,0,0,0,0,0,0,0,0,0,0,0,0,0,0,0,0,0,0,0,0,0,0,0,0,0,0,0,0,0.00,0,0.00,0.00
세탁기_맞춤타겟_페스티벌 홍보,4645895,세탁기_전환_구독 페스티벌,1631448,2026.10.02.,네이버+ > 네이버 메인,45세 ~ 49세 남성,918,694,1323,1,918,0.14,0,0,0,0,0,0,0,0,0,0,0,0,0,0,0,0,0,0,0,0,0,0,0,0,0,0,0,0,0,0,0,0,0,0,0,0,0,0,0,0,0,0,0,0,0,0,0.00,0,0.00,0.00
세탁기_맞춤타겟_페스티벌 홍보,4645895,세탁기_전환_구독 페스티벌,1631448,2026.10.02.,네이버+ > 네이버 메인,50세 ~ 54세 남성,1001,618,1619,1,1001,0.16,0,0,0,0,0,0,0,0,0,0,0,0,0,0,0,0,0,0,0,0,0,0,0,0,0,0,0,0,0,0,0,0,0,0,0,0,0,0,0,0,0,0,0,0,0,0,0.00,0,0.00,0.00
세탁기_맞춤타겟_페스티벌 홍보,4645895,세탁기_전환_구독 페스티벌,1631448,2026.10.02.,네이버+ > 네이버 메인,55세 ~ 59세 남성,3740,472,7923,3,1247,0.64,0,0,0,0,0,0,0,0,0,0,0,0,0,0,0,0,0,0,0,0,0,0,0,0,0,0,0,0,0,0,0,0,0,0,0,0,0,0,0,0,0,0,0,0,0,0,0.00,0,0.00,0.00
세탁기_맞춤타겟_페스티벌 홍보,4645895,세탁기_전환_구독 페스티벌,1631448,2026.10.02.,네이버+ > 네이버 메인,60세 ~ 99세 남성,2441,484,5043,4,610,0.83,0,0,0,0,0,0,0,0,0,0,0,0,0,0,0,0,0,0,0,0,0,0,0,0,0,0,0,0,0,0,0,0,0,0,0,0,0,0,0,0,0,0,0,0,0,0,0.00,0,0.00,0.00
세탁기_맞춤타겟_페스티벌 홍보,4645895,세탁기_전환_구독 페스티벌,1631448,2026.10.02.,네이버+ > 네이버 메인,연령 알 수 없음 남성,0,1,0,0,0,0.00,0,0,0,0,0,0,0,0,0,0,0,0,0,0,0,0,0,0,0,0,0,0,0,0,0,0,0,0,0,0,0,0,0,0,0,0,0,0,0,0,0,0,0,0,0,0,0.00,0,0.00,0.00
세탁기_맞춤타겟_페스티벌 홍보,4645895,세탁기_전환_구독 페스티벌,1631448,2026.10.02.,네이버+ > 네이버 메인,알 수 없음,0,218,0,0,0,0.00,0,0,0,0,0,0,0,0,0,0,0,0,0,0,0,0,0,0,0,0,0,0,0,0,0,0,0,0,0,0,0,0,0,0,0,0,0,0,0,0,0,0,0,0,0,0,0.00,0,0.00,0.00
세탁기_맞춤타겟_페스티벌 홍보,4645895,세탁기_전환_구독 페스티벌,1631448,2026.10.02.,네이버+ > 서비스 통합,14세 ~ 18세 여성,0,1,0,0,0,0.00,0,0,0,0,0,0,0,0,0,0,0,0,0,0,0,0,0,0,0,0,0,0,0,0,0,0,0,0,0,0,0,0,0,0,0,0,0,0,0,0,0,0,0,0,0,0,0.00,0,0.00,0.00
세탁기_맞춤타겟_페스티벌 홍보,4645895,세탁기_전환_구독 페스티벌,1631448,2026.10.02.,네이버+ > 서비스 통합,19세 ~ 24세 여성,0,11,0,0,0,0.00,0,0,0,0,0,0,0,0,0,0,0,0,0,0,0,0,0,0,0,0,0,0,0,0,0,0,0,0,0,0,0,0,0,0,0,0,0,0,0,0,0,0,0,0,0,0,0.00,0,0.00,0.00
세탁기_맞춤타겟_페스티벌 홍보,4645895,세탁기_전환_구독 페스티벌,1631448,2026.10.02.,네이버+ > 서비스 통합,25세 ~ 29세 여성,0,54,0,0,0,0.00,0,0,0,0,0,0,0,0,0,0,0,0,0,0,0,0,0,0,0,0,0,0,0,0,0,0,0,0,0,0,0,0,0,0,0,0,0,0,0,0,0,0,0,0,0,0,0.00,0,0.00,0.00
세탁기_맞춤타겟_페스티벌 홍보,4645895,세탁기_전환_구독 페스티벌,1631448,2026.10.02.,네이버+ > 서비스 통합,30세 ~ 34세 여성,1122,128,8766,1,1122,0.78,0,0,0,0,0,0,0,0,0,0,0,0,0,0,0,0,0,0,0,0,0,0,0,0,0,0,0,0,0,0,0,0,0,0,0,0,0,0,0,0,0,0,0,0,0,0,0.00,0,0.00,0.00
세탁기_맞춤타겟_페스티벌 홍보,4645895,세탁기_전환_구독 페스티벌,1631448,2026.10.02.,네이버+ > 서비스 통합,35세 ~ 39세 여성,0,221,0,0,0,0.00,0,0,0,0,0,0,0,0,0,0,0,0,0,0,0,0,0,0,0,0,0,0,0,0,0,0,0,0,0,0,0,0,0,0,0,0,0,0,0,0,0,0,0,0,0,0,0.00,0,0.00,0.00
세탁기_맞춤타겟_페스티벌 홍보,4645895,세탁기_전환_구독 페스티벌,1631448,2026.10.02.,네이버+ > 서비스 통합,40세 ~ 44세 여성,0,235,0,0,0,0.00,0,0,0,0,0,0,0,0,0,0,0,0,0,0,0,0,0,0,0,0,0,0,0,0,0,0,0,0,0,0,0,0,0,0,0,0,0,0,0,0,0,0,0,0,0,0,0.00,0,0.00,0.00
세탁기_맞춤타겟_페스티벌 홍보,4645895,세탁기_전환_구독 페스티벌,1631448,2026.10.02.,네이버+ > 서비스 통합,45세 ~ 49세 여성,859,260,3305,1,859,0.38,0,0,0,0,0,0,0,0,0,0,0,0,0,0,0,0,0,0,0,0,0,0,0,0,0,0,0,0,0,0,0,0,0,0,0,0,0,0,0,0,0,0,0,0,0,0,0.00,0,0.00,0.00
세탁기_맞춤타겟_페스티벌 홍보,4645895,세탁기_전환_구독 페스티벌,1631448,2026.10.02.,네이버+ > 서비스 통합,50세 ~ 54세 여성,616,200,3082,1,616,0.50,0,0,0,0,0,0,0,0,0,0,0,0,0,0,0,0,0,0,0,0,0,0,0,0,0,0,0,0,0,0,0,0,0,0,0,0,0,0,0,0,0,0,0,0,0,0,0.00,0,0.00,0.00
세탁기_맞춤타겟_페스티벌 홍보,4645895,세탁기_전환_구독 페스티벌,1631448,2026.10.02.,네이버+ > 서비스 통합,55세 ~ 59세 여성,290,182,1592,1,290,0.55,0,0,0,0,0,0,0,0,0,0,0,0,0,0,0,0,0,0,0,0,0,0,0,0,0,0,0,0,0,0,0,0,0,0,0,0,0,0,0,0,0,0,0,0,0,0,0.00,0,0.00,0.00
세탁기_맞춤타겟_페스티벌 홍보,4645895,세탁기_전환_구독 페스티벌,1631448,2026.10.02.,네이버+ > 서비스 통합,60세 ~ 99세 여성,0,161,0,0,0,0.00,0,0,0,0,0,0,0,0,0,0,0,0,0,0,0,0,0,0,0,0,0,0,0,0,0,0,0,0,0,0,0,0,0,0,0,0,0,0,0,0,0,0,0,0,0,0,0.00,0,0.00,0.00
세탁기_맞춤타겟_페스티벌 홍보,4645895,세탁기_전환_구독 페스티벌,1631448,2026.10.02.,네이버+ > 서비스 통합,14세 ~ 18세 남성,0,4,0,0,0,0.00,0,0,0,0,0,0,0,0,0,0,0,0,0,0,0,0,0,0,0,0,0,0,0,0,0,0,0,0,0,0,0,0,0,0,0,0,0,0,0,0,0,0,0,0,0,0,0.00,0,0.00,0.00
세탁기_맞춤타겟_페스티벌 홍보,4645895,세탁기_전환_구독 페스티벌,1631448,2026.10.02.,네이버+ > 서비스 통합,19세 ~ 24세 남성,0,12,0,0,0,0.00,0,0,0,0,0,0,0,0,0,0,0,0,0,0,0,0,0,0,0,0,0,0,0,0,0,0,0,0,0,0,0,0,0,0,0,0,0,0,0,0,0,0,0,0,0,0,0.00,0,0.00,0.00
세탁기_맞춤타겟_페스티벌 홍보,4645895,세탁기_전환_구독 페스티벌,1631448,2026.10.02.,네이버+ > 서비스 통합,25세 ~ 29세 남성,0,90,0,0,0,0.00,0,0,0,0,0,0,0,0,0,0,0,0,0,0,0,0,0,0,0,0,0,0,0,0,0,0,0,0,0,0,0,0,0,0,0,0,0,0,0,0,0,0,0,0,0,0,0.00,0,0.00,0.00
세탁기_맞춤타겟_페스티벌 홍보,4645895,세탁기_전환_구독 페스티벌,1631448,2026.10.02.,네이버+ > 서비스 통합,30세 ~ 34세 남성,0,189,0,0,0,0.00,0,0,0,0,0,0,0,0,0,0,0,0,0,0,0,0,0,0,0,0,0,0,0,0,0,0,0,0,0,0,0,0,0,0,0,0,0,0,0,0,0,0,0,0,0,0,0.00,0,0.00,0.00
세탁기_맞춤타겟_페스티벌 홍보,4645895,세탁기_전환_구독 페스티벌,1631448,2026.10.02.,네이버+ > 서비스 통합,35세 ~ 39세 남성,0,268,0,0,0,0.00,0,0,0,0,0,0,0,0,0,0,0,0,0,0,0,0,0,0,0,0,0,0,0,0,0,0,0,0,0,0,0,0,0,0,0,0,0,0,0,0,0,0,0,0,0,0,0.00,0,0.00,0.00
세탁기_맞춤타겟_페스티벌 홍보,4645895,세탁기_전환_구독 페스티벌,1631448,2026.10.02.,네이버+ > 서비스 통합,40세 ~ 44세 남성,1362,308,4423,1,1362,0.32,0,0,0,0,0,0,0,0,0,0,0,0,0,0,0,0,0,0,0,0,0,0,0,0,0,0,0,0,0,0,0,0,0,0,0,0,0,0,0,0,0,0,0,0,0,0,0.00,0,0.00,0.00
세탁기_맞춤타겟_페스티벌 홍보,4645895,세탁기_전환_구독 페스티벌,1631448,2026.10.02.,네이버+ > 서비스 통합,45세 ~ 49세 남성,0,333,0,0,0,0.00,0,0,0,0,0,0,0,0,0,0,0,0,0,0,0,0,0,0,0,0,0,0,0,0,0,0,0,0,0,0,0,0,0,0,0,0,0,0,0,0,0,0,0,0,0,0,0.00,0,0.00,0.00
세탁기_맞춤타겟_페스티벌 홍보,4645895,세탁기_전환_구독 페스티벌,1631448,2026.10.02.,네이버+ > 서비스 통합,50세 ~ 54세 남성,855,321,2662,1,855,0.31,0,0,0,0,0,0,0,0,0,0,0,0,0,0,0,0,0,0,0,0,0,0,0,0,0,0,0,0,0,0,0,0,0,0,0,0,0,0,0,0,0,0,0,0,0,0,0.00,0,0.00,0.00
세탁기_맞춤타겟_페스티벌 홍보,4645895,세탁기_전환_구독 페스티벌,1631448,2026.10.02.,네이버+ > 서비스 통합,55세 ~ 59세 남성,644,254,2537,1,644,0.39,0,0,0,0,0,0,0,0,0,0,0,0,0,0,0,0,0,0,0,0,0,0,0,0,0,0,0,0,0,0,0,0,0,0,0,0,0,0,0,0,0,0,0,0,0,0,0.00,0,0.00,0.00
세탁기_맞춤타겟_페스티벌 홍보,4645895,세탁기_전환_구독 페스티벌,1631448,2026.10.02.,네이버+ > 서비스 통합,60세 ~ 99세 남성,584,270,2162,1,584,0.37,0,0,0,0,0,0,0,0,0,0,0,0,0,0,0,0,0,0,0,0,0,0,0,0,0,0,0,0,0,0,0,0,0,0,0,0,0,0,0,0,0,0,0,0,0,0,0.00,0,0.00,0.00
세탁기_맞춤타겟_페스티벌 홍보,4645895,세탁기_전환_구독 페스티벌,1631448,2026.10.02.,네이버+ > 서비스 통합,알 수 없음,0,61,0,0,0,0.00,0,0,0,0,0,0,0,0,0,0,0,0,0,0,0,0,0,0,0,0,0,0,0,0,0,0,0,0,0,0,0,0,0,0,0,0,0,0,0,0,0,0,0,0,0,0,0.00,0,0.00,0.00
세탁기_관심사/구매의도_대용량 소구,4645454,세탁기_트래픽_구독 페스티벌,1628465,2026.10.07.,네이버+ > 피드,14세 ~ 18세 여성,0,13,0,0,0,0.00,0,0,0,0,0,0,0,0,0,0,0,0,0,0,0,0,0,0,0,0,0,0,0,0,0,0,0,0,0,0,0,0,0,0,0,0,0,0,0,0,0,0,0,0,0,0,0.00,0,0.00,0.00
세탁기_관심사/구매의도_대용량 소구,4645454,세탁기_트래픽_구독 페스티벌,1628465,2026.10.07.,네이버+ > 피드,19세 ~ 24세 여성,0,6,0,0,0,0.00,0,0,0,0,0,0,0,0,0,0,0,0,0,0,0,0,0,0,0,0,0,0,0,0,0,0,0,0,0,0,0,0,0,0,0,0,0,0,0,0,0,0,0,0,0,0,0.00,0,0.00,0.00
세탁기_관심사/구매의도_대용량 소구,4645454,세탁기_트래픽_구독 페스티벌,1628465,2026.10.07.,네이버+ > 피드,25세 ~ 29세 여성,98,8,12230,1,98,12.50,0,0,0,0,0,0,0,0,0,0,0,0,0,0,0,0,0,0,0,0,0,0,0,0,0,0,0,0,0,0,0,0,0,0,0,0,0,0,0,0,0,0,0,0,0,0,0.00,0,0.00,0.00
세탁기_관심사/구매의도_대용량 소구,4645454,세탁기_트래픽_구독 페스티벌,1628465,2026.10.07.,네이버+ > 피드,30세 ~ 34세 여성,0,9,0,0,0,0.00,0,0,0,0,0,0,0,0,0,0,0,0,0,0,0,0,0,0,0,0,0,0,0,0,0,0,0,0,0,0,0,0,0,0,0,0,0,0,0,0,0,0,0,0,0,0,0.00,0,0.00,0.00
세탁기_관심사/구매의도_대용량 소구,4645454,세탁기_트래픽_구독 페스티벌,1628465,2026.10.07.,네이버+ > 피드,35세 ~ 39세 여성,0,12,0,0,0,0.00,0,0,0,0,0,0,0,0,0,0,0,0,0,0,0,0,0,0,0,0,0,0,0,0,0,0,0,0,0,0,0,0,0,0,0,0,0,0,0,0,0,0,0,0,0,0,0.00,0,0.00,0.00
세탁기_관심사/구매의도_대용량 소구,4645454,세탁기_트래픽_구독 페스티벌,1628465,2026.10.07.,네이버+ > 피드,40세 ~ 44세 여성,111,40,2787,2,56,5.00,0,0,0,0,0,0,0,0,0,0,0,0,0,0,0,0,0,0,0,0,0,0,0,0,0,0,0,0,0,0,0,0,0,0,0,0,0,0,0,0,0,0,0,0,0,0,0.00,0,0.00,0.00
세탁기_관심사/구매의도_대용량 소구,4645454,세탁기_트래픽_구독 페스티벌,1628465,2026.10.07.,네이버+ > 피드,45세 ~ 49세 여성,0,26,0,0,0,0.00,0,0,0,0,0,0,0,0,0,0,0,0,0,0,0,0,0,0,0,0,0,0,0,0,0,0,0,0,0,0,0,0,0,0,0,0,0,0,0,0,0,0,0,0,0,0,0.00,0,0.00,0.00
세탁기_관심사/구매의도_대용량 소구,4645454,세탁기_트래픽_구독 페스티벌,1628465,2026.10.07.,네이버+ > 피드,50세 ~ 54세 여성,90,42,2151,1,90,2.38,0,0,0,0,0,0,0,0,0,0,0,0,0,0,0,0,0,0,0,0,0,0,0,0,0,0,0,0,0,0,0,0,0,0,0,0,0,0,0,0,0,0,0,0,0,0,0.00,0,0.00,0.00
세탁기_관심사/구매의도_대용량 소구,4645454,세탁기_트래픽_구독 페스티벌,1628465,2026.10.07.,네이버+ > 피드,55세 ~ 59세 여성,491,137,3582,6,82,4.38,0,0,0,0,0,0,0,0,0,0,0,0,0,0,0,0,0,0,0,0,0,0,0,0,0,0,0,0,0,0,0,0,0,0,0,0,0,0,0,0,0,0,0,0,0,0,0.00,0,0.00,0.00
세탁기_관심사/구매의도_대용량 소구,4645454,세탁기_트래픽_구독 페스티벌,1628465,2026.10.07.,네이버+ > 피드,60세 ~ 99세 여성,2049,636,3222,25,82,3.93,0,0,0,0,0,0,0,0,0,0,0,0,0,0,0,0,0,0,0,0,0,0,0,0,0,0,0,0,0,0,0,0,0,0,0,0,0,0,0,0,0,0,0,0,0,0,0.00,0,0.00,0.00
세탁기_관심사/구매의도_대용량 소구,4645454,세탁기_트래픽_구독 페스티벌,1628465,2026.10.07.,네이버+ > 피드,"연령 알 수 없음 여성 ",0,17,0,0,0,0.00,0,0,0,0,0,0,0,0,0,0,0,0,0,0,0,0,0,0,0,0,0,0,0,0,0,0,0,0,0,0,0,0,0,0,0,0,0,0,0,0,0,0,0,0,0,0,0.00,0,0.00,0.00
세탁기_관심사/구매의도_대용량 소구,4645454,세탁기_트래픽_구독 페스티벌,1628465,2026.10.07.,네이버+ > 피드,14세 ~ 18세 남성,0,15,0,0,0,0.00,0,0,0,0,0,0,0,0,0,0,0,0,0,0,0,0,0,0,0,0,0,0,0,0,0,0,0,0,0,0,0,0,0,0,0,0,0,0,0,0,0,0,0,0,0,0,0.00,0,0.00,0.00
세탁기_관심사/구매의도_대용량 소구,4645454,세탁기_트래픽_구독 페스티벌,1628465,2026.10.07.,네이버+ > 피드,19세 ~ 24세 남성,101,6,16806,1,101,16.67,0,0,0,0,0,0,0,0,0,0,0,0,0,0,0,0,0,0,0,0,0,0,0,0,0,0,0,0,0,0,0,0,0,0,0,0,0,0,0,0,0,0,0,0,0,0,0.00,0,0.00,0.00
세탁기_관심사/구매의도_대용량 소구,4645454,세탁기_트래픽_구독 페스티벌,1628465,2026.10.07.,네이버+ > 피드,25세 ~ 29세 남성,0,9,0,0,0,0.00,0,0,0,0,0,0,0,0,0,0,0,0,0,0,0,0,0,0,0,0,0,0,0,0,0,0,0,0,0,0,0,0,0,0,0,0,0,0,0,0,0,0,0,0,0,0,0.00,0,0.00,0.00
세탁기_관심사/구매의도_대용량 소구,4645454,세탁기_트래픽_구독 페스티벌,1628465,2026.10.07.,네이버+ > 피드,30세 ~ 34세 남성,0,11,0,0,0,0.00,0,0,0,0,0,0,0,0,0,0,0,0,0,0,0,0,0,0,0,0,0,0,0,0,0,0,0,0,0,0,0,0,0,0,0,0,0,0,0,0,0,0,0,0,0,0,0.00,0,0.00,0.00
세탁기_관심사/구매의도_대용량 소구,4645454,세탁기_트래픽_구독 페스티벌,1628465,2026.10.07.,네이버+ > 피드,35세 ~ 39세 남성,0,15,0,0,0,0.00,0,0,0,0,0,0,0,0,0,0,0,0,0,0,0,0,0,0,0,0,0,0,0,0,0,0,0,0,0,0,0,0,0,0,0,0,0,0,0,0,0,0,0,0,0,0,0.00,0,0.00,0.00
세탁기_관심사/구매의도_대용량 소구,4645454,세탁기_트래픽_구독 페스티벌,1628465,2026.10.07.,네이버+ > 피드,40세 ~ 44세 남성,86,45,1901,1,86,2.22,0,0,0,0,0,0,0,0,0,0,0,0,0,0,0,0,0,0,0,0,0,0,0,0,0,0,0,0,0,0,0,0,0,0,0,0,0,0,0,0,0,0,0,0,0,0,0.00,0,0.00,0.00
세탁기_관심사/구매의도_대용량 소구,4645454,세탁기_트래픽_구독 페스티벌,1628465,2026.10.07.,네이버+ > 피드,45세 ~ 49세 남성,154,58,2659,2,77,3.45,0,0,0,0,0,0,0,0,0,0,0,0,0,0,0,0,0,0,0,0,0,0,0,0,0,0,0,0,0,0,0,0,0,0,0,0,0,0,0,0,0,0,0,0,0,0,0.00,0,0.00,0.00
세탁기_관심사/구매의도_대용량 소구,4645454,세탁기_트래픽_구독 페스티벌,1628465,2026.10.07.,네이버+ > 피드,50세 ~ 54세 남성,194,63,3078,2,97,3.17,0,0,0,0,0,0,0,0,0,0,0,0,0,0,0,0,0,0,0,0,0,0,0,0,0,0,0,0,0,0,0,0,0,0,0,0,0,0,0,0,0,0,0,0,0,0,0.00,0,0.00,0.00
세탁기_관심사/구매의도_대용량 소구,4645454,세탁기_트래픽_구독 페스티벌,1628465,2026.10.07.,네이버+ > 피드,55세 ~ 59세 남성,243,88,2759,3,81,3.41,0,0,0,0,0,0,0,0,0,0,0,0,0,0,0,0,0,0,0,0,0,0,0,0,0,0,0,0,0,0,0,0,0,0,0,0,0,0,0,0,0,0,0,0,0,0,0.00,0,0.00,0.00
세탁기_관심사/구매의도_대용량 소구,4645454,세탁기_트래픽_구독 페스티벌,1628465,2026.10.07.,네이버+ > 피드,60세 ~ 99세 남성,1255,518,2423,15,84,2.90,0,0,0,0,0,0,0,0,0,0,0,0,0,0,0,0,0,0,0,0,0,0,0,0,0,0,0,0,0,0,0,0,0,0,0,0,0,0,0,0,0,0,0,0,0,0,0.00,0,0.00,0.00
세탁기_관심사/구매의도_대용량 소구,4645454,세탁기_트래픽_구독 페스티벌,1628465,2026.10.07.,네이버+ > 피드,연령 알 수 없음 남성,0,12,0,0,0,0.00,0,0,0,0,0,0,0,0,0,0,0,0,0,0,0,0,0,0,0,0,0,0,0,0,0,0,0,0,0,0,0,0,0,0,0,0,0,0,0,0,0,0,0,0,0,0,0.00,0,0.00,0.00
세탁기_관심사/구매의도_대용량 소구,4645454,세탁기_트래픽_구독 페스티벌,1628465,2026.10.07.,네이버+ > 피드,14세 ~ 18세 성별 알 수 없음,0,1,0,0,0,0.00,0,0,0,0,0,0,0,0,0,0,0,0,0,0,0,0,0,0,0,0,0,0,0,0,0,0,0,0,0,0,0,0,0,0,0,0,0,0,0,0,0,0,0,0,0,0,0.00,0,0.00,0.00
세탁기_관심사/구매의도_대용량 소구,4645454,세탁기_트래픽_구독 페스티벌,1628465,2026.10.07.,네이버+ > 피드,55세 ~ 59세 성별 알 수 없음,0,4,0,0,0,0.00,0,0,0,0,0,0,0,0,0,0,0,0,0,0,0,0,0,0,0,0,0,0,0,0,0,0,0,0,0,0,0,0,0,0,0,0,0,0,0,0,0,0,0,0,0,0,0.00,0,0.00,0.00
세탁기_관심사/구매의도_대용량 소구,4645454,세탁기_트래픽_구독 페스티벌,1628465,2026.10.07.,네이버+ > 피드,60세 ~ 99세 성별 알 수 없음,0,8,0,0,0,0.00,0,0,0,0,0,0,0,0,0,0,0,0,0,0,0,0,0,0,0,0,0,0,0,0,0,0,0,0,0,0,0,0,0,0,0,0,0,0,0,0,0,0,0,0,0,0,0.00,0,0.00,0.00
세탁기_관심사/구매의도_대용량 소구,4645454,세탁기_트래픽_구독 페스티벌,1628465,2026.10.07.,네이버+ > 피드,알 수 없음,256,113,2267,3,85,2.65,0,0,0,0,0,0,0,0,0,0,0,0,0,0,0,0,0,0,0,0,0,0,0,0,0,0,0,0,0,0,0,0,0,0,0,0,0,0,0,0,0,0,0,0,0,0,0.00,0,0.00,0.00
세탁기_관심사/구매의도_대용량 소구,4645454,세탁기_트래픽_구독 페스티벌,1628465,2026.10.07.,네이버+ > 네이버 메인,14세 ~ 18세 여성,0,25,0,0,0,0.00,0,0,0,0,0,0,0,0,0,0,0,0,0,0,0,0,0,0,0,0,0,0,0,0,0,0,0,0,0,0,0,0,0,0,0,0,0,0,0,0,0,0,0,0,0,0,0.00,0,0.00,0.00
세탁기_관심사/구매의도_대용량 소구,4645454,세탁기_트래픽_구독 페스티벌,1628465,2026.10.07.,네이버+ > 네이버 메인,19세 ~ 24세 여성,0,50,0,0,0,0.00,0,0,0,0,0,0,0,0,0,0,0,0,0,0,0,0,0,0,0,0,0,0,0,0,0,0,0,0,0,0,0,0,0,0,0,0,0,0,0,0,0,0,0,0,0,0,0.00,0,0.00,0.00
세탁기_관심사/구매의도_대용량 소구,4645454,세탁기_트래픽_구독 페스티벌,1628465,2026.10.07.,네이버+ > 네이버 메인,25세 ~ 29세 여성,0,1,0,0,0,0.00,0,0,0,0,0,0,0,0,0,0,0,0,0,0,0,0,0,0,0,0,0,0,0,0,0,0,0,0,0,0,0,0,0,0,0,0,0,0,0,0,0,0,0,0,0,0,0.00,0,0.00,0.00
세탁기_관심사/구매의도_대용량 소구,4645454,세탁기_트래픽_구독 페스티벌,1628465,2026.10.07.,네이버+ > 네이버 메인,30세 ~ 34세 여성,0,5,0,0,0,0.00,0,0,0,0,0,0,0,0,0,0,0,0,0,0,0,0,0,0,0,0,0,0,0,0,0,0,0,0,0,0,0,0,0,0,0,0,0,0,0,0,0,0,0,0,0,0,0.00,0,0.00,0.00
세탁기_관심사/구매의도_대용량 소구,4645454,세탁기_트래픽_구독 페스티벌,1628465,2026.10.07.,네이버+ > 네이버 메인,35세 ~ 39세 여성,0,5,0,0,0,0.00,0,0,0,0,0,0,0,0,0,0,0,0,0,0,0,0,0,0,0,0,0,0,0,0,0,0,0,0,0,0,0,0,0,0,0,0,0,0,0,0,0,0,0,0,0,0,0.00,0,0.00,0.00
세탁기_관심사/구매의도_대용량 소구,4645454,세탁기_트래픽_구독 페스티벌,1628465,2026.10.07.,네이버+ > 네이버 메인,40세 ~ 44세 여성,0,10,0,0,0,0.00,0,0,0,0,0,0,0,0,0,0,0,0,0,0,0,0,0,0,0,0,0,0,0,0,0,0,0,0,0,0,0,0,0,0,0,0,0,0,0,0,0,0,0,0,0,0,0.00,0,0.00,0.00
세탁기_관심사/구매의도_대용량 소구,4645454,세탁기_트래픽_구독 페스티벌,1628465,2026.10.07.,네이버+ > 네이버 메인,45세 ~ 49세 여성,0,4,0,0,0,0.00,0,0,0,0,0,0,0,0,0,0,0,0,0,0,0,0,0,0,0,0,0,0,0,0,0,0,0,0,0,0,0,0,0,0,0,0,0,0,0,0,0,0,0,0,0,0,0.00,0,0.00,0.00
세탁기_관심사/구매의도_대용량 소구,4645454,세탁기_트래픽_구독 페스티벌,1628465,2026.10.07.,네이버+ > 네이버 메인,50세 ~ 54세 여성,0,1,0,0,0,0.00,0,0,0,0,0,0,0,0,0,0,0,0,0,0,0,0,0,0,0,0,0,0,0,0,0,0,0,0,0,0,0,0,0,0,0,0,0,0,0,0,0,0,0,0,0,0,0.00,0,0.00,0.00
세탁기_관심사/구매의도_대용량 소구,4645454,세탁기_트래픽_구독 페스티벌,1628465,2026.10.07.,네이버+ > 네이버 메인,55세 ~ 59세 여성,0,5,0,0,0,0.00,0,0,0,0,0,0,0,0,0,0,0,0,0,0,0,0,0,0,0,0,0,0,0,0,0,0,0,0,0,0,0,0,0,0,0,0,0,0,0,0,0,0,0,0,0,0,0.00,0,0.00,0.00
세탁기_관심사/구매의도_대용량 소구,4645454,세탁기_트래픽_구독 페스티벌,1628465,2026.10.07.,네이버+ > 네이버 메인,60세 ~ 99세 여성,0,30,0,0,0,0.00,0,0,0,0,0,0,0,0,0,0,0,0,0,0,0,0,0,0,0,0,0,0,0,0,0,0,0,0,0,0,0,0,0,0,0,0,0,0,0,0,0,0,0,0,0,0,0.00,0,0.00,0.00
세탁기_관심사/구매의도_대용량 소구,4645454,세탁기_트래픽_구독 페스티벌,1628465,2026.10.07.,네이버+ > 네이버 메인,"연령 알 수 없음 여성 ",0,32,0,0,0,0.00,0,0,0,0,0,0,0,0,0,0,0,0,0,0,0,0,0,0,0,0,0,0,0,0,0,0,0,0,0,0,0,0,0,0,0,0,0,0,0,0,0,0,0,0,0,0,0.00,0,0.00,0.00
세탁기_관심사/구매의도_대용량 소구,4645454,세탁기_트래픽_구독 페스티벌,1628465,2026.10.07.,네이버+ > 네이버 메인,14세 ~ 18세 남성,0,56,0,0,0,0.00,0,0,0,0,0,0,0,0,0,0,0,0,0,0,0,0,0,0,0,0,0,0,0,0,0,0,0,0,0,0,0,0,0,0,0,0,0,0,0,0,0,0,0,0,0,0,0.00,0,0.00,0.00
세탁기_관심사/구매의도_대용량 소구,4645454,세탁기_트래픽_구독 페스티벌,1628465,2026.10.07.,네이버+ > 네이버 메인,19세 ~ 24세 남성,0,123,0,0,0,0.00,0,0,0,0,0,0,0,0,0,0,0,0,0,0,0,0,0,0,0,0,0,0,0,0,0,0,0,0,0,0,0,0,0,0,0,0,0,0,0,0,0,0,0,0,0,0,0.00,0,0.00,0.00
세탁기_관심사/구매의도_대용량 소구,4645454,세탁기_트래픽_구독 페스티벌,1628465,2026.10.07.,네이버+ > 네이버 메인,25세 ~ 29세 남성,0,40,0,0,0,0.00,0,0,0,0,0,0,0,0,0,0,0,0,0,0,0,0,0,0,0,0,0,0,0,0,0,0,0,0,0,0,0,0,0,0,0,0,0,0,0,0,0,0,0,0,0,0,0.00,0,0.00,0.00
세탁기_관심사/구매의도_대용량 소구,4645454,세탁기_트래픽_구독 페스티벌,1628465,2026.10.07.,네이버+ > 네이버 메인,30세 ~ 34세 남성,0,9,0,0,0,0.00,0,0,0,0,0,0,0,0,0,0,0,0,0,0,0,0,0,0,0,0,0,0,0,0,0,0,0,0,0,0,0,0,0,0,0,0,0,0,0,0,0,0,0,0,0,0,0.00,0,0.00,0.00
세탁기_관심사/구매의도_대용량 소구,4645454,세탁기_트래픽_구독 페스티벌,1628465,2026.10.07.,네이버+ > 네이버 메인,35세 ~ 39세 남성,0,35,0,0,0,0.00,0,0,0,0,0,0,0,0,0,0,0,0,0,0,0,0,0,0,0,0,0,0,0,0,0,0,0,0,0,0,0,0,0,0,0,0,0,0,0,0,0,0,0,0,0,0,0.00,0,0.00,0.00
세탁기_관심사/구매의도_대용량 소구,4645454,세탁기_트래픽_구독 페스티벌,1628465,2026.10.07.,네이버+ > 네이버 메인,40세 ~ 44세 남성,0,38,0,0,0,0.00,0,0,0,0,0,0,0,0,0,0,0,0,0,0,0,0,0,0,0,0,0,0,0,0,0,0,0,0,0,0,0,0,0,0,0,0,0,0,0,0,0,0,0,0,0,0,0.00,0,0.00,0.00
세탁기_관심사/구매의도_대용량 소구,4645454,세탁기_트래픽_구독 페스티벌,1628465,2026.10.07.,네이버+ > 네이버 메인,45세 ~ 49세 남성,0,66,0,0,0,0.00,0,0,0,0,0,0,0,0,0,0,0,0,0,0,0,0,0,0,0,0,0,0,0,0,0,0,0,0,0,0,0,0,0,0,0,0,0,0,0,0,0,0,0,0,0,0,0.00,0,0.00,0.00
세탁기_관심사/구매의도_대용량 소구,4645454,세탁기_트래픽_구독 페스티벌,1628465,2026.10.07.,네이버+ > 네이버 메인,50세 ~ 54세 남성,0,36,0,0,0,0.00,0,0,0,0,0,0,0,0,0,0,0,0,0,0,0,0,0,0,0,0,0,0,0,0,0,0,0,0,0,0,0,0,0,0,0,0,0,0,0,0,0,0,0,0,0,0,0.00,0,0.00,0.00
세탁기_관심사/구매의도_대용량 소구,4645454,세탁기_트래픽_구독 페스티벌,1628465,2026.10.07.,네이버+ > 네이버 메인,55세 ~ 59세 남성,0,47,0,0,0,0.00,0,0,0,0,0,0,0,0,0,0,0,0,0,0,0,0,0,0,0,0,0,0,0,0,0,0,0,0,0,0,0,0,0,0,0,0,0,0,0,0,0,0,0,0,0,0,0.00,0,0.00,0.00
세탁기_관심사/구매의도_대용량 소구,4645454,세탁기_트래픽_구독 페스티벌,1628465,2026.10.07.,네이버+ > 네이버 메인,60세 ~ 99세 남성,0,186,0,0,0,0.00,0,0,0,0,0,0,0,0,0,0,0,0,0,0,0,0,0,0,0,0,0,0,0,0,0,0,0,0,0,0,0,0,0,0,0,0,0,0,0,0,0,0,0,0,0,0,0.00,0,0.00,0.00
세탁기_관심사/구매의도_대용량 소구,4645454,세탁기_트래픽_구독 페스티벌,1628465,2026.10.07.,네이버+ > 네이버 메인,연령 알 수 없음 남성,0,172,0,0,0,0.00,0,0,0,0,0,0,0,0,0,0,0,0,0,0,0,0,0,0,0,0,0,0,0,0,0,0,0,0,0,0,0,0,0,0,0,0,0,0,0,0,0,0,0,0,0,0,0.00,0,0.00,0.00
세탁기_관심사/구매의도_대용량 소구,4645454,세탁기_트래픽_구독 페스티벌,1628465,2026.10.07.,네이버+ > 네이버 메인,19세 ~ 24세 성별 알 수 없음,0,12,0,0,0,0.00,0,0,0,0,0,0,0,0,0,0,0,0,0,0,0,0,0,0,0,0,0,0,0,0,0,0,0,0,0,0,0,0,0,0,0,0,0,0,0,0,0,0,0,0,0,0,0.00,0,0.00,0.00
세탁기_관심사/구매의도_대용량 소구,4645454,세탁기_트래픽_구독 페스티벌,1628465,2026.10.07.,네이버+ > 네이버 메인,35세 ~ 39세 성별 알 수 없음,0,1,0,0,0,0.00,0,0,0,0,0,0,0,0,0,0,0,0,0,0,0,0,0,0,0,0,0,0,0,0,0,0,0,0,0,0,0,0,0,0,0,0,0,0,0,0,0,0,0,0,0,0,0.00,0,0.00,0.00
세탁기_관심사/구매의도_대용량 소구,4645454,세탁기_트래픽_구독 페스티벌,1628465,2026.10.07.,네이버+ > 네이버 메인,60세 ~ 99세 성별 알 수 없음,0,5,0,0,0,0.00,0,0,0,0,0,0,0,0,0,0,0,0,0,0,0,0,0,0,0,0,0,0,0,0,0,0,0,0,0,0,0,0,0,0,0,0,0,0,0,0,0,0,0,0,0,0,0.00,0,0.00,0.00
세탁기_관심사/구매의도_대용량 소구,4645454,세탁기_트래픽_구독 페스티벌,1628465,2026.10.07.,네이버+ > 네이버 메인,알 수 없음,0,297,0,0,0,0.00,0,0,0,0,0,0,0,0,0,0,0,0,0,0,0,0,0,0,0,0,0,0,0,0,0,0,0,0,0,0,0,0,0,0,0,0,0,0,0,0,0,0,0,0,0,0,0.00,0,0.00,0.00
세탁기_관심사/구매의도_대용량 소구,4645454,세탁기_트래픽_구독 페스티벌,1628465,2026.10.07.,네이버+ > 서비스 통합,14세 ~ 18세 여성,0,143,0,0,0,0.00,0,0,0,0,0,0,0,0,0,0,0,0,0,0,0,0,0,0,0,0,0,0,0,0,0,0,0,0,0,0,0,0,0,0,0,0,0,0,0,0,0,0,0,0,0,0,0.00,0,0.00,0.00
세탁기_관심사/구매의도_대용량 소구,4645454,세탁기_트래픽_구독 페스티벌,1628465,2026.10.07.,네이버+ > 서비스 통합,19세 ~ 24세 여성,0,44,0,0,0,0.00,0,0,0,0,0,0,0,0,0,0,0,0,0,0,0,0,0,0,0,0,0,0,0,0,0,0,0,0,0,0,0,0,0,0,0,0,0,0,0,0,0,0,0,0,0,0,0.00,0,0.00,0.00
세탁기_관심사/구매의도_대용량 소구,4645454,세탁기_트래픽_구독 페스티벌,1628465,2026.10.07.,네이버+ > 서비스 통합,25세 ~ 29세 여성,0,20,0,0,0,0.00,0,0,0,0,0,0,0,0,0,0,0,0,0,0,0,0,0,0,0,0,0,0,0,0,0,0,0,0,0,0,0,0,0,0,0,0,0,0,0,0,0,0,0,0,0,0,0.00,0,0.00,0.00
세탁기_관심사/구매의도_대용량 소구,4645454,세탁기_트래픽_구독 페스티벌,1628465,2026.10.07.,네이버+ > 서비스 통합,30세 ~ 34세 여성,0,8,0,0,0,0.00,0,0,0,0,0,0,0,0,0,0,0,0,0,0,0,0,0,0,0,0,0,0,0,0,0,0,0,0,0,0,0,0,0,0,0,0,0,0,0,0,0,0,0,0,0,0,0.00,0,0.00,0.00
세탁기_관심사/구매의도_대용량 소구,4645454,세탁기_트래픽_구독 페스티벌,1628465,2026.10.07.,네이버+ > 서비스 통합,35세 ~ 39세 여성,0,17,0,0,0,0.00,0,0,0,0,0,0,0,0,0,0,0,0,0,0,0,0,0,0,0,0,0,0,0,0,0,0,0,0,0,0,0,0,0,0,0,0,0,0,0,0,0,0,0,0,0,0,0.00,0,0.00,0.00
세탁기_관심사/구매의도_대용량 소구,4645454,세탁기_트래픽_구독 페스티벌,1628465,2026.10.07.,네이버+ > 서비스 통합,45세 ~ 49세 여성,0,17,0,0,0,0.00,0,0,0,0,0,0,0,0,0,0,0,0,0,0,0,0,0,0,0,0,0,0,0,0,0,0,0,0,0,0,0,0,0,0,0,0,0,0,0,0,0,0,0,0,0,0,0.00,0,0.00,0.00
세탁기_관심사/구매의도_대용량 소구,4645454,세탁기_트래픽_구독 페스티벌,1628465,2026.10.07.,네이버+ > 서비스 통합,50세 ~ 54세 여성,0,3,0,0,0,0.00,0,0,0,0,0,0,0,0,0,0,0,0,0,0,0,0,0,0,0,0,0,0,0,0,0,0,0,0,0,0,0,0,0,0,0,0,0,0,0,0,0,0,0,0,0,0,0.00,0,0.00,0.00
세탁기_관심사/구매의도_대용량 소구,4645454,세탁기_트래픽_구독 페스티벌,1628465,2026.10.07.,네이버+ > 서비스 통합,55세 ~ 59세 여성,0,23,0,0,0,0.00,0,0,0,0,0,0,0,0,0,0,0,0,0,0,0,0,0,0,0,0,0,0,0,0,0,0,0,0,0,0,0,0,0,0,0,0,0,0,0,0,0,0,0,0,0,0,0.00,0,0.00,0.00
세탁기_관심사/구매의도_대용량 소구,4645454,세탁기_트래픽_구독 페스티벌,1628465,2026.10.07.,네이버+ > 서비스 통합,60세 ~ 99세 여성,86,136,633,1,86,0.74,0,0,0,0,0,0,0,0,0,0,0,0,0,0,0,0,0,0,0,0,0,0,0,0,0,0,0,0,0,0,0,0,0,0,0,0,0,0,0,0,0,0,0,0,0,0,0.00,0,0.00,0.00
세탁기_관심사/구매의도_대용량 소구,4645454,세탁기_트래픽_구독 페스티벌,1628465,2026.10.07.,네이버+ > 서비스 통합,"연령 알 수 없음 여성 ",0,50,0,0,0,0.00,0,0,0,0,0,0,0,0,0,0,0,0,0,0,0,0,0,0,0,0,0,0,0,0,0,0,0,0,0,0,0,0,0,0,0,0,0,0,0,0,0,0,0,0,0,0,0.00,0,0.00,0.00
세탁기_관심사/구매의도_대용량 소구,4645454,세탁기_트래픽_구독 페스티벌,1628465,2026.10.07.,네이버+ > 서비스 통합,14세 ~ 18세 남성,603,979,616,7,86,0.72,0,0,0,0,0,0,0,0,0,0,0,0,0,0,0,0,0,0,0,0,0,0,0,0,0,0,0,0,0,0,0,0,0,0,0,0,0,0,0,0,0,0,0,0,0,0,0.00,0,0.00,0.00
세탁기_관심사/구매의도_대용량 소구,4645454,세탁기_트래픽_구독 페스티벌,1628465,2026.10.07.,네이버+ > 서비스 통합,19세 ~ 24세 남성,0,130,0,0,0,0.00,0,0,0,0,0,0,0,0,0,0,0,0,0,0,0,0,0,0,0,0,0,0,0,0,0,0,0,0,0,0,0,0,0,0,0,0,0,0,0,0,0,0,0,0,0,0,0.00,0,0.00,0.00
세탁기_관심사/구매의도_대용량 소구,4645454,세탁기_트래픽_구독 페스티벌,1628465,2026.10.07.,네이버+ > 서비스 통합,25세 ~ 29세 남성,0,83,0,0,0,0.00,0,0,0,0,0,0,0,0,0,0,0,0,0,0,0,0,0,0,0,0,0,0,0,0,0,0,0,0,0,0,0,0,0,0,0,0,0,0,0,0,0,0,0,0,0,0,0.00,0,0.00,0.00
세탁기_관심사/구매의도_대용량 소구,4645454,세탁기_트래픽_구독 페스티벌,1628465,2026.10.07.,네이버+ > 서비스 통합,30세 ~ 34세 남성,0,50,0,0,0,0.00,0,0,0,0,0,0,0,0,0,0,0,0,0,0,0,0,0,0,0,0,0,0,0,0,0,0,0,0,0,0,0,0,0,0,0,0,0,0,0,0,0,0,0,0,0,0,0.00,0,0.00,0.00
세탁기_관심사/구매의도_대용량 소구,4645454,세탁기_트래픽_구독 페스티벌,1628465,2026.10.07.,네이버+ > 서비스 통합,35세 ~ 39세 남성,0,28,0,0,0,0.00,0,0,0,0,0,0,0,0,0,0,0,0,0,0,0,0,0,0,0,0,0,0,0,0,0,0,0,0,0,0,0,0,0,0,0,0,0,0,0,0,0,0,0,0,0,0,0.00,0,0.00,0.00
세탁기_관심사/구매의도_대용량 소구,4645454,세탁기_트래픽_구독 페스티벌,1628465,2026.10.07.,네이버+ > 서비스 통합,40세 ~ 44세 남성,0,54,0,0,0,0.00,0,0,0,0,0,0,0,0,0,0,0,0,0,0,0,0,0,0,0,0,0,0,0,0,0,0,0,0,0,0,0,0,0,0,0,0,0,0,0,0,0,0,0,0,0,0,0.00,0,0.00,0.00
세탁기_관심사/구매의도_대용량 소구,4645454,세탁기_트래픽_구독 페스티벌,1628465,2026.10.07.,네이버+ > 서비스 통합,45세 ~ 49세 남성,0,51,0,0,0,0.00,0,0,0,0,0,0,0,0,0,0,0,0,0,0,0,0,0,0,0,0,0,0,0,0,0,0,0,0,0,0,0,0,0,0,0,0,0,0,0,0,0,0,0,0,0,0,0.00,0,0.00,0.00
세탁기_관심사/구매의도_대용량 소구,4645454,세탁기_트래픽_구독 페스티벌,1628465,2026.10.07.,네이버+ > 서비스 통합,50세 ~ 54세 남성,0,72,0,0,0,0.00,0,0,0,0,0,0,0,0,0,0,0,0,0,0,0,0,0,0,0,0,0,0,0,0,0,0,0,0,0,0,0,0,0,0,0,0,0,0,0,0,0,0,0,0,0,0,0.00,0,0.00,0.00
세탁기_관심사/구매의도_대용량 소구,4645454,세탁기_트래픽_구독 페스티벌,1628465,2026.10.07.,네이버+ > 서비스 통합,55세 ~ 59세 남성,117,117,1000,1,117,0.85,0,0,0,0,0,0,0,0,0,0,0,0,0,0,0,0,0,0,0,0,0,0,0,0,0,0,0,0,0,0,0,0,0,0,0,0,0,0,0,0,0,0,0,0,0,0,0.00,0,0.00,0.00
세탁기_관심사/구매의도_대용량 소구,4645454,세탁기_트래픽_구독 페스티벌,1628465,2026.10.07.,네이버+ > 서비스 통합,60세 ~ 99세 남성,0,905,0,0,0,0.00,0,0,0,0,0,0,0,0,0,0,0,0,0,0,0,0,0,0,0,0,0,0,0,0,0,0,0,0,0,0,0,0,0,0,0,0,0,0,0,0,0,0,0,0,0,0,0.00,0,0.00,0.00
세탁기_관심사/구매의도_대용량 소구,4645454,세탁기_트래픽_구독 페스티벌,1628465,2026.10.07.,네이버+ > 서비스 통합,연령 알 수 없음 남성,0,323,0,0,0,0.00,0,0,0,0,0,0,0,0,0,0,0,0,0,0,0,0,0,0,0,0,0,0,0,0,0,0,0,0,0,0,0,0,0,0,0,0,0,0,0,0,0,0,0,0,0,0,0.00,0,0.00,0.00
세탁기_관심사/구매의도_대용량 소구,4645454,세탁기_트래픽_구독 페스티벌,1628465,2026.10.07.,네이버+ > 서비스 통합,14세 ~ 18세 성별 알 수 없음,0,8,0,0,0,0.00,0,0,0,0,0,0,0,0,0,0,0,0,0,0,0,0,0,0,0,0,0,0,0,0,0,0,0,0,0,0,0,0,0,0,0,0,0,0,0,0,0,0,0,0,0,0,0.00,0,0.00,0.00
세탁기_관심사/구매의도_대용량 소구,4645454,세탁기_트래픽_구독 페스티벌,1628465,2026.10.07.,네이버+ > 서비스 통합,19세 ~ 24세 성별 알 수 없음,0,6,0,0,0,0.00,0,0,0,0,0,0,0,0,0,0,0,0,0,0,0,0,0,0,0,0,0,0,0,0,0,0,0,0,0,0,0,0,0,0,0,0,0,0,0,0,0,0,0,0,0,0,0.00,0,0.00,0.00
세탁기_관심사/구매의도_대용량 소구,4645454,세탁기_트래픽_구독 페스티벌,1628465,2026.10.07.,네이버+ > 서비스 통합,25세 ~ 29세 성별 알 수 없음,0,6,0,0,0,0.00,0,0,0,0,0,0,0,0,0,0,0,0,0,0,0,0,0,0,0,0,0,0,0,0,0,0,0,0,0,0,0,0,0,0,0,0,0,0,0,0,0,0,0,0,0,0,0.00,0,0.00,0.00
세탁기_관심사/구매의도_대용량 소구,4645454,세탁기_트래픽_구독 페스티벌,1628465,2026.10.07.,네이버+ > 서비스 통합,30세 ~ 34세 성별 알 수 없음,0,1,0,0,0,0.00,0,0,0,0,0,0,0,0,0,0,0,0,0,0,0,0,0,0,0,0,0,0,0,0,0,0,0,0,0,0,0,0,0,0,0,0,0,0,0,0,0,0,0,0,0,0,0.00,0,0.00,0.00
세탁기_관심사/구매의도_대용량 소구,4645454,세탁기_트래픽_구독 페스티벌,1628465,2026.10.07.,네이버+ > 서비스 통합,35세 ~ 39세 성별 알 수 없음,0,5,0,0,0,0.00,0,0,0,0,0,0,0,0,0,0,0,0,0,0,0,0,0,0,0,0,0,0,0,0,0,0,0,0,0,0,0,0,0,0,0,0,0,0,0,0,0,0,0,0,0,0,0.00,0,0.00,0.00
세탁기_관심사/구매의도_대용량 소구,4645454,세탁기_트래픽_구독 페스티벌,1628465,2026.10.07.,네이버+ > 서비스 통합,40세 ~ 44세 성별 알 수 없음,0,2,0,0,0,0.00,0,0,0,0,0,0,0,0,0,0,0,0,0,0,0,0,0,0,0,0,0,0,0,0,0,0,0,0,0,0,0,0,0,0,0,0,0,0,0,0,0,0,0,0,0,0,0.00,0,0.00,0.00
세탁기_관심사/구매의도_대용량 소구,4645454,세탁기_트래픽_구독 페스티벌,1628465,2026.10.07.,네이버+ > 서비스 통합,55세 ~ 59세 성별 알 수 없음,0,3,0,0,0,0.00,0,0,0,0,0,0,0,0,0,0,0,0,0,0,0,0,0,0,0,0,0,0,0,0,0,0,0,0,0,0,0,0,0,0,0,0,0,0,0,0,0,0,0,0,0,0,0.00,0,0.00,0.00
세탁기_관심사/구매의도_대용량 소구,4645454,세탁기_트래픽_구독 페스티벌,1628465,2026.10.07.,네이버+ > 서비스 통합,60세 ~ 99세 성별 알 수 없음,0,15,0,0,0,0.00,0,0,0,0,0,0,0,0,0,0,0,0,0,0,0,0,0,0,0,0,0,0,0,0,0,0,0,0,0,0,0,0,0,0,0,0,0,0,0,0,0,0,0,0,0,0,0.00,0,0.00,0.00
세탁기_관심사/구매의도_대용량 소구,4645454,세탁기_트래픽_구독 페스티벌,1628465,2026.10.07.,네이버+ > 서비스 통합,알 수 없음,212,948,223,2,106,0.21,0,0,0,0,0,0,0,0,0,0,0,0,0,0,0,0,0,0,0,0,0,0,0,0,0,0,0,0,0,0,0,0,0,0,0,0,0,0,0,0,0,0,0,0,0,0,0.00,0,0.00,0.00
세탁기_관심사/구매의도_대용량 소구,4645454,세탁기_트래픽_구독 페스티벌,1628465,2026.10.07.,네이버 퍼포먼스 네트워크 > 서비스 통합,14세 ~ 18세 여성,0,1910,0,0,0,0.00,0,0,0,0,0,0,0,0,0,0,0,0,0,0,0,0,0,0,0,0,0,0,0,0,0,0,0,0,0,0,0,0,0,0,0,0,0,0,0,0,0,0,0,0,0,0,0.00,0,0.00,0.00
세탁기_관심사/구매의도_대용량 소구,4645454,세탁기_트래픽_구독 페스티벌,1628465,2026.10.07.,네이버 퍼포먼스 네트워크 > 서비스 통합,19세 ~ 24세 여성,99,2890,34,1,99,0.03,0,0,0,0,0,0,0,0,0,0,0,0,0,0,0,0,0,0,0,0,0,0,0,0,0,0,0,0,0,0,0,0,0,0,0,0,0,0,0,0,0,0,0,0,0,0,0.00,0,0.00,0.00
세탁기_관심사/구매의도_대용량 소구,4645454,세탁기_트래픽_구독 페스티벌,1628465,2026.10.07.,네이버 퍼포먼스 네트워크 > 서비스 통합,25세 ~ 29세 여성,237,1313,181,2,119,0.15,0,0,0,0,0,0,0,0,0,0,0,0,0,0,0,0,0,0,0,0,0,0,0,0,0,0,0,0,0,0,0,0,0,0,0,0,0,0,0,0,0,0,0,0,0,0,0.00,0,0.00,0.00
세탁기_관심사/구매의도_대용량 소구,4645454,세탁기_트래픽_구독 페스티벌,1628465,2026.10.07.,네이버 퍼포먼스 네트워크 > 서비스 통합,30세 ~ 34세 여성,127,808,158,1,127,0.12,0,0,0,0,0,0,0,0,0,0,0,0,0,0,0,0,0,0,0,0,0,0,0,0,0,0,0,0,0,0,0,0,0,0,0,0,0,0,0,0,0,0,0,0,0,0,0.00,0,0.00,0.00
세탁기_관심사/구매의도_대용량 소구,4645454,세탁기_트래픽_구독 페스티벌,1628465,2026.10.07.,네이버 퍼포먼스 네트워크 > 서비스 통합,35세 ~ 39세 여성,25,709,35,1,25,0.14,0,0,0,0,0,0,0,0,0,0,0,0,0,0,0,0,0,0,0,0,0,0,0,0,0,0,0,0,0,0,0,0,0,0,0,0,0,0,0,0,0,0,0,0,0,0,0.00,0,0.00,0.00
세탁기_관심사/구매의도_대용량 소구,4645454,세탁기_트래픽_구독 페스티벌,1628465,2026.10.07.,네이버 퍼포먼스 네트워크 > 서비스 통합,40세 ~ 44세 여성,84,984,85,1,84,0.10,0,0,0,0,0,0,0,0,0,0,0,0,0,0,0,0,0,0,0,0,0,0,0,0,0,0,0,0,0,0,0,0,0,0,0,0,0,0,0,0,0,0,0,0,0,0,0.00,0,0.00,0.00
세탁기_관심사/구매의도_대용량 소구,4645454,세탁기_트래픽_구독 페스티벌,1628465,2026.10.07.,네이버 퍼포먼스 네트워크 > 서비스 통합,45세 ~ 49세 여성,494,2399,206,5,99,0.21,0,0,0,0,0,0,0,0,0,0,0,0,0,0,0,0,0,0,0,0,0,0,0,0,0,0,0,0,0,0,0,0,0,0,0,0,0,0,0,0,0,0,0,0,0,0,0.00,0,0.00,0.00
세탁기_관심사/구매의도_대용량 소구,4645454,세탁기_트래픽_구독 페스티벌,1628465,2026.10.07.,네이버 퍼포먼스 네트워크 > 서비스 통합,50세 ~ 54세 여성,356,2284,156,3,119,0.13,0,0,0,0,0,0,0,0,0,0,0,0,0,0,0,0,0,0,0,0,0,0,0,0,0,0,0,0,0,0,0,0,0,0,0,0,0,0,0,0,0,0,0,0,0,0,0.00,0,0.00,0.00
세탁기_관심사/구매의도_대용량 소구,4645454,세탁기_트래픽_구독 페스티벌,1628465,2026.10.07.,네이버 퍼포먼스 네트워크 > 서비스 통합,55세 ~ 59세 여성,1032,3439,300,11,94,0.32,0,0,0,0,0,0,0,0,0,0,0,0,0,0,0,0,0,0,0,0,0,0,0,0,0,0,0,0,0,0,0,0,0,0,0,0,0,0,0,0,0,0,0,0,0,0,0.00,0,0.00,0.00
세탁기_관심사/구매의도_대용량 소구,4645454,세탁기_트래픽_구독 페스티벌,1628465,2026.10.07.,네이버 퍼포먼스 네트워크 > 서비스 통합,60세 ~ 99세 여성,6359,19332,329,64,99,0.33,0,0,0,0,0,0,0,0,0,0,0,0,0,0,0,0,0,0,0,0,0,0,0,0,0,0,0,0,0,0,0,0,0,0,0,0,0,0,0,0,0,0,0,0,0,0,0.00,0,0.00,0.00
세탁기_관심사/구매의도_대용량 소구,4645454,세탁기_트래픽_구독 페스티벌,1628465,2026.10.07.,네이버 퍼포먼스 네트워크 > 서비스 통합,"연령 알 수 없음 여성 ",187,1493,125,2,93,0.13,0,0,0,0,0,0,0,0,0,0,0,0,0,0,0,0,0,0,0,0,0,0,0,0,0,0,0,0,0,0,0,0,0,0,0,0,0,0,0,0,0,0,0,0,0,0,0.00,0,0.00,0.00
세탁기_관심사/구매의도_대용량 소구,4645454,세탁기_트래픽_구독 페스티벌,1628465,2026.10.07.,네이버 퍼포먼스 네트워크 > 서비스 통합,14세 ~ 18세 남성,629,3119,202,7,90,0.22,0,0,0,0,0,0,0,0,0,0,0,0,0,0,0,0,0,0,0,0,0,0,0,0,0,0,0,0,0,0,0,0,0,0,0,0,0,0,0,0,0,0,0,0,0,0,0.00,0,0.00,0.00
세탁기_관심사/구매의도_대용량 소구,4645454,세탁기_트래픽_구독 페스티벌,1628465,2026.10.07.,네이버 퍼포먼스 네트워크 > 서비스 통합,19세 ~ 24세 남성,624,6408,97,6,104,0.09,0,0,0,0,0,0,0,0,0,0,0,0,0,0,0,0,0,0,0,0,0,0,0,0,0,0,0,0,0,0,0,0,0,0,0,0,0,0,0,0,0,0,0,0,0,0,0.00,0,0.00,0.00
세탁기_관심사/구매의도_대용량 소구,4645454,세탁기_트래픽_구독 페스티벌,1628465,2026.10.07.,네이버 퍼포먼스 네트워크 > 서비스 통합,25세 ~ 29세 남성,411,6348,65,4,103,0.06,0,0,0,0,0,0,0,0,0,0,0,0,0,0,0,0,0,0,0,0,0,0,0,0,0,0,0,0,0,0,0,0,0,0,0,0,0,0,0,0,0,0,0,0,0,0,0.00,0,0.00,0.00
세탁기_관심사/구매의도_대용량 소구,4645454,세탁기_트래픽_구독 페스티벌,1628465,2026.10.07.,네이버 퍼포먼스 네트워크 > 서비스 통합,30세 ~ 34세 남성,286,4893,58,3,95,0.06,0,0,0,0,0,0,0,0,0,0,0,0,0,0,0,0,0,0,0,0,0,0,0,0,0,0,0,0,0,0,0,0,0,0,0,0,0,0,0,0,0,0,0,0,0,0,0.00,0,0.00,0.00
세탁기_관심사/구매의도_대용량 소구,4645454,세탁기_트래픽_구독 페스티벌,1628465,2026.10.07.,네이버 퍼포먼스 네트워크 > 서비스 통합,35세 ~ 39세 남성,278,3336,83,3,93,0.09,0,0,0,0,0,0,0,0,0,0,0,0,0,0,0,0,0,0,0,0,0,0,0,0,0,0,0,0,0,0,0,0,0,0,0,0,0,0,0,0,0,0,0,0,0,0,0.00,0,0.00,0.00
세탁기_관심사/구매의도_대용량 소구,4645454,세탁기_트래픽_구독 페스티벌,1628465,2026.10.07.,네이버 퍼포먼스 네트워크 > 서비스 통합,40세 ~ 44세 남성,296,2826,105,3,99,0.11,0,0,0,0,0,0,0,0,0,0,0,0,0,0,0,0,0,0,0,0,0,0,0,0,0,0,0,0,0,0,0,0,0,0,0,0,0,0,0,0,0,0,0,0,0,0,0.00,0,0.00,0.00
세탁기_관심사/구매의도_대용량 소구,4645454,세탁기_트래픽_구독 페스티벌,1628465,2026.10.07.,네이버 퍼포먼스 네트워크 > 서비스 통합,45세 ~ 49세 남성,914,3873,236,10,91,0.26,0,0,0,0,0,0,0,0,0,0,0,0,0,0,0,0,0,0,0,0,0,0,0,0,0,0,0,0,0,0,0,0,0,0,0,0,0,0,0,0,0,0,0,0,0,0,0.00,0,0.00,0.00
세탁기_관심사/구매의도_대용량 소구,4645454,세탁기_트래픽_구독 페스티벌,1628465,2026.10.07.,네이버 퍼포먼스 네트워크 > 서비스 통합,50세 ~ 54세 남성,431,5703,76,4,108,0.07,0,0,0,0,0,0,0,0,0,0,0,0,0,0,0,0,0,0,0,0,0,0,0,0,0,0,0,0,0,0,0,0,0,0,0,0,0,0,0,0,0,0,0,0,0,0,0.00,0,0.00,0.00
세탁기_관심사/구매의도_대용량 소구,4645454,세탁기_트래픽_구독 페스티벌,1628465,2026.10.07.,네이버 퍼포먼스 네트워크 > 서비스 통합,55세 ~ 59세 남성,967,7476,129,10,97,0.13,0,0,0,0,0,0,0,0,0,0,0,0,0,0,0,0,0,0,0,0,0,0,0,0,0,0,0,0,0,0,0,0,0,0,0,0,0,0,0,0,0,0,0,0,0,0,0.00,0,0.00,0.00
세탁기_관심사/구매의도_대용량 소구,4645454,세탁기_트래픽_구독 페스티벌,1628465,2026.10.07.,네이버 퍼포먼스 네트워크 > 서비스 통합,60세 ~ 99세 남성,4256,27689,154,46,93,0.17,0,0,0,0,0,0,0,0,0,0,0,0,0,0,0,0,0,0,0,0,0,0,0,0,0,0,0,0,0,0,0,0,0,0,0,0,0,0,0,0,0,0,0,0,0,0,0.00,0,0.00,0.00
세탁기_관심사/구매의도_대용량 소구,4645454,세탁기_트래픽_구독 페스티벌,1628465,2026.10.07.,네이버 퍼포먼스 네트워크 > 서비스 통합,연령 알 수 없음 남성,948,9841,96,10,95,0.10,0,0,0,0,0,0,0,0,0,0,0,0,0,0,0,0,0,0,0,0,0,0,0,0,0,0,0,0,0,0,0,0,0,0,0,0,0,0,0,0,0,0,0,0,0,0,0.00,0,0.00,0.00
세탁기_관심사/구매의도_대용량 소구,4645454,세탁기_트래픽_구독 페스티벌,1628465,2026.10.07.,네이버 퍼포먼스 네트워크 > 서비스 통합,14세 ~ 18세 성별 알 수 없음,0,174,0,0,0,0.00,0,0,0,0,0,0,0,0,0,0,0,0,0,0,0,0,0,0,0,0,0,0,0,0,0,0,0,0,0,0,0,0,0,0,0,0,0,0,0,0,0,0,0,0,0,0,0.00,0,0.00,0.00
세탁기_관심사/구매의도_대용량 소구,4645454,세탁기_트래픽_구독 페스티벌,1628465,2026.10.07.,네이버 퍼포먼스 네트워크 > 서비스 통합,19세 ~ 24세 성별 알 수 없음,0,234,0,0,0,0.00,0,0,0,0,0,0,0,0,0,0,0,0,0,0,0,0,0,0,0,0,0,0,0,0,0,0,0,0,0,0,0,0,0,0,0,0,0,0,0,0,0,0,0,0,0,0,0.00,0,0.00,0.00
세탁기_관심사/구매의도_대용량 소구,4645454,세탁기_트래픽_구독 페스티벌,1628465,2026.10.07.,네이버 퍼포먼스 네트워크 > 서비스 통합,25세 ~ 29세 성별 알 수 없음,0,136,0,0,0,0.00,0,0,0,0,0,0,0,0,0,0,0,0,0,0,0,0,0,0,0,0,0,0,0,0,0,0,0,0,0,0,0,0,0,0,0,0,0,0,0,0,0,0,0,0,0,0,0.00,0,0.00,0.00
세탁기_관심사/구매의도_대용량 소구,4645454,세탁기_트래픽_구독 페스티벌,1628465,2026.10.07.,네이버 퍼포먼스 네트워크 > 서비스 통합,30세 ~ 34세 성별 알 수 없음,0,142,0,0,0,0.00,0,0,0,0,0,0,0,0,0,0,0,0,0,0,0,0,0,0,0,0,0,0,0,0,0,0,0,0,0,0,0,0,0,0,0,0,0,0,0,0,0,0,0,0,0,0,0.00,0,0.00,0.00
세탁기_관심사/구매의도_대용량 소구,4645454,세탁기_트래픽_구독 페스티벌,1628465,2026.10.07.,네이버 퍼포먼스 네트워크 > 서비스 통합,35세 ~ 39세 성별 알 수 없음,0,90,0,0,0,0.00,0,0,0,0,0,0,0,0,0,0,0,0,0,0,0,0,0,0,0,0,0,0,0,0,0,0,0,0,0,0,0,0,0,0,0,0,0,0,0,0,0,0,0,0,0,0,0.00,0,0.00,0.00
세탁기_관심사/구매의도_대용량 소구,4645454,세탁기_트래픽_구독 페스티벌,1628465,2026.10.07.,네이버 퍼포먼스 네트워크 > 서비스 통합,40세 ~ 44세 성별 알 수 없음,0,92,0,0,0,0.00,0,0,0,0,0,0,0,0,0,0,0,0,0,0,0,0,0,0,0,0,0,0,0,0,0,0,0,0,0,0,0,0,0,0,0,0,0,0,0,0,0,0,0,0,0,0,0.00,0,0.00,0.00
세탁기_관심사/구매의도_대용량 소구,4645454,세탁기_트래픽_구독 페스티벌,1628465,2026.10.07.,네이버 퍼포먼스 네트워크 > 서비스 통합,45세 ~ 49세 성별 알 수 없음,0,58,0,0,0,0.00,0,0,0,0,0,0,0,0,0,0,0,0,0,0,0,0,0,0,0,0,0,0,0,0,0,0,0,0,0,0,0,0,0,0,0,0,0,0,0,0,0,0,0,0,0,0,0.00,0,0.00,0.00
세탁기_관심사/구매의도_대용량 소구,4645454,세탁기_트래픽_구독 페스티벌,1628465,2026.10.07.,네이버 퍼포먼스 네트워크 > 서비스 통합,50세 ~ 54세 성별 알 수 없음,0,64,0,0,0,0.00,0,0,0,0,0,0,0,0,0,0,0,0,0,0,0,0,0,0,0,0,0,0,0,0,0,0,0,0,0,0,0,0,0,0,0,0,0,0,0,0,0,0,0,0,0,0,0.00,0,0.00,0.00
세탁기_관심사/구매의도_대용량 소구,4645454,세탁기_트래픽_구독 페스티벌,1628465,2026.10.07.,네이버 퍼포먼스 네트워크 > 서비스 통합,55세 ~ 59세 성별 알 수 없음,0,40,0,0,0,0.00,0,0,0,0,0,0,0,0,0,0,0,0,0,0,0,0,0,0,0,0,0,0,0,0,0,0,0,0,0,0,0,0,0,0,0,0,0,0,0,0,0,0,0,0,0,0,0.00,0,0.00,0.00
세탁기_관심사/구매의도_대용량 소구,4645454,세탁기_트래픽_구독 페스티벌,1628465,2026.10.07.,네이버 퍼포먼스 네트워크 > 서비스 통합,60세 ~ 99세 성별 알 수 없음,109,313,347,1,109,0.32,0,0,0,0,0,0,0,0,0,0,0,0,0,0,0,0,0,0,0,0,0,0,0,0,0,0,0,0,0,0,0,0,0,0,0,0,0,0,0,0,0,0,0,0,0,0,0.00,0,0.00,0.00
세탁기_관심사/구매의도_대용량 소구,4645454,세탁기_트래픽_구독 페스티벌,1628465,2026.10.07.,네이버 퍼포먼스 네트워크 > 서비스 통합,알 수 없음,4338,32825,132,47,92,0.14,0,0,0,0,0,0,0,0,0,0,0,0,0,0,0,0,0,0,0,0,0,0,0,0,0,0,0,0,0,0,0,0,0,0,0,0,0,0,0,0,0,0,0,0,0,0,0.00,0,0.00,0.00
세탁기_관심사/구매의도_대용량 소구,4645454,세탁기_트래픽_구독 페스티벌,1628465,2026.10.07.,네이버 퍼포먼스 네트워크 > 피드,14세 ~ 18세 여성,0,11,0,0,0,0.00,0,0,0,0,0,0,0,0,0,0,0,0,0,0,0,0,0,0,0,0,0,0,0,0,0,0,0,0,0,0,0,0,0,0,0,0,0,0,0,0,0,0,0,0,0,0,0.00,0,0.00,0.00
세탁기_관심사/구매의도_대용량 소구,4645454,세탁기_트래픽_구독 페스티벌,1628465,2026.10.07.,네이버 퍼포먼스 네트워크 > 피드,19세 ~ 24세 여성,0,4,0,0,0,0.00,0,0,0,0,0,0,0,0,0,0,0,0,0,0,0,0,0,0,0,0,0,0,0,0,0,0,0,0,0,0,0,0,0,0,0,0,0,0,0,0,0,0,0,0,0,0,0.00,0,0.00,0.00
세탁기_관심사/구매의도_대용량 소구,4645454,세탁기_트래픽_구독 페스티벌,1628465,2026.10.07.,네이버 퍼포먼스 네트워크 > 피드,25세 ~ 29세 여성,0,1,0,0,0,0.00,0,0,0,0,0,0,0,0,0,0,0,0,0,0,0,0,0,0,0,0,0,0,0,0,0,0,0,0,0,0,0,0,0,0,0,0,0,0,0,0,0,0,0,0,0,0,0.00,0,0.00,0.00
세탁기_관심사/구매의도_대용량 소구,4645454,세탁기_트래픽_구독 페스티벌,1628465,2026.10.07.,네이버 퍼포먼스 네트워크 > 피드,30세 ~ 34세 여성,0,3,0,0,0,0.00,0,0,0,0,0,0,0,0,0,0,0,0,0,0,0,0,0,0,0,0,0,0,0,0,0,0,0,0,0,0,0,0,0,0,0,0,0,0,0,0,0,0,0,0,0,0,0.00,0,0.00,0.00
세탁기_관심사/구매의도_대용량 소구,4645454,세탁기_트래픽_구독 페스티벌,1628465,2026.10.07.,네이버 퍼포먼스 네트워크 > 피드,35세 ~ 39세 여성,0,1,0,0,0,0.00,0,0,0,0,0,0,0,0,0,0,0,0,0,0,0,0,0,0,0,0,0,0,0,0,0,0,0,0,0,0,0,0,0,0,0,0,0,0,0,0,0,0,0,0,0,0,0.00,0,0.00,0.00
세탁기_관심사/구매의도_대용량 소구,4645454,세탁기_트래픽_구독 페스티벌,1628465,2026.10.07.,네이버 퍼포먼스 네트워크 > 피드,40세 ~ 44세 여성,0,2,0,0,0,0.00,0,0,0,0,0,0,0,0,0,0,0,0,0,0,0,0,0,0,0,0,0,0,0,0,0,0,0,0,0,0,0,0,0,0,0,0,0,0,0,0,0,0,0,0,0,0,0.00,0,0.00,0.00
세탁기_관심사/구매의도_대용량 소구,4645454,세탁기_트래픽_구독 페스티벌,1628465,2026.10.07.,네이버 퍼포먼스 네트워크 > 피드,45세 ~ 49세 여성,0,75,0,0,0,0.00,0,0,0,0,0,0,0,0,0,0,0,0,0,0,0,0,0,0,0,0,0,0,0,0,0,0,0,0,0,0,0,0,0,0,0,0,0,0,0,0,0,0,0,0,0,0,0.00,0,0.00,0.00
세탁기_관심사/구매의도_대용량 소구,4645454,세탁기_트래픽_구독 페스티벌,1628465,2026.10.07.,네이버 퍼포먼스 네트워크 > 피드,50세 ~ 54세 여성,0,8,0,0,0,0.00,0,0,0,0,0,0,0,0,0,0,0,0,0,0,0,0,0,0,0,0,0,0,0,0,0,0,0,0,0,0,0,0,0,0,0,0,0,0,0,0,0,0,0,0,0,0,0.00,0,0.00,0.00
세탁기_관심사/구매의도_대용량 소구,4645454,세탁기_트래픽_구독 페스티벌,1628465,2026.10.07.,네이버 퍼포먼스 네트워크 > 피드,55세 ~ 59세 여성,0,8,0,0,0,0.00,0,0,0,0,0,0,0,0,0,0,0,0,0,0,0,0,0,0,0,0,0,0,0,0,0,0,0,0,0,0,0,0,0,0,0,0,0,0,0,0,0,0,0,0,0,0,0.00,0,0.00,0.00
세탁기_관심사/구매의도_대용량 소구,4645454,세탁기_트래픽_구독 페스티벌,1628465,2026.10.07.,네이버 퍼포먼스 네트워크 > 피드,60세 ~ 99세 여성,99,64,1541,1,99,1.56,0,0,0,0,0,0,0,0,0,0,0,0,0,0,0,0,0,0,0,0,0,0,0,0,0,0,0,0,0,0,0,0,0,0,0,0,0,0,0,0,0,0,0,0,0,0,0.00,0,0.00,0.00
세탁기_관심사/구매의도_대용량 소구,4645454,세탁기_트래픽_구독 페스티벌,1628465,2026.10.07.,네이버 퍼포먼스 네트워크 > 피드,14세 ~ 18세 남성,0,4,0,0,0,0.00,0,0,0,0,0,0,0,0,0,0,0,0,0,0,0,0,0,0,0,0,0,0,0,0,0,0,0,0,0,0,0,0,0,0,0,0,0,0,0,0,0,0,0,0,0,0,0.00,0,0.00,0.00
세탁기_관심사/구매의도_대용량 소구,4645454,세탁기_트래픽_구독 페스티벌,1628465,2026.10.07.,네이버 퍼포먼스 네트워크 > 피드,19세 ~ 24세 남성,0,4,0,0,0,0.00,0,0,0,0,0,0,0,0,0,0,0,0,0,0,0,0,0,0,0,0,0,0,0,0,0,0,0,0,0,0,0,0,0,0,0,0,0,0,0,0,0,0,0,0,0,0,0.00,0,0.00,0.00
세탁기_관심사/구매의도_대용량 소구,4645454,세탁기_트래픽_구독 페스티벌,1628465,2026.10.07.,네이버 퍼포먼스 네트워크 > 피드,30세 ~ 34세 남성,0,1,0,0,0,0.00,0,0,0,0,0,0,0,0,0,0,0,0,0,0,0,0,0,0,0,0,0,0,0,0,0,0,0,0,0,0,0,0,0,0,0,0,0,0,0,0,0,0,0,0,0,0,0.00,0,0.00,0.00
세탁기_관심사/구매의도_대용량 소구,4645454,세탁기_트래픽_구독 페스티벌,1628465,2026.10.07.,네이버 퍼포먼스 네트워크 > 피드,35세 ~ 39세 남성,0,1,0,0,0,0.00,0,0,0,0,0,0,0,0,0,0,0,0,0,0,0,0,0,0,0,0,0,0,0,0,0,0,0,0,0,0,0,0,0,0,0,0,0,0,0,0,0,0,0,0,0,0,0.00,0,0.00,0.00
세탁기_관심사/구매의도_대용량 소구,4645454,세탁기_트래픽_구독 페스티벌,1628465,2026.10.07.,네이버 퍼포먼스 네트워크 > 피드,40세 ~ 44세 남성,0,3,0,0,0,0.00,0,0,0,0,0,0,0,0,0,0,0,0,0,0,0,0,0,0,0,0,0,0,0,0,0,0,0,0,0,0,0,0,0,0,0,0,0,0,0,0,0,0,0,0,0,0,0.00,0,0.00,0.00
세탁기_관심사/구매의도_대용량 소구,4645454,세탁기_트래픽_구독 페스티벌,1628465,2026.10.07.,네이버 퍼포먼스 네트워크 > 피드,45세 ~ 49세 남성,0,14,0,0,0,0.00,0,0,0,0,0,0,0,0,0,0,0,0,0,0,0,0,0,0,0,0,0,0,0,0,0,0,0,0,0,0,0,0,0,0,0,0,0,0,0,0,0,0,0,0,0,0,0.00,0,0.00,0.00
세탁기_관심사/구매의도_대용량 소구,4645454,세탁기_트래픽_구독 페스티벌,1628465,2026.10.07.,네이버 퍼포먼스 네트워크 > 피드,50세 ~ 54세 남성,0,12,0,0,0,0.00,0,0,0,0,0,0,0,0,0,0,0,0,0,0,0,0,0,0,0,0,0,0,0,0,0,0,0,0,0,0,0,0,0,0,0,0,0,0,0,0,0,0,0,0,0,0,0.00,0,0.00,0.00
세탁기_관심사/구매의도_대용량 소구,4645454,세탁기_트래픽_구독 페스티벌,1628465,2026.10.07.,네이버 퍼포먼스 네트워크 > 피드,55세 ~ 59세 남성,0,5,0,0,0,0.00,0,0,0,0,0,0,0,0,0,0,0,0,0,0,0,0,0,0,0,0,0,0,0,0,0,0,0,0,0,0,0,0,0,0,0,0,0,0,0,0,0,0,0,0,0,0,0.00,0,0.00,0.00
세탁기_관심사/구매의도_대용량 소구,4645454,세탁기_트래픽_구독 페스티벌,1628465,2026.10.07.,네이버 퍼포먼스 네트워크 > 피드,60세 ~ 99세 남성,0,32,0,0,0,0.00,0,0,0,0,0,0,0,0,0,0,0,0,0,0,0,0,0,0,0,0,0,0,0,0,0,0,0,0,0,0,0,0,0,0,0,0,0,0,0,0,0,0,0,0,0,0,0.00,0,0.00,0.00
세탁기_관심사/구매의도_대용량 소구,4645454,세탁기_트래픽_구독 페스티벌,1628465,2026.10.07.,네이버 퍼포먼스 네트워크 > 피드,연령 알 수 없음 남성,0,1,0,0,0,0.00,0,0,0,0,0,0,0,0,0,0,0,0,0,0,0,0,0,0,0,0,0,0,0,0,0,0,0,0,0,0,0,0,0,0,0,0,0,0,0,0,0,0,0,0,0,0,0.00,0,0.00,0.00
세탁기_관심사/구매의도_대용량 소구,4645454,세탁기_트래픽_구독 페스티벌,1628465,2026.10.07.,네이버 퍼포먼스 네트워크 > 피드,알 수 없음,0,75,0,0,0,0.00,0,0,0,0,0,0,0,0,0,0,0,0,0,0,0,0,0,0,0,0,0,0,0,0,0,0,0,0,0,0,0,0,0,0,0,0,0,0,0,0,0,0,0,0,0,0,0.00,0,0.00,0.00
세탁기_관심사/구매의도_대용량 소구,4645454,세탁기_트래픽_구독 페스티벌,1628465,2026.10.06.,네이버+ > 피드,14세 ~ 18세 여성,0,5,0,0,0,0.00,0,0,0,0,0,0,0,0,0,0,0,0,0,0,0,0,0,0,0,0,0,0,0,0,0,0,0,0,0,0,0,0,0,0,0,0,0,0,0,0,0,0,0,0,0,0,0.00,0,0.00,0.00
세탁기_관심사/구매의도_대용량 소구,4645454,세탁기_트래픽_구독 페스티벌,1628465,2026.10.06.,네이버+ > 피드,19세 ~ 24세 여성,0,5,0,0,0,0.00,0,0,0,0,0,0,0,0,0,0,0,0,0,0,0,0,0,0,0,0,0,0,0,0,0,0,0,0,0,0,0,0,0,0,0,0,0,0,0,0,0,0,0,0,0,0,0.00,0,0.00,0.00
세탁기_관심사/구매의도_대용량 소구,4645454,세탁기_트래픽_구독 페스티벌,1628465,2026.10.06.,네이버+ > 피드,25세 ~ 29세 여성,0,7,0,0,0,0.00,0,0,0,0,0,0,0,0,0,0,0,0,0,0,0,0,0,0,0,0,0,0,0,0,0,0,0,0,0,0,0,0,0,0,0,0,0,0,0,0,0,0,0,0,0,0,0.00,0,0.00,0.00
세탁기_관심사/구매의도_대용량 소구,4645454,세탁기_트래픽_구독 페스티벌,1628465,2026.10.06.,네이버+ > 피드,30세 ~ 34세 여성,0,15,0,0,0,0.00,0,0,0,0,0,0,0,0,0,0,0,0,0,0,0,0,0,0,0,0,0,0,0,0,0,0,0,0,0,0,0,0,0,0,0,0,0,0,0,0,0,0,0,0,0,0,0.00,0,0.00,0.00
세탁기_관심사/구매의도_대용량 소구,4645454,세탁기_트래픽_구독 페스티벌,1628465,2026.10.06.,네이버+ > 피드,35세 ~ 39세 여성,95,8,11901,1,95,12.50,0,0,0,0,0,0,0,0,0,0,0,0,0,0,0,0,0,0,0,0,0,0,0,0,0,0,0,0,0,0,0,0,0,0,0,0,0,0,0,0,0,0,0,0,0,0,0.00,0,0.00,0.00
세탁기_관심사/구매의도_대용량 소구,4645454,세탁기_트래픽_구독 페스티벌,1628465,2026.10.06.,네이버+ > 피드,40세 ~ 44세 여성,182,36,5053,2,91,5.56,0,0,0,0,0,0,0,0,0,0,0,0,0,0,0,0,0,0,0,0,0,0,0,0,0,0,0,0,0,0,0,0,0,0,0,0,0,0,0,0,0,0,0,0,0,0,0.00,0,0.00,0.00
세탁기_관심사/구매의도_대용량 소구,4645454,세탁기_트래픽_구독 페스티벌,1628465,2026.10.06.,네이버+ > 피드,45세 ~ 49세 여성,0,33,0,0,0,0.00,0,0,0,0,0,0,0,0,0,0,0,0,0,0,0,0,0,0,0,0,0,0,0,0,0,0,0,0,0,0,0,0,0,0,0,0,0,0,0,0,0,0,0,0,0,0,0.00,0,0.00,0.00
세탁기_관심사/구매의도_대용량 소구,4645454,세탁기_트래픽_구독 페스티벌,1628465,2026.10.06.,네이버+ > 피드,50세 ~ 54세 여성,0,29,0,0,0,0.00,0,0,0,0,0,0,0,0,0,0,0,0,0,0,0,0,0,0,0,0,0,0,0,0,0,0,0,0,0,0,0,0,0,0,0,0,0,0,0,0,0,0,0,0,0,0,0.00,0,0.00,0.00
세탁기_관심사/구매의도_대용량 소구,4645454,세탁기_트래픽_구독 페스티벌,1628465,2026.10.06.,네이버+ > 피드,55세 ~ 59세 여성,214,119,1796,2,107,1.68,0,0,0,0,0,0,0,0,0,0,0,0,0,0,0,0,0,0,0,0,0,0,0,0,0,0,0,0,0,0,0,0,0,0,0,0,0,0,0,0,0,0,0,0,0,0,0.00,0,0.00,0.00
세탁기_관심사/구매의도_대용량 소구,4645454,세탁기_트래픽_구독 페스티벌,1628465,2026.10.06.,네이버+ > 피드,60세 ~ 99세 여성,1338,601,2227,15,89,2.50,0,0,0,0,0,0,0,0,0,0,0,0,0,0,0,0,0,0,0,0,0,0,0,0,0,0,0,0,0,0,0,0,0,0,0,0,0,0,0,0,0,0,0,0,0,0,0.00,0,0.00,0.00
세탁기_관심사/구매의도_대용량 소구,4645454,세탁기_트래픽_구독 페스티벌,1628465,2026.10.06.,네이버+ > 피드,"연령 알 수 없음 여성 ",0,15,0,0,0,0.00,0,0,0,0,0,0,0,0,0,0,0,0,0,0,0,0,0,0,0,0,0,0,0,0,0,0,0,0,0,0,0,0,0,0,0,0,0,0,0,0,0,0,0,0,0,0,0.00,0,0.00,0.00
세탁기_관심사/구매의도_대용량 소구,4645454,세탁기_트래픽_구독 페스티벌,1628465,2026.10.06.,네이버+ > 피드,14세 ~ 18세 남성,0,11,0,0,0,0.00,0,0,0,0,0,0,0,0,0,0,0,0,0,0,0,0,0,0,0,0,0,0,0,0,0,0,0,0,0,0,0,0,0,0,0,0,0,0,0,0,0,0,0,0,0,0,0.00,0,0.00,0.00
세탁기_관심사/구매의도_대용량 소구,4645454,세탁기_트래픽_구독 페스티벌,1628465,2026.10.06.,네이버+ > 피드,19세 ~ 24세 남성,224,9,24905,2,112,22.22,0,0,0,0,0,0,0,0,0,0,0,0,0,0,0,0,0,0,0,0,0,0,0,0,0,0,0,0,0,0,0,0,0,0,0,0,0,0,0,0,0,0,0,0,0,0,0.00,0,0.00,0.00
세탁기_관심사/구매의도_대용량 소구,4645454,세탁기_트래픽_구독 페스티벌,1628465,2026.10.06.,네이버+ > 피드,25세 ~ 29세 남성,0,9,0,0,0,0.00,0,0,0,0,0,0,0,0,0,0,0,0,0,0,0,0,0,0,0,0,0,0,0,0,0,0,0,0,0,0,0,0,0,0,0,0,0,0,0,0,0,0,0,0,0,0,0.00,0,0.00,0.00
세탁기_관심사/구매의도_대용량 소구,4645454,세탁기_트래픽_구독 페스티벌,1628465,2026.10.06.,네이버+ > 피드,30세 ~ 34세 남성,0,11,0,0,0,0.00,0,0,0,0,0,0,0,0,0,0,0,0,0,0,0,0,0,0,0,0,0,0,0,0,0,0,0,0,0,0,0,0,0,0,0,0,0,0,0,0,0,0,0,0,0,0,0.00,0,0.00,0.00
세탁기_관심사/구매의도_대용량 소구,4645454,세탁기_트래픽_구독 페스티벌,1628465,2026.10.06.,네이버+ > 피드,35세 ~ 39세 남성,110,29,3800,1,110,3.45,0,0,0,0,0,0,0,0,0,0,0,0,0,0,0,0,0,0,0,0,0,0,0,0,0,0,0,0,0,0,0,0,0,0,0,0,0,0,0,0,0,0,0,0,0,0,0.00,0,0.00,0.00
세탁기_관심사/구매의도_대용량 소구,4645454,세탁기_트래픽_구독 페스티벌,1628465,2026.10.06.,네이버+ > 피드,40세 ~ 44세 남성,258,37,6962,3,86,8.11,0,0,0,0,0,0,0,0,0,0,0,0,0,0,0,0,0,0,0,0,0,0,0,0,0,0,0,0,0,0,0,0,0,0,0,0,0,0,0,0,0,0,0,0,0,0,0.00,0,0.00,0.00
세탁기_관심사/구매의도_대용량 소구,4645454,세탁기_트래픽_구독 페스티벌,1628465,2026.10.06.,네이버+ > 피드,45세 ~ 49세 남성,112,53,2118,1,112,1.89,0,0,0,0,0,0,0,0,0,0,0,0,0,0,0,0,0,0,0,0,0,0,0,0,0,0,0,0,0,0,0,0,0,0,0,0,0,0,0,0,0,0,0,0,0,0,0.00,0,0.00,0.00
세탁기_관심사/구매의도_대용량 소구,4645454,세탁기_트래픽_구독 페스티벌,1628465,2026.10.06.,네이버+ > 피드,50세 ~ 54세 남성,149,50,2989,2,75,4.00,0,0,0,0,0,0,0,0,0,0,0,0,0,0,0,0,0,0,0,0,0,0,0,0,0,0,0,0,0,0,0,0,0,0,0,0,0,0,0,0,0,0,0,0,0,0,0.00,0,0.00,0.00
세탁기_관심사/구매의도_대용량 소구,4645454,세탁기_트래픽_구독 페스티벌,1628465,2026.10.06.,네이버+ > 피드,55세 ~ 59세 남성,297,73,4074,4,74,5.48,0,0,0,0,0,0,0,0,0,0,0,0,0,0,0,0,0,0,0,0,0,0,0,0,0,0,0,0,0,0,0,0,0,0,0,0,0,0,0,0,0,0,0,0,0,0,0.00,0,0.00,0.00
세탁기_관심사/구매의도_대용량 소구,4645454,세탁기_트래픽_구독 페스티벌,1628465,2026.10.06.,네이버+ > 피드,60세 ~ 99세 남성,1316,390,3376,15,88,3.85,0,0,0,0,0,0,0,0,0,0,0,0,0,0,0,0,0,0,0,0,0,0,0,0,0,0,0,0,0,0,0,0,0,0,0,0,0,0,0,0,0,0,0,0,0,0,0.00,0,0.00,0.00
세탁기_관심사/구매의도_대용량 소구,4645454,세탁기_트래픽_구독 페스티벌,1628465,2026.10.06.,네이버+ > 피드,연령 알 수 없음 남성,0,12,0,0,0,0.00,0,0,0,0,0,0,0,0,0,0,0,0,0,0,0,0,0,0,0,0,0,0,0,0,0,0,0,0,0,0,0,0,0,0,0,0,0,0,0,0,0,0,0,0,0,0,0.00,0,0.00,0.00
세탁기_관심사/구매의도_대용량 소구,4645454,세탁기_트래픽_구독 페스티벌,1628465,2026.10.06.,네이버+ > 피드,25세 ~ 29세 성별 알 수 없음,0,1,0,0,0,0.00,0,0,0,0,0,0,0,0,0,0,0,0,0,0,0,0,0,0,0,0,0,0,0,0,0,0,0,0,0,0,0,0,0,0,0,0,0,0,0,0,0,0,0,0,0,0,0.00,0,0.00,0.00
세탁기_관심사/구매의도_대용량 소구,4645454,세탁기_트래픽_구독 페스티벌,1628465,2026.10.06.,네이버+ > 피드,55세 ~ 59세 성별 알 수 없음,0,3,0,0,0,0.00,0,0,0,0,0,0,0,0,0,0,0,0,0,0,0,0,0,0,0,0,0,0,0,0,0,0,0,0,0,0,0,0,0,0,0,0,0,0,0,0,0,0,0,0,0,0,0.00,0,0.00,0.00
세탁기_관심사/구매의도_대용량 소구,4645454,세탁기_트래픽_구독 페스티벌,1628465,2026.10.06.,네이버+ > 피드,60세 ~ 99세 성별 알 수 없음,0,6,0,0,0,0.00,0,0,0,0,0,0,0,0,0,0,0,0,0,0,0,0,0,0,0,0,0,0,0,0,0,0,0,0,0,0,0,0,0,0,0,0,0,0,0,0,0,0,0,0,0,0,0.00,0,0.00,0.00
세탁기_관심사/구매의도_대용량 소구,4645454,세탁기_트래픽_구독 페스티벌,1628465,2026.10.06.,네이버+ > 피드,알 수 없음,545,106,5140,6,91,5.66,0,0,0,0,0,0,0,0,0,0,0,0,0,0,0,0,0,0,0,0,0,0,0,0,0,0,0,0,0,0,0,0,0,0,0,0,0,0,0,0,0,0,0,0,0,0,0.00,0,0.00,0.00
세탁기_관심사/구매의도_대용량 소구,4645454,세탁기_트래픽_구독 페스티벌,1628465,2026.10.06.,네이버+ > 네이버 메인,14세 ~ 18세 여성,0,146,0,0,0,0.00,0,0,0,0,0,0,0,0,0,0,0,0,0,0,0,0,0,0,0,0,0,0,0,0,0,0,0,0,0,0,0,0,0,0,0,0,0,0,0,0,0,0,0,0,0,0,0.00,0,0.00,0.00
세탁기_관심사/구매의도_대용량 소구,4645454,세탁기_트래픽_구독 페스티벌,1628465,2026.10.06.,네이버+ > 네이버 메인,19세 ~ 24세 여성,0,611,0,0,0,0.00,0,0,0,0,0,0,0,0,0,0,0,0,0,0,0,0,0,0,0,0,0,0,0,0,0,0,0,0,0,0,0,0,0,0,0,0,0,0,0,0,0,0,0,0,0,0,0.00,0,0.00,0.00
세탁기_관심사/구매의도_대용량 소구,4645454,세탁기_트래픽_구독 페스티벌,1628465,2026.10.06.,네이버+ > 네이버 메인,25세 ~ 29세 여성,0,308,0,0,0,0.00,0,0,0,0,0,0,0,0,0,0,0,0,0,0,0,0,0,0,0,0,0,0,0,0,0,0,0,0,0,0,0,0,0,0,0,0,0,0,0,0,0,0,0,0,0,0,0.00,0,0.00,0.00
세탁기_관심사/구매의도_대용량 소구,4645454,세탁기_트래픽_구독 페스티벌,1628465,2026.10.06.,네이버+ > 네이버 메인,30세 ~ 34세 여성,0,124,0,0,0,0.00,0,0,0,0,0,0,0,0,0,0,0,0,0,0,0,0,0,0,0,0,0,0,0,0,0,0,0,0,0,0,0,0,0,0,0,0,0,0,0,0,0,0,0,0,0,0,0.00,0,0.00,0.00
세탁기_관심사/구매의도_대용량 소구,4645454,세탁기_트래픽_구독 페스티벌,1628465,2026.10.06.,네이버+ > 네이버 메인,35세 ~ 39세 여성,0,50,0,0,0,0.00,0,0,0,0,0,0,0,0,0,0,0,0,0,0,0,0,0,0,0,0,0,0,0,0,0,0,0,0,0,0,0,0,0,0,0,0,0,0,0,0,0,0,0,0,0,0,0.00,0,0.00,0.00
세탁기_관심사/구매의도_대용량 소구,4645454,세탁기_트래픽_구독 페스티벌,1628465,2026.10.06.,네이버+ > 네이버 메인,40세 ~ 44세 여성,0,40,0,0,0,0.00,0,0,0,0,0,0,0,0,0,0,0,0,0,0,0,0,0,0,0,0,0,0,0,0,0,0,0,0,0,0,0,0,0,0,0,0,0,0,0,0,0,0,0,0,0,0,0.00,0,0.00,0.00
세탁기_관심사/구매의도_대용량 소구,4645454,세탁기_트래픽_구독 페스티벌,1628465,2026.10.06.,네이버+ > 네이버 메인,45세 ~ 49세 여성,0,25,0,0,0,0.00,0,0,0,0,0,0,0,0,0,0,0,0,0,0,0,0,0,0,0,0,0,0,0,0,0,0,0,0,0,0,0,0,0,0,0,0,0,0,0,0,0,0,0,0,0,0,0.00,0,0.00,0.00
세탁기_관심사/구매의도_대용량 소구,4645454,세탁기_트래픽_구독 페스티벌,1628465,2026.10.06.,네이버+ > 네이버 메인,50세 ~ 54세 여성,0,15,0,0,0,0.00,0,0,0,0,0,0,0,0,0,0,0,0,0,0,0,0,0,0,0,0,0,0,0,0,0,0,0,0,0,0,0,0,0,0,0,0,0,0,0,0,0,0,0,0,0,0,0.00,0,0.00,0.00
세탁기_관심사/구매의도_대용량 소구,4645454,세탁기_트래픽_구독 페스티벌,1628465,2026.10.06.,네이버+ > 네이버 메인,55세 ~ 59세 여성,0,15,0,0,0,0.00,0,0,0,0,0,0,0,0,0,0,0,0,0,0,0,0,0,0,0,0,0,0,0,0,0,0,0,0,0,0,0,0,0,0,0,0,0,0,0,0,0,0,0,0,0,0,0.00,0,0.00,0.00
세탁기_관심사/구매의도_대용량 소구,4645454,세탁기_트래픽_구독 페스티벌,1628465,2026.10.06.,네이버+ > 네이버 메인,60세 ~ 99세 여성,0,56,0,0,0,0.00,0,0,0,0,0,0,0,0,0,0,0,0,0,0,0,0,0,0,0,0,0,0,0,0,0,0,0,0,0,0,0,0,0,0,0,0,0,0,0,0,0,0,0,0,0,0,0.00,0,0.00,0.00
세탁기_관심사/구매의도_대용량 소구,4645454,세탁기_트래픽_구독 페스티벌,1628465,2026.10.06.,네이버+ > 네이버 메인,"연령 알 수 없음 여성 ",118,880,134,1,118,0.11,0,0,0,0,0,0,0,0,0,0,0,0,0,0,0,0,0,0,0,0,0,0,0,0,0,0,0,0,0,0,0,0,0,0,0,0,0,0,0,0,0,0,0,0,0,0,0.00,0,0.00,0.00
세탁기_관심사/구매의도_대용량 소구,4645454,세탁기_트래픽_구독 페스티벌,1628465,2026.10.06.,네이버+ > 네이버 메인,14세 ~ 18세 남성,0,229,0,0,0,0.00,0,0,0,0,0,0,0,0,0,0,0,0,0,0,0,0,0,0,0,0,0,0,0,0,0,0,0,0,0,0,0,0,0,0,0,0,0,0,0,0,0,0,0,0,0,0,0.00,0,0.00,0.00
세탁기_관심사/구매의도_대용량 소구,4645454,세탁기_트래픽_구독 페스티벌,1628465,2026.10.06.,네이버+ > 네이버 메인,19세 ~ 24세 남성,97,714,135,1,97,0.14,0,0,0,0,0,0,0,0,0,0,0,0,0,0,0,0,0,0,0,0,0,0,0,0,0,0,0,0,0,0,0,0,0,0,0,0,0,0,0,0,0,0,0,0,0,0,0.00,0,0.00,0.00
세탁기_관심사/구매의도_대용량 소구,4645454,세탁기_트래픽_구독 페스티벌,1628465,2026.10.06.,네이버+ > 네이버 메인,25세 ~ 29세 남성,107,465,230,1,107,0.22,0,0,0,0,0,0,0,0,0,0,0,0,0,0,0,0,0,0,0,0,0,0,0,0,0,0,0,0,0,0,0,0,0,0,0,0,0,0,0,0,0,0,0,0,0,0,0.00,0,0.00,0.00
세탁기_관심사/구매의도_대용량 소구,4645454,세탁기_트래픽_구독 페스티벌,1628465,2026.10.06.,네이버+ > 네이버 메인,30세 ~ 34세 남성,0,264,0,0,0,0.00,0,0,0,0,0,0,0,0,0,0,0,0,0,0,0,0,0,0,0,0,0,0,0,0,0,0,0,0,0,0,0,0,0,0,0,0,0,0,0,0,0,0,0,0,0,0,0.00,0,0.00,0.00
세탁기_관심사/구매의도_대용량 소구,4645454,세탁기_트래픽_구독 페스티벌,1628465,2026.10.06.,네이버+ > 네이버 메인,35세 ~ 39세 남성,0,245,0,0,0,0.00,0,0,0,0,0,0,0,0,0,0,0,0,0,0,0,0,0,0,0,0,0,0,0,0,0,0,0,0,0,0,0,0,0,0,0,0,0,0,0,0,0,0,0,0,0,0,0.00,0,0.00,0.00
세탁기_관심사/구매의도_대용량 소구,4645454,세탁기_트래픽_구독 페스티벌,1628465,2026.10.06.,네이버+ > 네이버 메인,40세 ~ 44세 남성,0,154,0,0,0,0.00,0,0,0,0,0,0,0,0,0,0,0,0,0,0,0,0,0,0,0,0,0,0,0,0,0,0,0,0,0,0,0,0,0,0,0,0,0,0,0,0,0,0,0,0,0,0,0.00,0,0.00,0.00
세탁기_관심사/구매의도_대용량 소구,4645454,세탁기_트래픽_구독 페스티벌,1628465,2026.10.06.,네이버+ > 네이버 메인,45세 ~ 49세 남성,0,125,0,0,0,0.00,0,0,0,0,0,0,0,0,0,0,0,0,0,0,0,0,0,0,0,0,0,0,0,0,0,0,0,0,0,0,0,0,0,0,0,0,0,0,0,0,0,0,0,0,0,0,0.00,0,0.00,0.00
세탁기_관심사/구매의도_대용량 소구,4645454,세탁기_트래픽_구독 페스티벌,1628465,2026.10.06.,네이버+ > 네이버 메인,50세 ~ 54세 남성,0,80,0,0,0,0.00,0,0,0,0,0,0,0,0,0,0,0,0,0,0,0,0,0,0,0,0,0,0,0,0,0,0,0,0,0,0,0,0,0,0,0,0,0,0,0,0,0,0,0,0,0,0,0.00,0,0.00,0.00
세탁기_관심사/구매의도_대용량 소구,4645454,세탁기_트래픽_구독 페스티벌,1628465,2026.10.06.,네이버+ > 네이버 메인,55세 ~ 59세 남성,0,76,0,0,0,0.00,0,0,0,0,0,0,0,0,0,0,0,0,0,0,0,0,0,0,0,0,0,0,0,0,0,0,0,0,0,0,0,0,0,0,0,0,0,0,0,0,0,0,0,0,0,0,0.00,0,0.00,0.00
세탁기_관심사/구매의도_대용량 소구,4645454,세탁기_트래픽_구독 페스티벌,1628465,2026.10.06.,네이버+ > 네이버 메인,60세 ~ 99세 남성,0,205,0,0,0,0.00,0,0,0,0,0,0,0,0,0,0,0,0,0,0,0,0,0,0,0,0,0,0,0,0,0,0,0,0,0,0,0,0,0,0,0,0,0,0,0,0,0,0,0,0,0,0,0.00,0,0.00,0.00
세탁기_관심사/구매의도_대용량 소구,4645454,세탁기_트래픽_구독 페스티벌,1628465,2026.10.06.,네이버+ > 네이버 메인,연령 알 수 없음 남성,301,1603,187,3,100,0.19,0,0,0,0,0,0,0,0,0,0,0,0,0,0,0,0,0,0,0,0,0,0,0,0,0,0,0,0,0,0,0,0,0,0,0,0,0,0,0,0,0,0,0,0,0,0,0.00,0,0.00,0.00
세탁기_관심사/구매의도_대용량 소구,4645454,세탁기_트래픽_구독 페스티벌,1628465,2026.10.06.,네이버+ > 네이버 메인,14세 ~ 18세 성별 알 수 없음,0,14,0,0,0,0.00,0,0,0,0,0,0,0,0,0,0,0,0,0,0,0,0,0,0,0,0,0,0,0,0,0,0,0,0,0,0,0,0,0,0,0,0,0,0,0,0,0,0,0,0,0,0,0.00,0,0.00,0.00
세탁기_관심사/구매의도_대용량 소구,4645454,세탁기_트래픽_구독 페스티벌,1628465,2026.10.06.,네이버+ > 네이버 메인,19세 ~ 24세 성별 알 수 없음,0,39,0,0,0,0.00,0,0,0,0,0,0,0,0,0,0,0,0,0,0,0,0,0,0,0,0,0,0,0,0,0,0,0,0,0,0,0,0,0,0,0,0,0,0,0,0,0,0,0,0,0,0,0.00,0,0.00,0.00
세탁기_관심사/구매의도_대용량 소구,4645454,세탁기_트래픽_구독 페스티벌,1628465,2026.10.06.,네이버+ > 네이버 메인,25세 ~ 29세 성별 알 수 없음,0,16,0,0,0,0.00,0,0,0,0,0,0,0,0,0,0,0,0,0,0,0,0,0,0,0,0,0,0,0,0,0,0,0,0,0,0,0,0,0,0,0,0,0,0,0,0,0,0,0,0,0,0,0.00,0,0.00,0.00
세탁기_관심사/구매의도_대용량 소구,4645454,세탁기_트래픽_구독 페스티벌,1628465,2026.10.06.,네이버+ > 네이버 메인,30세 ~ 34세 성별 알 수 없음,0,22,0,0,0,0.00,0,0,0,0,0,0,0,0,0,0,0,0,0,0,0,0,0,0,0,0,0,0,0,0,0,0,0,0,0,0,0,0,0,0,0,0,0,0,0,0,0,0,0,0,0,0,0.00,0,0.00,0.00
세탁기_관심사/구매의도_대용량 소구,4645454,세탁기_트래픽_구독 페스티벌,1628465,2026.10.06.,네이버+ > 네이버 메인,35세 ~ 39세 성별 알 수 없음,0,13,0,0,0,0.00,0,0,0,0,0,0,0,0,0,0,0,0,0,0,0,0,0,0,0,0,0,0,0,0,0,0,0,0,0,0,0,0,0,0,0,0,0,0,0,0,0,0,0,0,0,0,0.00,0,0.00,0.00
세탁기_관심사/구매의도_대용량 소구,4645454,세탁기_트래픽_구독 페스티벌,1628465,2026.10.06.,네이버+ > 네이버 메인,40세 ~ 44세 성별 알 수 없음,0,9,0,0,0,0.00,0,0,0,0,0,0,0,0,0,0,0,0,0,0,0,0,0,0,0,0,0,0,0,0,0,0,0,0,0,0,0,0,0,0,0,0,0,0,0,0,0,0,0,0,0,0,0.00,0,0.00,0.00
세탁기_관심사/구매의도_대용량 소구,4645454,세탁기_트래픽_구독 페스티벌,1628465,2026.10.06.,네이버+ > 네이버 메인,45세 ~ 49세 성별 알 수 없음,0,10,0,0,0,0.00,0,0,0,0,0,0,0,0,0,0,0,0,0,0,0,0,0,0,0,0,0,0,0,0,0,0,0,0,0,0,0,0,0,0,0,0,0,0,0,0,0,0,0,0,0,0,0.00,0,0.00,0.00
세탁기_관심사/구매의도_대용량 소구,4645454,세탁기_트래픽_구독 페스티벌,1628465,2026.10.06.,네이버+ > 네이버 메인,50세 ~ 54세 성별 알 수 없음,0,3,0,0,0,0.00,0,0,0,0,0,0,0,0,0,0,0,0,0,0,0,0,0,0,0,0,0,0,0,0,0,0,0,0,0,0,0,0,0,0,0,0,0,0,0,0,0,0,0,0,0,0,0.00,0,0.00,0.00
세탁기_관심사/구매의도_대용량 소구,4645454,세탁기_트래픽_구독 페스티벌,1628465,2026.10.06.,네이버+ > 네이버 메인,60세 ~ 99세 성별 알 수 없음,0,6,0,0,0,0.00,0,0,0,0,0,0,0,0,0,0,0,0,0,0,0,0,0,0,0,0,0,0,0,0,0,0,0,0,0,0,0,0,0,0,0,0,0,0,0,0,0,0,0,0,0,0,0.00,0,0.00,0.00
세탁기_관심사/구매의도_대용량 소구,4645454,세탁기_트래픽_구독 페스티벌,1628465,2026.10.06.,네이버+ > 네이버 메인,알 수 없음,306,3004,102,3,102,0.10,0,0,0,0,0,0,0,0,0,0,0,0,0,0,0,0,0,0,0,0,0,0,0,0,0,0,0,0,0,0,0,0,0,0,0,0,0,0,0,0,0,0,0,0,0,0,0.00,0,0.00,0.00
세탁기_관심사/구매의도_대용량 소구,4645454,세탁기_트래픽_구독 페스티벌,1628465,2026.10.06.,네이버+ > 서비스 통합,14세 ~ 18세 여성,109,303,359,1,109,0.33,0,0,0,0,0,0,0,0,0,0,0,0,0,0,0,0,0,0,0,0,0,0,0,0,0,0,0,0,0,0,0,0,0,0,0,0,0,0,0,0,0,0,0,0,0,0,0.00,0,0.00,0.00
세탁기_관심사/구매의도_대용량 소구,4645454,세탁기_트래픽_구독 페스티벌,1628465,2026.10.06.,네이버+ > 서비스 통합,19세 ~ 24세 여성,0,301,0,0,0,0.00,0,0,0,0,0,0,0,0,0,0,0,0,0,0,0,0,0,0,0,0,0,0,0,0,0,0,0,0,0,0,0,0,0,0,0,0,0,0,0,0,0,0,0,0,0,0,0.00,0,0.00,0.00
세탁기_관심사/구매의도_대용량 소구,4645454,세탁기_트래픽_구독 페스티벌,1628465,2026.10.06.,네이버+ > 서비스 통합,25세 ~ 29세 여성,0,244,0,0,0,0.00,0,0,0,0,0,0,0,0,0,0,0,0,0,0,0,0,0,0,0,0,0,0,0,0,0,0,0,0,0,0,0,0,0,0,0,0,0,0,0,0,0,0,0,0,0,0,0.00,0,0.00,0.00
세탁기_관심사/구매의도_대용량 소구,4645454,세탁기_트래픽_구독 페스티벌,1628465,2026.10.06.,네이버+ > 서비스 통합,30세 ~ 34세 여성,0,137,0,0,0,0.00,0,0,0,0,0,0,0,0,0,0,0,0,0,0,0,0,0,0,0,0,0,0,0,0,0,0,0,0,0,0,0,0,0,0,0,0,0,0,0,0,0,0,0,0,0,0,0.00,0,0.00,0.00
세탁기_관심사/구매의도_대용량 소구,4645454,세탁기_트래픽_구독 페스티벌,1628465,2026.10.06.,네이버+ > 서비스 통합,35세 ~ 39세 여성,0,96,0,0,0,0.00,0,0,0,0,0,0,0,0,0,0,0,0,0,0,0,0,0,0,0,0,0,0,0,0,0,0,0,0,0,0,0,0,0,0,0,0,0,0,0,0,0,0,0,0,0,0,0.00,0,0.00,0.00
세탁기_관심사/구매의도_대용량 소구,4645454,세탁기_트래픽_구독 페스티벌,1628465,2026.10.06.,네이버+ > 서비스 통합,40세 ~ 44세 여성,0,48,0,0,0,0.00,0,0,0,0,0,0,0,0,0,0,0,0,0,0,0,0,0,0,0,0,0,0,0,0,0,0,0,0,0,0,0,0,0,0,0,0,0,0,0,0,0,0,0,0,0,0,0.00,0,0.00,0.00
세탁기_관심사/구매의도_대용량 소구,4645454,세탁기_트래픽_구독 페스티벌,1628465,2026.10.06.,네이버+ > 서비스 통합,45세 ~ 49세 여성,0,46,0,0,0,0.00,0,0,0,0,0,0,0,0,0,0,0,0,0,0,0,0,0,0,0,0,0,0,0,0,0,0,0,0,0,0,0,0,0,0,0,0,0,0,0,0,0,0,0,0,0,0,0.00,0,0.00,0.00
세탁기_관심사/구매의도_대용량 소구,4645454,세탁기_트래픽_구독 페스티벌,1628465,2026.10.06.,네이버+ > 서비스 통합,50세 ~ 54세 여성,0,26,0,0,0,0.00,0,0,0,0,0,0,0,0,0,0,0,0,0,0,0,0,0,0,0,0,0,0,0,0,0,0,0,0,0,0,0,0,0,0,0,0,0,0,0,0,0,0,0,0,0,0,0.00,0,0.00,0.00
세탁기_관심사/구매의도_대용량 소구,4645454,세탁기_트래픽_구독 페스티벌,1628465,2026.10.06.,네이버+ > 서비스 통합,55세 ~ 59세 여성,0,28,0,0,0,0.00,0,0,0,0,0,0,0,0,0,0,0,0,0,0,0,0,0,0,0,0,0,0,0,0,0,0,0,0,0,0,0,0,0,0,0,0,0,0,0,0,0,0,0,0,0,0,0.00,0,0.00,0.00
세탁기_관심사/구매의도_대용량 소구,4645454,세탁기_트래픽_구독 페스티벌,1628465,2026.10.06.,네이버+ > 서비스 통합,60세 ~ 99세 여성,107,150,716,1,107,0.67,0,0,0,0,0,0,0,0,0,0,0,0,0,0,0,0,0,0,0,0,0,0,0,0,0,0,0,0,0,0,0,0,0,0,0,0,0,0,0,0,0,0,0,0,0,0,0.00,0,0.00,0.00
세탁기_관심사/구매의도_대용량 소구,4645454,세탁기_트래픽_구독 페스티벌,1628465,2026.10.06.,네이버+ > 서비스 통합,"연령 알 수 없음 여성 ",0,311,0,0,0,0.00,0,0,0,0,0,0,0,0,0,0,0,0,0,0,0,0,0,0,0,0,0,0,0,0,0,0,0,0,0,0,0,0,0,0,0,0,0,0,0,0,0,0,0,0,0,0,0.00,0,0.00,0.00
세탁기_관심사/구매의도_대용량 소구,4645454,세탁기_트래픽_구독 페스티벌,1628465,2026.10.06.,네이버+ > 서비스 통합,14세 ~ 18세 남성,87,715,122,1,87,0.14,0,0,0,0,0,0,0,0,0,0,0,0,0,0,0,0,0,0,0,0,0,0,0,0,0,0,0,0,0,0,0,0,0,0,0,0,0,0,0,0,0,0,0,0,0,0,0.00,0,0.00,0.00
세탁기_관심사/구매의도_대용량 소구,4645454,세탁기_트래픽_구독 페스티벌,1628465,2026.10.06.,네이버+ > 서비스 통합,19세 ~ 24세 남성,0,470,0,0,0,0.00,0,0,0,0,0,0,0,0,0,0,0,0,0,0,0,0,0,0,0,0,0,0,0,0,0,0,0,0,0,0,0,0,0,0,0,0,0,0,0,0,0,0,0,0,0,0,0.00,0,0.00,0.00
세탁기_관심사/구매의도_대용량 소구,4645454,세탁기_트래픽_구독 페스티벌,1628465,2026.10.06.,네이버+ > 서비스 통합,25세 ~ 29세 남성,0,686,0,0,0,0.00,0,0,0,0,0,0,0,0,0,0,0,0,0,0,0,0,0,0,0,0,0,0,0,0,0,0,0,0,0,0,0,0,0,0,0,0,0,0,0,0,0,0,0,0,0,0,0.00,0,0.00,0.00
세탁기_관심사/구매의도_대용량 소구,4645454,세탁기_트래픽_구독 페스티벌,1628465,2026.10.06.,네이버+ > 서비스 통합,30세 ~ 34세 남성,0,437,0,0,0,0.00,0,0,0,0,0,0,0,0,0,0,0,0,0,0,0,0,0,0,0,0,0,0,0,0,0,0,0,0,0,0,0,0,0,0,0,0,0,0,0,0,0,0,0,0,0,0,0.00,0,0.00,0.00
세탁기_관심사/구매의도_대용량 소구,4645454,세탁기_트래픽_구독 페스티벌,1628465,2026.10.06.,네이버+ > 서비스 통합,35세 ~ 39세 남성,115,332,345,1,115,0.30,0,0,0,0,0,0,0,0,0,0,0,0,0,0,0,0,0,0,0,0,0,0,0,0,0,0,0,0,0,0,0,0,0,0,0,0,0,0,0,0,0,0,0,0,0,0,0.00,0,0.00,0.00
세탁기_관심사/구매의도_대용량 소구,4645454,세탁기_트래픽_구독 페스티벌,1628465,2026.10.06.,네이버+ > 서비스 통합,40세 ~ 44세 남성,0,219,0,0,0,0.00,0,0,0,0,0,0,0,0,0,0,0,0,0,0,0,0,0,0,0,0,0,0,0,0,0,0,0,0,0,0,0,0,0,0,0,0,0,0,0,0,0,0,0,0,0,0,0.00,0,0.00,0.00
세탁기_관심사/구매의도_대용량 소구,4645454,세탁기_트래픽_구독 페스티벌,1628465,2026.10.06.,네이버+ > 서비스 통합,45세 ~ 49세 남성,0,167,0,0,0,0.00,0,0,0,0,0,0,0,0,0,0,0,0,0,0,0,0,0,0,0,0,0,0,0,0,0,0,0,0,0,0,0,0,0,0,0,0,0,0,0,0,0,0,0,0,0,0,0.00,0,0.00,0.00
세탁기_관심사/구매의도_대용량 소구,4645454,세탁기_트래픽_구독 페스티벌,1628465,2026.10.06.,네이버+ > 서비스 통합,50세 ~ 54세 남성,0,157,0,0,0,0.00,0,0,0,0,0,0,0,0,0,0,0,0,0,0,0,0,0,0,0,0,0,0,0,0,0,0,0,0,0,0,0,0,0,0,0,0,0,0,0,0,0,0,0,0,0,0,0.00,0,0.00,0.00
세탁기_관심사/구매의도_대용량 소구,4645454,세탁기_트래픽_구독 페스티벌,1628465,2026.10.06.,네이버+ > 서비스 통합,55세 ~ 59세 남성,0,186,0,0,0,0.00,0,0,0,0,0,0,0,0,0,0,0,0,0,0,0,0,0,0,0,0,0,0,0,0,0,0,0,0,0,0,0,0,0,0,0,0,0,0,0,0,0,0,0,0,0,0,0.00,0,0.00,0.00
세탁기_관심사/구매의도_대용량 소구,4645454,세탁기_트래픽_구독 페스티벌,1628465,2026.10.06.,네이버+ > 서비스 통합,60세 ~ 99세 남성,0,523,0,0,0,0.00,0,0,0,0,0,0,0,0,0,0,0,0,0,0,0,0,0,0,0,0,0,0,0,0,0,0,0,0,0,0,0,0,0,0,0,0,0,0,0,0,0,0,0,0,0,0,0.00,0,0.00,0.00
세탁기_관심사/구매의도_대용량 소구,4645454,세탁기_트래픽_구독 페스티벌,1628465,2026.10.06.,네이버+ > 서비스 통합,연령 알 수 없음 남성,238,1346,177,2,119,0.15,0,0,0,0,0,0,0,0,0,0,0,0,0,0,0,0,0,0,0,0,0,0,0,0,0,0,0,0,0,0,0,0,0,0,0,0,0,0,0,0,0,0,0,0,0,0,0.00,0,0.00,0.00
세탁기_관심사/구매의도_대용량 소구,4645454,세탁기_트래픽_구독 페스티벌,1628465,2026.10.06.,네이버+ > 서비스 통합,14세 ~ 18세 성별 알 수 없음,0,15,0,0,0,0.00,0,0,0,0,0,0,0,0,0,0,0,0,0,0,0,0,0,0,0,0,0,0,0,0,0,0,0,0,0,0,0,0,0,0,0,0,0,0,0,0,0,0,0,0,0,0,0.00,0,0.00,0.00
세탁기_관심사/구매의도_대용량 소구,4645454,세탁기_트래픽_구독 페스티벌,1628465,2026.10.06.,네이버+ > 서비스 통합,19세 ~ 24세 성별 알 수 없음,0,13,0,0,0,0.00,0,0,0,0,0,0,0,0,0,0,0,0,0,0,0,0,0,0,0,0,0,0,0,0,0,0,0,0,0,0,0,0,0,0,0,0,0,0,0,0,0,0,0,0,0,0,0.00,0,0.00,0.00
세탁기_관심사/구매의도_대용량 소구,4645454,세탁기_트래픽_구독 페스티벌,1628465,2026.10.06.,네이버+ > 서비스 통합,25세 ~ 29세 성별 알 수 없음,0,39,0,0,0,0.00,0,0,0,0,0,0,0,0,0,0,0,0,0,0,0,0,0,0,0,0,0,0,0,0,0,0,0,0,0,0,0,0,0,0,0,0,0,0,0,0,0,0,0,0,0,0,0.00,0,0.00,0.00
세탁기_관심사/구매의도_대용량 소구,4645454,세탁기_트래픽_구독 페스티벌,1628465,2026.10.06.,네이버+ > 서비스 통합,30세 ~ 34세 성별 알 수 없음,0,24,0,0,0,0.00,0,0,0,0,0,0,0,0,0,0,0,0,0,0,0,0,0,0,0,0,0,0,0,0,0,0,0,0,0,0,0,0,0,0,0,0,0,0,0,0,0,0,0,0,0,0,0.00,0,0.00,0.00
세탁기_관심사/구매의도_대용량 소구,4645454,세탁기_트래픽_구독 페스티벌,1628465,2026.10.06.,네이버+ > 서비스 통합,35세 ~ 39세 성별 알 수 없음,0,20,0,0,0,0.00,0,0,0,0,0,0,0,0,0,0,0,0,0,0,0,0,0,0,0,0,0,0,0,0,0,0,0,0,0,0,0,0,0,0,0,0,0,0,0,0,0,0,0,0,0,0,0.00,0,0.00,0.00
세탁기_관심사/구매의도_대용량 소구,4645454,세탁기_트래픽_구독 페스티벌,1628465,2026.10.06.,네이버+ > 서비스 통합,40세 ~ 44세 성별 알 수 없음,0,15,0,0,0,0.00,0,0,0,0,0,0,0,0,0,0,0,0,0,0,0,0,0,0,0,0,0,0,0,0,0,0,0,0,0,0,0,0,0,0,0,0,0,0,0,0,0,0,0,0,0,0,0.00,0,0.00,0.00
세탁기_관심사/구매의도_대용량 소구,4645454,세탁기_트래픽_구독 페스티벌,1628465,2026.10.06.,네이버+ > 서비스 통합,45세 ~ 49세 성별 알 수 없음,0,6,0,0,0,0.00,0,0,0,0,0,0,0,0,0,0,0,0,0,0,0,0,0,0,0,0,0,0,0,0,0,0,0,0,0,0,0,0,0,0,0,0,0,0,0,0,0,0,0,0,0,0,0.00,0,0.00,0.00
세탁기_관심사/구매의도_대용량 소구,4645454,세탁기_트래픽_구독 페스티벌,1628465,2026.10.06.,네이버+ > 서비스 통합,50세 ~ 54세 성별 알 수 없음,0,4,0,0,0,0.00,0,0,0,0,0,0,0,0,0,0,0,0,0,0,0,0,0,0,0,0,0,0,0,0,0,0,0,0,0,0,0,0,0,0,0,0,0,0,0,0,0,0,0,0,0,0,0.00,0,0.00,0.00
세탁기_관심사/구매의도_대용량 소구,4645454,세탁기_트래픽_구독 페스티벌,1628465,2026.10.06.,네이버+ > 서비스 통합,55세 ~ 59세 성별 알 수 없음,0,6,0,0,0,0.00,0,0,0,0,0,0,0,0,0,0,0,0,0,0,0,0,0,0,0,0,0,0,0,0,0,0,0,0,0,0,0,0,0,0,0,0,0,0,0,0,0,0,0,0,0,0,0.00,0,0.00,0.00
세탁기_관심사/구매의도_대용량 소구,4645454,세탁기_트래픽_구독 페스티벌,1628465,2026.10.06.,네이버+ > 서비스 통합,60세 ~ 99세 성별 알 수 없음,0,15,0,0,0,0.00,0,0,0,0,0,0,0,0,0,0,0,0,0,0,0,0,0,0,0,0,0,0,0,0,0,0,0,0,0,0,0,0,0,0,0,0,0,0,0,0,0,0,0,0,0,0,0.00,0,0.00,0.00
세탁기_관심사/구매의도_대용량 소구,4645454,세탁기_트래픽_구독 페스티벌,1628465,2026.10.06.,네이버+ > 서비스 통합,알 수 없음,332,2477,134,3,111,0.12,0,0,0,0,0,0,0,0,0,0,0,0,0,0,0,0,0,0,0,0,0,0,0,0,0,0,0,0,0,0,0,0,0,0,0,0,0,0,0,0,0,0,0,0,0,0,0.00,0,0.00,0.00
세탁기_관심사/구매의도_대용량 소구,4645454,세탁기_트래픽_구독 페스티벌,1628465,2026.10.06.,네이버 퍼포먼스 네트워크 > 서비스 통합,14세 ~ 18세 여성,688,1253,549,7,98,0.56,0,0,0,0,0,0,0,0,0,0,0,0,0,0,0,0,0,0,0,0,0,0,0,0,0,0,0,0,0,0,0,0,0,0,0,0,0,0,0,0,0,0,0,0,0,0,0.00,0,0.00,0.00
세탁기_관심사/구매의도_대용량 소구,4645454,세탁기_트래픽_구독 페스티벌,1628465,2026.10.06.,네이버 퍼포먼스 네트워크 > 서비스 통합,19세 ~ 24세 여성,326,2338,140,3,109,0.13,0,0,0,0,0,0,0,0,0,0,0,0,0,0,0,0,0,0,0,0,0,0,0,0,0,0,0,0,0,0,0,0,0,0,0,0,0,0,0,0,0,0,0,0,0,0,0.00,0,0.00,0.00
세탁기_관심사/구매의도_대용량 소구,4645454,세탁기_트래픽_구독 페스티벌,1628465,2026.10.06.,네이버 퍼포먼스 네트워크 > 서비스 통합,25세 ~ 29세 여성,0,1528,0,0,0,0.00,0,0,0,0,0,0,0,0,0,0,0,0,0,0,0,0,0,0,0,0,0,0,0,0,0,0,0,0,0,0,0,0,0,0,0,0,0,0,0,0,0,0,0,0,0,0,0.00,0,0.00,0.00
세탁기_관심사/구매의도_대용량 소구,4645454,세탁기_트래픽_구독 페스티벌,1628465,2026.10.06.,네이버 퍼포먼스 네트워크 > 서비스 통합,30세 ~ 34세 여성,0,1390,0,0,0,0.00,0,0,0,0,0,0,0,0,0,0,0,0,0,0,0,0,0,0,0,0,0,0,0,0,0,0,0,0,0,0,0,0,0,0,0,0,0,0,0,0,0,0,0,0,0,0,0.00,0,0.00,0.00
세탁기_관심사/구매의도_대용량 소구,4645454,세탁기_트래픽_구독 페스티벌,1628465,2026.10.06.,네이버 퍼포먼스 네트워크 > 서비스 통합,35세 ~ 39세 여성,0,1070,0,0,0,0.00,0,0,0,0,0,0,0,0,0,0,0,0,0,0,0,0,0,0,0,0,0,0,0,0,0,0,0,0,0,0,0,0,0,0,0,0,0,0,0,0,0,0,0,0,0,0,0.00,0,0.00,0.00
세탁기_관심사/구매의도_대용량 소구,4645454,세탁기_트래픽_구독 페스티벌,1628465,2026.10.06.,네이버 퍼포먼스 네트워크 > 서비스 통합,40세 ~ 44세 여성,300,1396,215,3,100,0.21,0,0,0,0,0,0,0,0,0,0,0,0,0,0,0,0,0,0,0,0,0,0,0,0,0,0,0,0,0,0,0,0,0,0,0,0,0,0,0,0,0,0,0,0,0,0,0.00,0,0.00,0.00
세탁기_관심사/구매의도_대용량 소구,4645454,세탁기_트래픽_구독 페스티벌,1628465,2026.10.06.,네이버 퍼포먼스 네트워크 > 서비스 통합,45세 ~ 49세 여성,1052,2514,419,10,105,0.40,0,0,0,0,0,0,0,0,0,0,0,0,0,0,0,0,0,0,0,0,0,0,0,0,0,0,0,0,0,0,0,0,0,0,0,0,0,0,0,0,0,0,0,0,0,0,0.00,0,0.00,0.00
세탁기_관심사/구매의도_대용량 소구,4645454,세탁기_트래픽_구독 페스티벌,1628465,2026.10.06.,네이버 퍼포먼스 네트워크 > 서비스 통합,50세 ~ 54세 여성,465,1972,236,4,116,0.20,0,0,0,0,0,0,0,0,0,0,0,0,0,0,0,0,0,0,0,0,0,0,0,0,0,0,0,0,0,0,0,0,0,0,0,0,0,0,0,0,0,0,0,0,0,0,0.00,0,0.00,0.00
세탁기_관심사/구매의도_대용량 소구,4645454,세탁기_트래픽_구독 페스티벌,1628465,2026.10.06.,네이버 퍼포먼스 네트워크 > 서비스 통합,55세 ~ 59세 여성,651,2956,220,7,93,0.24,0,0,0,0,0,0,0,0,0,0,0,0,0,0,0,0,0,0,0,0,0,0,0,0,0,0,0,0,0,0,0,0,0,0,0,0,0,0,0,0,0,0,0,0,0,0,0.00,0,0.00,0.00
세탁기_관심사/구매의도_대용량 소구,4645454,세탁기_트래픽_구독 페스티벌,1628465,2026.10.06.,네이버 퍼포먼스 네트워크 > 서비스 통합,60세 ~ 99세 여성,5277,10261,514,53,100,0.52,0,0,0,0,0,0,0,0,0,0,0,0,0,0,0,0,0,0,0,0,0,0,0,0,0,0,0,0,0,0,0,0,0,0,0,0,0,0,0,0,0,0,0,0,0,0,0.00,0,0.00,0.00
세탁기_관심사/구매의도_대용량 소구,4645454,세탁기_트래픽_구독 페스티벌,1628465,2026.10.06.,네이버 퍼포먼스 네트워크 > 서비스 통합,"연령 알 수 없음 여성 ",234,1876,125,2,117,0.11,0,0,0,0,0,0,0,0,0,0,0,0,0,0,0,0,0,0,0,0,0,0,0,0,0,0,0,0,0,0,0,0,0,0,0,0,0,0,0,0,0,0,0,0,0,0,0.00,0,0.00,0.00
세탁기_관심사/구매의도_대용량 소구,4645454,세탁기_트래픽_구독 페스티벌,1628465,2026.10.06.,네이버 퍼포먼스 네트워크 > 서비스 통합,14세 ~ 18세 남성,771,2508,307,7,110,0.28,0,0,0,0,0,0,0,0,0,0,0,0,0,0,0,0,0,0,0,0,0,0,0,0,0,0,0,0,0,0,0,0,0,0,0,0,0,0,0,0,0,0,0,0,0,0,0.00,0,0.00,0.00
세탁기_관심사/구매의도_대용량 소구,4645454,세탁기_트래픽_구독 페스티벌,1628465,2026.10.06.,네이버 퍼포먼스 네트워크 > 서비스 통합,19세 ~ 24세 남성,739,6162,120,7,106,0.11,0,0,0,0,0,0,0,0,0,0,0,0,0,0,0,0,0,0,0,0,0,0,0,0,0,0,0,0,0,0,0,0,0,0,0,0,0,0,0,0,0,0,0,0,0,0,0.00,0,0.00,0.00
세탁기_관심사/구매의도_대용량 소구,4645454,세탁기_트래픽_구독 페스티벌,1628465,2026.10.06.,네이버 퍼포먼스 네트워크 > 서비스 통합,25세 ~ 29세 남성,593,8367,71,6,99,0.07,0,0,0,0,0,0,0,0,0,0,0,0,0,0,0,0,0,0,0,0,0,0,0,0,0,0,0,0,0,0,0,0,0,0,0,0,0,0,0,0,0,0,0,0,0,0,0.00,0,0.00,0.00
세탁기_관심사/구매의도_대용량 소구,4645454,세탁기_트래픽_구독 페스티벌,1628465,2026.10.06.,네이버 퍼포먼스 네트워크 > 서비스 통합,30세 ~ 34세 남성,533,9593,56,5,107,0.05,0,0,0,0,0,0,0,0,0,0,0,0,0,0,0,0,0,0,0,0,0,0,0,0,0,0,0,0,0,0,0,0,0,0,0,0,0,0,0,0,0,0,0,0,0,0,0.00,0,0.00,0.00
세탁기_관심사/구매의도_대용량 소구,4645454,세탁기_트래픽_구독 페스티벌,1628465,2026.10.06.,네이버 퍼포먼스 네트워크 > 서비스 통합,35세 ~ 39세 남성,156,6675,23,2,78,0.03,0,0,0,0,0,0,0,0,0,0,0,0,0,0,0,0,0,0,0,0,0,0,0,0,0,0,0,0,0,0,0,0,0,0,0,0,0,0,0,0,0,0,0,0,0,0,0.00,0,0.00,0.00
세탁기_관심사/구매의도_대용량 소구,4645454,세탁기_트래픽_구독 페스티벌,1628465,2026.10.06.,네이버 퍼포먼스 네트워크 > 서비스 통합,40세 ~ 44세 남성,296,4248,70,3,99,0.07,0,0,0,0,0,0,0,0,0,0,0,0,0,0,0,0,0,0,0,0,0,0,0,0,0,0,0,0,0,0,0,0,0,0,0,0,0,0,0,0,0,0,0,0,0,0,0.00,0,0.00,0.00
세탁기_관심사/구매의도_대용량 소구,4645454,세탁기_트래픽_구독 페스티벌,1628465,2026.10.06.,네이버 퍼포먼스 네트워크 > 서비스 통합,45세 ~ 49세 남성,322,2907,111,3,107,0.10,0,0,0,0,0,0,0,0,0,0,0,0,0,0,0,0,0,0,0,0,0,0,0,0,0,0,0,0,0,0,0,0,0,0,0,0,0,0,0,0,0,0,0,0,0,0,0.00,0,0.00,0.00
세탁기_관심사/구매의도_대용량 소구,4645454,세탁기_트래픽_구독 페스티벌,1628465,2026.10.06.,네이버 퍼포먼스 네트워크 > 서비스 통합,50세 ~ 54세 남성,182,2729,67,2,91,0.07,0,0,0,0,0,0,0,0,0,0,0,0,0,0,0,0,0,0,0,0,0,0,0,0,0,0,0,0,0,0,0,0,0,0,0,0,0,0,0,0,0,0,0,0,0,0,0.00,0,0.00,0.00
세탁기_관심사/구매의도_대용량 소구,4645454,세탁기_트래픽_구독 페스티벌,1628465,2026.10.06.,네이버 퍼포먼스 네트워크 > 서비스 통합,55세 ~ 59세 남성,331,3227,103,3,110,0.09,0,0,0,0,0,0,0,0,0,0,0,0,0,0,0,0,0,0,0,0,0,0,0,0,0,0,0,0,0,0,0,0,0,0,0,0,0,0,0,0,0,0,0,0,0,0,0.00,0,0.00,0.00
세탁기_관심사/구매의도_대용량 소구,4645454,세탁기_트래픽_구독 페스티벌,1628465,2026.10.06.,네이버 퍼포먼스 네트워크 > 서비스 통합,60세 ~ 99세 남성,2864,9702,295,29,99,0.30,0,0,0,0,0,0,0,0,0,0,0,0,0,0,0,0,0,0,0,0,0,0,0,0,0,0,0,0,0,0,0,0,0,0,0,0,0,0,0,0,0,0,0,0,0,0,0.00,0,0.00,0.00
세탁기_관심사/구매의도_대용량 소구,4645454,세탁기_트래픽_구독 페스티벌,1628465,2026.10.06.,네이버 퍼포먼스 네트워크 > 서비스 통합,연령 알 수 없음 남성,401,11389,35,4,100,0.04,0,0,0,0,0,0,0,0,0,0,0,0,0,0,0,0,0,0,0,0,0,0,0,0,0,0,0,0,0,0,0,0,0,0,0,0,0,0,0,0,0,0,0,0,0,0,0.00,0,0.00,0.00
세탁기_관심사/구매의도_대용량 소구,4645454,세탁기_트래픽_구독 페스티벌,1628465,2026.10.06.,네이버 퍼포먼스 네트워크 > 서비스 통합,14세 ~ 18세 성별 알 수 없음,0,114,0,0,0,0.00,0,0,0,0,0,0,0,0,0,0,0,0,0,0,0,0,0,0,0,0,0,0,0,0,0,0,0,0,0,0,0,0,0,0,0,0,0,0,0,0,0,0,0,0,0,0,0.00,0,0.00,0.00
세탁기_관심사/구매의도_대용량 소구,4645454,세탁기_트래픽_구독 페스티벌,1628465,2026.10.06.,네이버 퍼포먼스 네트워크 > 서비스 통합,19세 ~ 24세 성별 알 수 없음,0,205,0,0,0,0.00,0,0,0,0,0,0,0,0,0,0,0,0,0,0,0,0,0,0,0,0,0,0,0,0,0,0,0,0,0,0,0,0,0,0,0,0,0,0,0,0,0,0,0,0,0,0,0.00,0,0.00,0.00
세탁기_관심사/구매의도_대용량 소구,4645454,세탁기_트래픽_구독 페스티벌,1628465,2026.10.06.,네이버 퍼포먼스 네트워크 > 서비스 통합,25세 ~ 29세 성별 알 수 없음,0,314,0,0,0,0.00,0,0,0,0,0,0,0,0,0,0,0,0,0,0,0,0,0,0,0,0,0,0,0,0,0,0,0,0,0,0,0,0,0,0,0,0,0,0,0,0,0,0,0,0,0,0,0.00,0,0.00,0.00
세탁기_관심사/구매의도_대용량 소구,4645454,세탁기_트래픽_구독 페스티벌,1628465,2026.10.06.,네이버 퍼포먼스 네트워크 > 서비스 통합,30세 ~ 34세 성별 알 수 없음,0,260,0,0,0,0.00,0,0,0,0,0,0,0,0,0,0,0,0,0,0,0,0,0,0,0,0,0,0,0,0,0,0,0,0,0,0,0,0,0,0,0,0,0,0,0,0,0,0,0,0,0,0,0.00,0,0.00,0.00
세탁기_관심사/구매의도_대용량 소구,4645454,세탁기_트래픽_구독 페스티벌,1628465,2026.10.06.,네이버 퍼포먼스 네트워크 > 서비스 통합,35세 ~ 39세 성별 알 수 없음,0,191,0,0,0,0.00,0,0,0,0,0,0,0,0,0,0,0,0,0,0,0,0,0,0,0,0,0,0,0,0,0,0,0,0,0,0,0,0,0,0,0,0,0,0,0,0,0,0,0,0,0,0,0.00,0,0.00,0.00
세탁기_관심사/구매의도_대용량 소구,4645454,세탁기_트래픽_구독 페스티벌,1628465,2026.10.06.,네이버 퍼포먼스 네트워크 > 서비스 통합,40세 ~ 44세 성별 알 수 없음,0,204,0,0,0,0.00,0,0,0,0,0,0,0,0,0,0,0,0,0,0,0,0,0,0,0,0,0,0,0,0,0,0,0,0,0,0,0,0,0,0,0,0,0,0,0,0,0,0,0,0,0,0,0.00,0,0.00,0.00
세탁기_관심사/구매의도_대용량 소구,4645454,세탁기_트래픽_구독 페스티벌,1628465,2026.10.06.,네이버 퍼포먼스 네트워크 > 서비스 통합,45세 ~ 49세 성별 알 수 없음,0,70,0,0,0,0.00,0,0,0,0,0,0,0,0,0,0,0,0,0,0,0,0,0,0,0,0,0,0,0,0,0,0,0,0,0,0,0,0,0,0,0,0,0,0,0,0,0,0,0,0,0,0,0.00,0,0.00,0.00
세탁기_관심사/구매의도_대용량 소구,4645454,세탁기_트래픽_구독 페스티벌,1628465,2026.10.06.,네이버 퍼포먼스 네트워크 > 서비스 통합,50세 ~ 54세 성별 알 수 없음,0,51,0,0,0,0.00,0,0,0,0,0,0,0,0,0,0,0,0,0,0,0,0,0,0,0,0,0,0,0,0,0,0,0,0,0,0,0,0,0,0,0,0,0,0,0,0,0,0,0,0,0,0,0.00,0,0.00,0.00
세탁기_관심사/구매의도_대용량 소구,4645454,세탁기_트래픽_구독 페스티벌,1628465,2026.10.06.,네이버 퍼포먼스 네트워크 > 서비스 통합,55세 ~ 59세 성별 알 수 없음,0,47,0,0,0,0.00,0,0,0,0,0,0,0,0,0,0,0,0,0,0,0,0,0,0,0,0,0,0,0,0,0,0,0,0,0,0,0,0,0,0,0,0,0,0,0,0,0,0,0,0,0,0,0.00,0,0.00,0.00
세탁기_관심사/구매의도_대용량 소구,4645454,세탁기_트래픽_구독 페스티벌,1628465,2026.10.06.,네이버 퍼포먼스 네트워크 > 서비스 통합,60세 ~ 99세 성별 알 수 없음,0,269,0,0,0,0.00,0,0,0,0,0,0,0,0,0,0,0,0,0,0,0,0,0,0,0,0,0,0,0,0,0,0,0,0,0,0,0,0,0,0,0,0,0,0,0,0,0,0,0,0,0,0,0.00,0,0.00,0.00
세탁기_관심사/구매의도_대용량 소구,4645454,세탁기_트래픽_구독 페스티벌,1628465,2026.10.06.,네이버 퍼포먼스 네트워크 > 서비스 통합,알 수 없음,3499,28247,124,35,100,0.12,0,0,0,0,0,0,0,0,0,0,0,0,0,0,0,0,0,0,0,0,0,0,0,0,0,0,0,0,0,0,0,0,0,0,0,0,0,0,0,0,0,0,0,0,0,0,0.00,0,0.00,0.00
세탁기_관심사/구매의도_대용량 소구,4645454,세탁기_트래픽_구독 페스티벌,1628465,2026.10.06.,네이버 퍼포먼스 네트워크 > 피드,14세 ~ 18세 여성,0,12,0,0,0,0.00,0,0,0,0,0,0,0,0,0,0,0,0,0,0,0,0,0,0,0,0,0,0,0,0,0,0,0,0,0,0,0,0,0,0,0,0,0,0,0,0,0,0,0,0,0,0,0.00,0,0.00,0.00
세탁기_관심사/구매의도_대용량 소구,4645454,세탁기_트래픽_구독 페스티벌,1628465,2026.10.06.,네이버 퍼포먼스 네트워크 > 피드,19세 ~ 24세 여성,0,9,0,0,0,0.00,0,0,0,0,0,0,0,0,0,0,0,0,0,0,0,0,0,0,0,0,0,0,0,0,0,0,0,0,0,0,0,0,0,0,0,0,0,0,0,0,0,0,0,0,0,0,0.00,0,0.00,0.00
세탁기_관심사/구매의도_대용량 소구,4645454,세탁기_트래픽_구독 페스티벌,1628465,2026.10.06.,네이버 퍼포먼스 네트워크 > 피드,25세 ~ 29세 여성,0,1,0,0,0,0.00,0,0,0,0,0,0,0,0,0,0,0,0,0,0,0,0,0,0,0,0,0,0,0,0,0,0,0,0,0,0,0,0,0,0,0,0,0,0,0,0,0,0,0,0,0,0,0.00,0,0.00,0.00
세탁기_관심사/구매의도_대용량 소구,4645454,세탁기_트래픽_구독 페스티벌,1628465,2026.10.06.,네이버 퍼포먼스 네트워크 > 피드,30세 ~ 34세 여성,0,1,0,0,0,0.00,0,0,0,0,0,0,0,0,0,0,0,0,0,0,0,0,0,0,0,0,0,0,0,0,0,0,0,0,0,0,0,0,0,0,0,0,0,0,0,0,0,0,0,0,0,0,0.00,0,0.00,0.00
세탁기_관심사/구매의도_대용량 소구,4645454,세탁기_트래픽_구독 페스티벌,1628465,2026.10.06.,네이버 퍼포먼스 네트워크 > 피드,35세 ~ 39세 여성,0,2,0,0,0,0.00,0,0,0,0,0,0,0,0,0,0,0,0,0,0,0,0,0,0,0,0,0,0,0,0,0,0,0,0,0,0,0,0,0,0,0,0,0,0,0,0,0,0,0,0,0,0,0.00,0,0.00,0.00
세탁기_관심사/구매의도_대용량 소구,4645454,세탁기_트래픽_구독 페스티벌,1628465,2026.10.06.,네이버 퍼포먼스 네트워크 > 피드,40세 ~ 44세 여성,0,5,0,0,0,0.00,0,0,0,0,0,0,0,0,0,0,0,0,0,0,0,0,0,0,0,0,0,0,0,0,0,0,0,0,0,0,0,0,0,0,0,0,0,0,0,0,0,0,0,0,0,0,0.00,0,0.00,0.00
세탁기_관심사/구매의도_대용량 소구,4645454,세탁기_트래픽_구독 페스티벌,1628465,2026.10.06.,네이버 퍼포먼스 네트워크 > 피드,45세 ~ 49세 여성,0,21,0,0,0,0.00,0,0,0,0,0,0,0,0,0,0,0,0,0,0,0,0,0,0,0,0,0,0,0,0,0,0,0,0,0,0,0,0,0,0,0,0,0,0,0,0,0,0,0,0,0,0,0.00,0,0.00,0.00
세탁기_관심사/구매의도_대용량 소구,4645454,세탁기_트래픽_구독 페스티벌,1628465,2026.10.06.,네이버 퍼포먼스 네트워크 > 피드,50세 ~ 54세 여성,0,9,0,0,0,0.00,0,0,0,0,0,0,0,0,0,0,0,0,0,0,0,0,0,0,0,0,0,0,0,0,0,0,0,0,0,0,0,0,0,0,0,0,0,0,0,0,0,0,0,0,0,0,0.00,0,0.00,0.00
세탁기_관심사/구매의도_대용량 소구,4645454,세탁기_트래픽_구독 페스티벌,1628465,2026.10.06.,네이버 퍼포먼스 네트워크 > 피드,55세 ~ 59세 여성,0,14,0,0,0,0.00,0,0,0,0,0,0,0,0,0,0,0,0,0,0,0,0,0,0,0,0,0,0,0,0,0,0,0,0,0,0,0,0,0,0,0,0,0,0,0,0,0,0,0,0,0,0,0.00,0,0.00,0.00
세탁기_관심사/구매의도_대용량 소구,4645454,세탁기_트래픽_구독 페스티벌,1628465,2026.10.06.,네이버 퍼포먼스 네트워크 > 피드,60세 ~ 99세 여성,0,96,0,0,0,0.00,0,0,0,0,0,0,0,0,0,0,0,0,0,0,0,0,0,0,0,0,0,0,0,0,0,0,0,0,0,0,0,0,0,0,0,0,0,0,0,0,0,0,0,0,0,0,0.00,0,0.00,0.00
세탁기_관심사/구매의도_대용량 소구,4645454,세탁기_트래픽_구독 페스티벌,1628465,2026.10.06.,네이버 퍼포먼스 네트워크 > 피드,14세 ~ 18세 남성,0,1,0,0,0,0.00,0,0,0,0,0,0,0,0,0,0,0,0,0,0,0,0,0,0,0,0,0,0,0,0,0,0,0,0,0,0,0,0,0,0,0,0,0,0,0,0,0,0,0,0,0,0,0.00,0,0.00,0.00
세탁기_관심사/구매의도_대용량 소구,4645454,세탁기_트래픽_구독 페스티벌,1628465,2026.10.06.,네이버 퍼포먼스 네트워크 > 피드,19세 ~ 24세 남성,0,5,0,0,0,0.00,0,0,0,0,0,0,0,0,0,0,0,0,0,0,0,0,0,0,0,0,0,0,0,0,0,0,0,0,0,0,0,0,0,0,0,0,0,0,0,0,0,0,0,0,0,0,0.00,0,0.00,0.00
세탁기_관심사/구매의도_대용량 소구,4645454,세탁기_트래픽_구독 페스티벌,1628465,2026.10.06.,네이버 퍼포먼스 네트워크 > 피드,25세 ~ 29세 남성,0,1,0,0,0,0.00,0,0,0,0,0,0,0,0,0,0,0,0,0,0,0,0,0,0,0,0,0,0,0,0,0,0,0,0,0,0,0,0,0,0,0,0,0,0,0,0,0,0,0,0,0,0,0.00,0,0.00,0.00
세탁기_관심사/구매의도_대용량 소구,4645454,세탁기_트래픽_구독 페스티벌,1628465,2026.10.06.,네이버 퍼포먼스 네트워크 > 피드,35세 ~ 39세 남성,0,1,0,0,0,0.00,0,0,0,0,0,0,0,0,0,0,0,0,0,0,0,0,0,0,0,0,0,0,0,0,0,0,0,0,0,0,0,0,0,0,0,0,0,0,0,0,0,0,0,0,0,0,0.00,0,0.00,0.00
세탁기_관심사/구매의도_대용량 소구,4645454,세탁기_트래픽_구독 페스티벌,1628465,2026.10.06.,네이버 퍼포먼스 네트워크 > 피드,40세 ~ 44세 남성,0,3,0,0,0,0.00,0,0,0,0,0,0,0,0,0,0,0,0,0,0,0,0,0,0,0,0,0,0,0,0,0,0,0,0,0,0,0,0,0,0,0,0,0,0,0,0,0,0,0,0,0,0,0.00,0,0.00,0.00
세탁기_관심사/구매의도_대용량 소구,4645454,세탁기_트래픽_구독 페스티벌,1628465,2026.10.06.,네이버 퍼포먼스 네트워크 > 피드,45세 ~ 49세 남성,0,9,0,0,0,0.00,0,0,0,0,0,0,0,0,0,0,0,0,0,0,0,0,0,0,0,0,0,0,0,0,0,0,0,0,0,0,0,0,0,0,0,0,0,0,0,0,0,0,0,0,0,0,0.00,0,0.00,0.00
세탁기_관심사/구매의도_대용량 소구,4645454,세탁기_트래픽_구독 페스티벌,1628465,2026.10.06.,네이버 퍼포먼스 네트워크 > 피드,50세 ~ 54세 남성,0,10,0,0,0,0.00,0,0,0,0,0,0,0,0,0,0,0,0,0,0,0,0,0,0,0,0,0,0,0,0,0,0,0,0,0,0,0,0,0,0,0,0,0,0,0,0,0,0,0,0,0,0,0.00,0,0.00,0.00
세탁기_관심사/구매의도_대용량 소구,4645454,세탁기_트래픽_구독 페스티벌,1628465,2026.10.06.,네이버 퍼포먼스 네트워크 > 피드,55세 ~ 59세 남성,0,7,0,0,0,0.00,0,0,0,0,0,0,0,0,0,0,0,0,0,0,0,0,0,0,0,0,0,0,0,0,0,0,0,0,0,0,0,0,0,0,0,0,0,0,0,0,0,0,0,0,0,0,0.00,0,0.00,0.00
세탁기_관심사/구매의도_대용량 소구,4645454,세탁기_트래픽_구독 페스티벌,1628465,2026.10.06.,네이버 퍼포먼스 네트워크 > 피드,60세 ~ 99세 남성,109,66,1650,1,109,1.52,0,0,0,0,0,0,0,0,0,0,0,0,0,0,0,0,0,0,0,0,0,0,0,0,0,0,0,0,0,0,0,0,0,0,0,0,0,0,0,0,0,0,0,0,0,0,0.00,0,0.00,0.00
세탁기_관심사/구매의도_대용량 소구,4645454,세탁기_트래픽_구독 페스티벌,1628465,2026.10.06.,네이버 퍼포먼스 네트워크 > 피드,연령 알 수 없음 남성,0,2,0,0,0,0.00,0,0,0,0,0,0,0,0,0,0,0,0,0,0,0,0,0,0,0,0,0,0,0,0,0,0,0,0,0,0,0,0,0,0,0,0,0,0,0,0,0,0,0,0,0,0,0.00,0,0.00,0.00
세탁기_관심사/구매의도_대용량 소구,4645454,세탁기_트래픽_구독 페스티벌,1628465,2026.10.06.,네이버 퍼포먼스 네트워크 > 피드,알 수 없음,0,43,0,0,0,0.00,0,0,0,0,0,0,0,0,0,0,0,0,0,0,0,0,0,0,0,0,0,0,0,0,0,0,0,0,0,0,0,0,0,0,0,0,0,0,0,0,0,0,0,0,0,0,0.00,0,0.00,0.00
세탁기_관심사/구매의도_대용량 소구,4645454,세탁기_트래픽_구독 페스티벌,1628465,2026.10.05.,네이버+ > 피드,14세 ~ 18세 여성,0,9,0,0,0,0.00,0,0,0,0,0,0,0,0,0,0,0,0,0,0,0,0,0,0,0,0,0,0,0,0,0,0,0,0,0,0,0,0,0,0,0,0,0,0,0,0,0,0,0,0,0,0,0.00,0,0.00,0.00
세탁기_관심사/구매의도_대용량 소구,4645454,세탁기_트래픽_구독 페스티벌,1628465,2026.10.05.,네이버+ > 피드,19세 ~ 24세 여성,0,10,0,0,0,0.00,0,0,0,0,0,0,0,0,0,0,0,0,0,0,0,0,0,0,0,0,0,0,0,0,0,0,0,0,0,0,0,0,0,0,0,0,0,0,0,0,0,0,0,0,0,0,0.00,0,0.00,0.00
세탁기_관심사/구매의도_대용량 소구,4645454,세탁기_트래픽_구독 페스티벌,1628465,2026.10.05.,네이버+ > 피드,25세 ~ 29세 여성,0,5,0,0,0,0.00,0,0,0,0,0,0,0,0,0,0,0,0,0,0,0,0,0,0,0,0,0,0,0,0,0,0,0,0,0,0,0,0,0,0,0,0,0,0,0,0,0,0,0,0,0,0,0.00,0,0.00,0.00
세탁기_관심사/구매의도_대용량 소구,4645454,세탁기_트래픽_구독 페스티벌,1628465,2026.10.05.,네이버+ > 피드,30세 ~ 34세 여성,0,10,0,0,0,0.00,0,0,0,0,0,0,0,0,0,0,0,0,0,0,0,0,0,0,0,0,0,0,0,0,0,0,0,0,0,0,0,0,0,0,0,0,0,0,0,0,0,0,0,0,0,0,0.00,0,0.00,0.00
세탁기_관심사/구매의도_대용량 소구,4645454,세탁기_트래픽_구독 페스티벌,1628465,2026.10.05.,네이버+ > 피드,35세 ~ 39세 여성,0,20,0,0,0,0.00,0,0,0,0,0,0,0,0,0,0,0,0,0,0,0,0,0,0,0,0,0,0,0,0,0,0,0,0,0,0,0,0,0,0,0,0,0,0,0,0,0,0,0,0,0,0,0.00,0,0.00,0.00
세탁기_관심사/구매의도_대용량 소구,4645454,세탁기_트래픽_구독 페스티벌,1628465,2026.10.05.,네이버+ > 피드,40세 ~ 44세 여성,0,25,0,0,0,0.00,0,0,0,0,0,0,0,0,0,0,0,0,0,0,0,0,0,0,0,0,0,0,0,0,0,0,0,0,0,0,0,0,0,0,0,0,0,0,0,0,0,0,0,0,0,0,0.00,0,0.00,0.00
세탁기_관심사/구매의도_대용량 소구,4645454,세탁기_트래픽_구독 페스티벌,1628465,2026.10.05.,네이버+ > 피드,45세 ~ 49세 여성,68,44,1538,1,68,2.27,0,0,0,0,0,0,0,0,0,0,0,0,0,0,0,0,0,0,0,0,0,0,0,0,0,0,0,0,0,0,0,0,0,0,0,0,0,0,0,0,0,0,0,0,0,0,0.00,0,0.00,0.00
세탁기_관심사/구매의도_대용량 소구,4645454,세탁기_트래픽_구독 페스티벌,1628465,2026.10.05.,네이버+ > 피드,50세 ~ 54세 여성,74,81,911,1,74,1.23,0,0,0,0,0,0,0,0,0,0,0,0,0,0,0,0,0,0,0,0,0,0,0,0,0,0,0,0,0,0,0,0,0,0,0,0,0,0,0,0,0,0,0,0,0,0,0.00,0,0.00,0.00
세탁기_관심사/구매의도_대용량 소구,4645454,세탁기_트래픽_구독 페스티벌,1628465,2026.10.05.,네이버+ > 피드,55세 ~ 59세 여성,601,171,3513,7,86,4.09,0,0,0,0,0,0,0,0,0,0,0,0,0,0,0,0,0,0,0,0,0,0,0,0,0,0,0,0,0,0,0,0,0,0,0,0,0,0,0,0,0,0,0,0,0,0,0.00,0,0.00,0.00
세탁기_관심사/구매의도_대용량 소구,4645454,세탁기_트래픽_구독 페스티벌,1628465,2026.10.05.,네이버+ > 피드,60세 ~ 99세 여성,2834,1281,2213,36,79,2.81,0,0,0,0,0,0,0,0,0,0,0,0,0,0,0,0,0,0,0,0,0,0,0,0,0,0,0,0,0,0,0,0,0,0,0,0,0,0,0,0,0,0,0,0,0,0,0.00,0,0.00,0.00
세탁기_관심사/구매의도_대용량 소구,4645454,세탁기_트래픽_구독 페스티벌,1628465,2026.10.05.,네이버+ > 피드,"연령 알 수 없음 여성 ",0,26,0,0,0,0.00,0,0,0,0,0,0,0,0,0,0,0,0,0,0,0,0,0,0,0,0,0,0,0,0,0,0,0,0,0,0,0,0,0,0,0,0,0,0,0,0,0,0,0,0,0,0,0.00,0,0.00,0.00
세탁기_관심사/구매의도_대용량 소구,4645454,세탁기_트래픽_구독 페스티벌,1628465,2026.10.05.,네이버+ > 피드,14세 ~ 18세 남성,0,9,0,0,0,0.00,0,0,0,0,0,0,0,0,0,0,0,0,0,0,0,0,0,0,0,0,0,0,0,0,0,0,0,0,0,0,0,0,0,0,0,0,0,0,0,0,0,0,0,0,0,0,0.00,0,0.00,0.00
세탁기_관심사/구매의도_대용량 소구,4645454,세탁기_트래픽_구독 페스티벌,1628465,2026.10.05.,네이버+ > 피드,19세 ~ 24세 남성,0,2,0,0,0,0.00,0,0,0,0,0,0,0,0,0,0,0,0,0,0,0,0,0,0,0,0,0,0,0,0,0,0,0,0,0,0,0,0,0,0,0,0,0,0,0,0,0,0,0,0,0,0,0.00,0,0.00,0.00
세탁기_관심사/구매의도_대용량 소구,4645454,세탁기_트래픽_구독 페스티벌,1628465,2026.10.05.,네이버+ > 피드,25세 ~ 29세 남성,0,4,0,0,0,0.00,0,0,0,0,0,0,0,0,0,0,0,0,0,0,0,0,0,0,0,0,0,0,0,0,0,0,0,0,0,0,0,0,0,0,0,0,0,0,0,0,0,0,0,0,0,0,0.00,0,0.00,0.00
세탁기_관심사/구매의도_대용량 소구,4645454,세탁기_트래픽_구독 페스티벌,1628465,2026.10.05.,네이버+ > 피드,30세 ~ 34세 남성,56,3,18794,1,56,33.33,0,0,0,0,0,0,0,0,0,0,0,0,0,0,0,0,0,0,0,0,0,0,0,0,0,0,0,0,0,0,0,0,0,0,0,0,0,0,0,0,0,0,0,0,0,0,0.00,0,0.00,0.00
세탁기_관심사/구매의도_대용량 소구,4645454,세탁기_트래픽_구독 페스티벌,1628465,2026.10.05.,네이버+ > 피드,35세 ~ 39세 남성,0,6,0,0,0,0.00,0,0,0,0,0,0,0,0,0,0,0,0,0,0,0,0,0,0,0,0,0,0,0,0,0,0,0,0,0,0,0,0,0,0,0,0,0,0,0,0,0,0,0,0,0,0,0.00,0,0.00,0.00
세탁기_관심사/구매의도_대용량 소구,4645454,세탁기_트래픽_구독 페스티벌,1628465,2026.10.05.,네이버+ > 피드,40세 ~ 44세 남성,73,5,14530,1,73,20.00,0,0,0,0,0,0,0,0,0,0,0,0,0,0,0,0,0,0,0,0,0,0,0,0,0,0,0,0,0,0,0,0,0,0,0,0,0,0,0,0,0,0,0,0,0,0,0.00,0,0.00,0.00
세탁기_관심사/구매의도_대용량 소구,4645454,세탁기_트래픽_구독 페스티벌,1628465,2026.10.05.,네이버+ > 피드,45세 ~ 49세 남성,185,24,7711,2,93,8.33,0,0,0,0,0,0,0,0,0,0,0,0,0,0,0,0,0,0,0,0,0,0,0,0,0,0,0,0,0,0,0,0,0,0,0,0,0,0,0,0,0,0,0,0,0,0,0.00,0,0.00,0.00
세탁기_관심사/구매의도_대용량 소구,4645454,세탁기_트래픽_구독 페스티벌,1628465,2026.10.05.,네이버+ > 피드,50세 ~ 54세 남성,0,37,0,0,0,0.00,0,0,0,0,0,0,0,0,0,0,0,0,0,0,0,0,0,0,0,0,0,0,0,0,0,0,0,0,0,0,0,0,0,0,0,0,0,0,0,0,0,0,0,0,0,0,0.00,0,0.00,0.00
세탁기_관심사/구매의도_대용량 소구,4645454,세탁기_트래픽_구독 페스티벌,1628465,2026.10.05.,네이버+ > 피드,55세 ~ 59세 남성,94,69,1367,1,94,1.45,0,0,0,0,0,0,0,0,0,0,0,0,0,0,0,0,0,0,0,0,0,0,0,0,0,0,0,0,0,0,0,0,0,0,0,0,0,0,0,0,0,0,0,0,0,0,0.00,0,0.00,0.00
세탁기_관심사/구매의도_대용량 소구,4645454,세탁기_트래픽_구독 페스티벌,1628465,2026.10.05.,네이버+ > 피드,60세 ~ 99세 남성,1533,345,4443,21,73,6.09,0,0,0,0,0,0,0,0,0,0,0,0,0,0,0,0,0,0,0,0,0,0,0,0,0,0,0,0,0,0,0,0,0,0,0,0,0,0,0,0,0,0,0,0,0,0,0.00,0,0.00,0.00
세탁기_관심사/구매의도_대용량 소구,4645454,세탁기_트래픽_구독 페스티벌,1628465,2026.10.05.,네이버+ > 피드,연령 알 수 없음 남성,262,9,29090,3,87,33.33,0,0,0,0,0,0,0,0,0,0,0,0,0,0,0,0,0,0,0,0,0,0,0,0,0,0,0,0,0,0,0,0,0,0,0,0,0,0,0,0,0,0,0,0,0,0,0.00,0,0.00,0.00
세탁기_관심사/구매의도_대용량 소구,4645454,세탁기_트래픽_구독 페스티벌,1628465,2026.10.05.,네이버+ > 피드,25세 ~ 29세 성별 알 수 없음,0,1,0,0,0,0.00,0,0,0,0,0,0,0,0,0,0,0,0,0,0,0,0,0,0,0,0,0,0,0,0,0,0,0,0,0,0,0,0,0,0,0,0,0,0,0,0,0,0,0,0,0,0,0.00,0,0.00,0.00
세탁기_관심사/구매의도_대용량 소구,4645454,세탁기_트래픽_구독 페스티벌,1628465,2026.10.05.,네이버+ > 피드,55세 ~ 59세 성별 알 수 없음,0,4,0,0,0,0.00,0,0,0,0,0,0,0,0,0,0,0,0,0,0,0,0,0,0,0,0,0,0,0,0,0,0,0,0,0,0,0,0,0,0,0,0,0,0,0,0,0,0,0,0,0,0,0.00,0,0.00,0.00
세탁기_관심사/구매의도_대용량 소구,4645454,세탁기_트래픽_구독 페스티벌,1628465,2026.10.05.,네이버+ > 피드,60세 ~ 99세 성별 알 수 없음,0,14,0,0,0,0.00,0,0,0,0,0,0,0,0,0,0,0,0,0,0,0,0,0,0,0,0,0,0,0,0,0,0,0,0,0,0,0,0,0,0,0,0,0,0,0,0,0,0,0,0,0,0,0.00,0,0.00,0.00
세탁기_관심사/구매의도_대용량 소구,4645454,세탁기_트래픽_구독 페스티벌,1628465,2026.10.05.,네이버+ > 피드,알 수 없음,476,162,2936,6,79,3.70,0,0,0,0,0,0,0,0,0,0,0,0,0,0,0,0,0,0,0,0,0,0,0,0,0,0,0,0,0,0,0,0,0,0,0,0,0,0,0,0,0,0,0,0,0,0,0.00,0,0.00,0.00
세탁기_관심사/구매의도_대용량 소구,4645454,세탁기_트래픽_구독 페스티벌,1628465,2026.10.05.,네이버+ > 네이버 메인,14세 ~ 18세 여성,0,7,0,0,0,0.00,0,0,0,0,0,0,0,0,0,0,0,0,0,0,0,0,0,0,0,0,0,0,0,0,0,0,0,0,0,0,0,0,0,0,0,0,0,0,0,0,0,0,0,0,0,0,0.00,0,0.00,0.00
세탁기_관심사/구매의도_대용량 소구,4645454,세탁기_트래픽_구독 페스티벌,1628465,2026.10.05.,네이버+ > 네이버 메인,19세 ~ 24세 여성,0,37,0,0,0,0.00,0,0,0,0,0,0,0,0,0,0,0,0,0,0,0,0,0,0,0,0,0,0,0,0,0,0,0,0,0,0,0,0,0,0,0,0,0,0,0,0,0,0,0,0,0,0,0.00,0,0.00,0.00
세탁기_관심사/구매의도_대용량 소구,4645454,세탁기_트래픽_구독 페스티벌,1628465,2026.10.05.,네이버+ > 네이버 메인,25세 ~ 29세 여성,0,12,0,0,0,0.00,0,0,0,0,0,0,0,0,0,0,0,0,0,0,0,0,0,0,0,0,0,0,0,0,0,0,0,0,0,0,0,0,0,0,0,0,0,0,0,0,0,0,0,0,0,0,0.00,0,0.00,0.00
세탁기_관심사/구매의도_대용량 소구,4645454,세탁기_트래픽_구독 페스티벌,1628465,2026.10.05.,네이버+ > 네이버 메인,30세 ~ 34세 여성,0,14,0,0,0,0.00,0,0,0,0,0,0,0,0,0,0,0,0,0,0,0,0,0,0,0,0,0,0,0,0,0,0,0,0,0,0,0,0,0,0,0,0,0,0,0,0,0,0,0,0,0,0,0.00,0,0.00,0.00
세탁기_관심사/구매의도_대용량 소구,4645454,세탁기_트래픽_구독 페스티벌,1628465,2026.10.05.,네이버+ > 네이버 메인,35세 ~ 39세 여성,0,11,0,0,0,0.00,0,0,0,0,0,0,0,0,0,0,0,0,0,0,0,0,0,0,0,0,0,0,0,0,0,0,0,0,0,0,0,0,0,0,0,0,0,0,0,0,0,0,0,0,0,0,0.00,0,0.00,0.00
세탁기_관심사/구매의도_대용량 소구,4645454,세탁기_트래픽_구독 페스티벌,1628465,2026.10.05.,네이버+ > 네이버 메인,40세 ~ 44세 여성,0,10,0,0,0,0.00,0,0,0,0,0,0,0,0,0,0,0,0,0,0,0,0,0,0,0,0,0,0,0,0,0,0,0,0,0,0,0,0,0,0,0,0,0,0,0,0,0,0,0,0,0,0,0.00,0,0.00,0.00
세탁기_관심사/구매의도_대용량 소구,4645454,세탁기_트래픽_구독 페스티벌,1628465,2026.10.05.,네이버+ > 네이버 메인,50세 ~ 54세 여성,0,7,0,0,0,0.00,0,0,0,0,0,0,0,0,0,0,0,0,0,0,0,0,0,0,0,0,0,0,0,0,0,0,0,0,0,0,0,0,0,0,0,0,0,0,0,0,0,0,0,0,0,0,0.00,0,0.00,0.00
세탁기_관심사/구매의도_대용량 소구,4645454,세탁기_트래픽_구독 페스티벌,1628465,2026.10.05.,네이버+ > 네이버 메인,55세 ~ 59세 여성,0,14,0,0,0,0.00,0,0,0,0,0,0,0,0,0,0,0,0,0,0,0,0,0,0,0,0,0,0,0,0,0,0,0,0,0,0,0,0,0,0,0,0,0,0,0,0,0,0,0,0,0,0,0.00,0,0.00,0.00
세탁기_관심사/구매의도_대용량 소구,4645454,세탁기_트래픽_구독 페스티벌,1628465,2026.10.05.,네이버+ > 네이버 메인,60세 ~ 99세 여성,0,17,0,0,0,0.00,0,0,0,0,0,0,0,0,0,0,0,0,0,0,0,0,0,0,0,0,0,0,0,0,0,0,0,0,0,0,0,0,0,0,0,0,0,0,0,0,0,0,0,0,0,0,0.00,0,0.00,0.00
세탁기_관심사/구매의도_대용량 소구,4645454,세탁기_트래픽_구독 페스티벌,1628465,2026.10.05.,네이버+ > 네이버 메인,"연령 알 수 없음 여성 ",0,5,0,0,0,0.00,0,0,0,0,0,0,0,0,0,0,0,0,0,0,0,0,0,0,0,0,0,0,0,0,0,0,0,0,0,0,0,0,0,0,0,0,0,0,0,0,0,0,0,0,0,0,0.00,0,0.00,0.00
세탁기_관심사/구매의도_대용량 소구,4645454,세탁기_트래픽_구독 페스티벌,1628465,2026.10.05.,네이버+ > 네이버 메인,14세 ~ 18세 남성,0,39,0,0,0,0.00,0,0,0,0,0,0,0,0,0,0,0,0,0,0,0,0,0,0,0,0,0,0,0,0,0,0,0,0,0,0,0,0,0,0,0,0,0,0,0,0,0,0,0,0,0,0,0.00,0,0.00,0.00
세탁기_관심사/구매의도_대용량 소구,4645454,세탁기_트래픽_구독 페스티벌,1628465,2026.10.05.,네이버+ > 네이버 메인,19세 ~ 24세 남성,0,114,0,0,0,0.00,0,0,0,0,0,0,0,0,0,0,0,0,0,0,0,0,0,0,0,0,0,0,0,0,0,0,0,0,0,0,0,0,0,0,0,0,0,0,0,0,0,0,0,0,0,0,0.00,0,0.00,0.00
세탁기_관심사/구매의도_대용량 소구,4645454,세탁기_트래픽_구독 페스티벌,1628465,2026.10.05.,네이버+ > 네이버 메인,25세 ~ 29세 남성,0,94,0,0,0,0.00,0,0,0,0,0,0,0,0,0,0,0,0,0,0,0,0,0,0,0,0,0,0,0,0,0,0,0,0,0,0,0,0,0,0,0,0,0,0,0,0,0,0,0,0,0,0,0.00,0,0.00,0.00
세탁기_관심사/구매의도_대용량 소구,4645454,세탁기_트래픽_구독 페스티벌,1628465,2026.10.05.,네이버+ > 네이버 메인,30세 ~ 34세 남성,0,32,0,0,0,0.00,0,0,0,0,0,0,0,0,0,0,0,0,0,0,0,0,0,0,0,0,0,0,0,0,0,0,0,0,0,0,0,0,0,0,0,0,0,0,0,0,0,0,0,0,0,0,0.00,0,0.00,0.00
세탁기_관심사/구매의도_대용량 소구,4645454,세탁기_트래픽_구독 페스티벌,1628465,2026.10.05.,네이버+ > 네이버 메인,35세 ~ 39세 남성,0,66,0,0,0,0.00,0,0,0,0,0,0,0,0,0,0,0,0,0,0,0,0,0,0,0,0,0,0,0,0,0,0,0,0,0,0,0,0,0,0,0,0,0,0,0,0,0,0,0,0,0,0,0.00,0,0.00,0.00
세탁기_관심사/구매의도_대용량 소구,4645454,세탁기_트래픽_구독 페스티벌,1628465,2026.10.05.,네이버+ > 네이버 메인,40세 ~ 44세 남성,0,36,0,0,0,0.00,0,0,0,0,0,0,0,0,0,0,0,0,0,0,0,0,0,0,0,0,0,0,0,0,0,0,0,0,0,0,0,0,0,0,0,0,0,0,0,0,0,0,0,0,0,0,0.00,0,0.00,0.00
세탁기_관심사/구매의도_대용량 소구,4645454,세탁기_트래픽_구독 페스티벌,1628465,2026.10.05.,네이버+ > 네이버 메인,45세 ~ 49세 남성,0,111,0,0,0,0.00,0,0,0,0,0,0,0,0,0,0,0,0,0,0,0,0,0,0,0,0,0,0,0,0,0,0,0,0,0,0,0,0,0,0,0,0,0,0,0,0,0,0,0,0,0,0,0.00,0,0.00,0.00
세탁기_관심사/구매의도_대용량 소구,4645454,세탁기_트래픽_구독 페스티벌,1628465,2026.10.05.,네이버+ > 네이버 메인,50세 ~ 54세 남성,0,52,0,0,0,0.00,0,0,0,0,0,0,0,0,0,0,0,0,0,0,0,0,0,0,0,0,0,0,0,0,0,0,0,0,0,0,0,0,0,0,0,0,0,0,0,0,0,0,0,0,0,0,0.00,0,0.00,0.00
세탁기_관심사/구매의도_대용량 소구,4645454,세탁기_트래픽_구독 페스티벌,1628465,2026.10.05.,네이버+ > 네이버 메인,55세 ~ 59세 남성,0,91,0,0,0,0.00,0,0,0,0,0,0,0,0,0,0,0,0,0,0,0,0,0,0,0,0,0,0,0,0,0,0,0,0,0,0,0,0,0,0,0,0,0,0,0,0,0,0,0,0,0,0,0.00,0,0.00,0.00
세탁기_관심사/구매의도_대용량 소구,4645454,세탁기_트래픽_구독 페스티벌,1628465,2026.10.05.,네이버+ > 네이버 메인,60세 ~ 99세 남성,0,127,0,0,0,0.00,0,0,0,0,0,0,0,0,0,0,0,0,0,0,0,0,0,0,0,0,0,0,0,0,0,0,0,0,0,0,0,0,0,0,0,0,0,0,0,0,0,0,0,0,0,0,0.00,0,0.00,0.00
세탁기_관심사/구매의도_대용량 소구,4645454,세탁기_트래픽_구독 페스티벌,1628465,2026.10.05.,네이버+ > 네이버 메인,연령 알 수 없음 남성,0,65,0,0,0,0.00,0,0,0,0,0,0,0,0,0,0,0,0,0,0,0,0,0,0,0,0,0,0,0,0,0,0,0,0,0,0,0,0,0,0,0,0,0,0,0,0,0,0,0,0,0,0,0.00,0,0.00,0.00
세탁기_관심사/구매의도_대용량 소구,4645454,세탁기_트래픽_구독 페스티벌,1628465,2026.10.05.,네이버+ > 네이버 메인,알 수 없음,0,190,0,0,0,0.00,0,0,0,0,0,0,0,0,0,0,0,0,0,0,0,0,0,0,0,0,0,0,0,0,0,0,0,0,0,0,0,0,0,0,0,0,0,0,0,0,0,0,0,0,0,0,0.00,0,0.00,0.00
세탁기_관심사/구매의도_대용량 소구,4645454,세탁기_트래픽_구독 페스티벌,1628465,2026.10.05.,네이버+ > 서비스 통합,14세 ~ 18세 여성,82,286,288,1,82,0.35,0,0,0,0,0,0,0,0,0,0,0,0,0,0,0,0,0,0,0,0,0,0,0,0,0,0,0,0,0,0,0,0,0,0,0,0,0,0,0,0,0,0,0,0,0,0,0.00,0,0.00,0.00
세탁기_관심사/구매의도_대용량 소구,4645454,세탁기_트래픽_구독 페스티벌,1628465,2026.10.05.,네이버+ > 서비스 통합,19세 ~ 24세 여성,0,37,0,0,0,0.00,0,0,0,0,0,0,0,0,0,0,0,0,0,0,0,0,0,0,0,0,0,0,0,0,0,0,0,0,0,0,0,0,0,0,0,0,0,0,0,0,0,0,0,0,0,0,0.00,0,0.00,0.00
세탁기_관심사/구매의도_대용량 소구,4645454,세탁기_트래픽_구독 페스티벌,1628465,2026.10.05.,네이버+ > 서비스 통합,25세 ~ 29세 여성,0,21,0,0,0,0.00,0,0,0,0,0,0,0,0,0,0,0,0,0,0,0,0,0,0,0,0,0,0,0,0,0,0,0,0,0,0,0,0,0,0,0,0,0,0,0,0,0,0,0,0,0,0,0.00,0,0.00,0.00
세탁기_관심사/구매의도_대용량 소구,4645454,세탁기_트래픽_구독 페스티벌,1628465,2026.10.05.,네이버+ > 서비스 통합,30세 ~ 34세 여성,0,7,0,0,0,0.00,0,0,0,0,0,0,0,0,0,0,0,0,0,0,0,0,0,0,0,0,0,0,0,0,0,0,0,0,0,0,0,0,0,0,0,0,0,0,0,0,0,0,0,0,0,0,0.00,0,0.00,0.00
세탁기_관심사/구매의도_대용량 소구,4645454,세탁기_트래픽_구독 페스티벌,1628465,2026.10.05.,네이버+ > 서비스 통합,35세 ~ 39세 여성,0,11,0,0,0,0.00,0,0,0,0,0,0,0,0,0,0,0,0,0,0,0,0,0,0,0,0,0,0,0,0,0,0,0,0,0,0,0,0,0,0,0,0,0,0,0,0,0,0,0,0,0,0,0.00,0,0.00,0.00
세탁기_관심사/구매의도_대용량 소구,4645454,세탁기_트래픽_구독 페스티벌,1628465,2026.10.05.,네이버+ > 서비스 통합,40세 ~ 44세 여성,0,15,0,0,0,0.00,0,0,0,0,0,0,0,0,0,0,0,0,0,0,0,0,0,0,0,0,0,0,0,0,0,0,0,0,0,0,0,0,0,0,0,0,0,0,0,0,0,0,0,0,0,0,0.00,0,0.00,0.00
세탁기_관심사/구매의도_대용량 소구,4645454,세탁기_트래픽_구독 페스티벌,1628465,2026.10.05.,네이버+ > 서비스 통합,45세 ~ 49세 여성,0,10,0,0,0,0.00,0,0,0,0,0,0,0,0,0,0,0,0,0,0,0,0,0,0,0,0,0,0,0,0,0,0,0,0,0,0,0,0,0,0,0,0,0,0,0,0,0,0,0,0,0,0,0.00,0,0.00,0.00
세탁기_관심사/구매의도_대용량 소구,4645454,세탁기_트래픽_구독 페스티벌,1628465,2026.10.05.,네이버+ > 서비스 통합,50세 ~ 54세 여성,0,1,0,0,0,0.00,0,0,0,0,0,0,0,0,0,0,0,0,0,0,0,0,0,0,0,0,0,0,0,0,0,0,0,0,0,0,0,0,0,0,0,0,0,0,0,0,0,0,0,0,0,0,0.00,0,0.00,0.00
세탁기_관심사/구매의도_대용량 소구,4645454,세탁기_트래픽_구독 페스티벌,1628465,2026.10.05.,네이버+ > 서비스 통합,55세 ~ 59세 여성,0,5,0,0,0,0.00,0,0,0,0,0,0,0,0,0,0,0,0,0,0,0,0,0,0,0,0,0,0,0,0,0,0,0,0,0,0,0,0,0,0,0,0,0,0,0,0,0,0,0,0,0,0,0.00,0,0.00,0.00
세탁기_관심사/구매의도_대용량 소구,4645454,세탁기_트래픽_구독 페스티벌,1628465,2026.10.05.,네이버+ > 서비스 통합,60세 ~ 99세 여성,0,27,0,0,0,0.00,0,0,0,0,0,0,0,0,0,0,0,0,0,0,0,0,0,0,0,0,0,0,0,0,0,0,0,0,0,0,0,0,0,0,0,0,0,0,0,0,0,0,0,0,0,0,0.00,0,0.00,0.00
세탁기_관심사/구매의도_대용량 소구,4645454,세탁기_트래픽_구독 페스티벌,1628465,2026.10.05.,네이버+ > 서비스 통합,"연령 알 수 없음 여성 ",0,18,0,0,0,0.00,0,0,0,0,0,0,0,0,0,0,0,0,0,0,0,0,0,0,0,0,0,0,0,0,0,0,0,0,0,0,0,0,0,0,0,0,0,0,0,0,0,0,0,0,0,0,0.00,0,0.00,0.00
세탁기_관심사/구매의도_대용량 소구,4645454,세탁기_트래픽_구독 페스티벌,1628465,2026.10.05.,네이버+ > 서비스 통합,14세 ~ 18세 남성,359,1939,185,4,90,0.21,0,0,0,0,0,0,0,0,0,0,0,0,0,0,0,0,0,0,0,0,0,0,0,0,0,0,0,0,0,0,0,0,0,0,0,0,0,0,0,0,0,0,0,0,0,0,0.00,0,0.00,0.00
세탁기_관심사/구매의도_대용량 소구,4645454,세탁기_트래픽_구독 페스티벌,1628465,2026.10.05.,네이버+ > 서비스 통합,19세 ~ 24세 남성,0,128,0,0,0,0.00,0,0,0,0,0,0,0,0,0,0,0,0,0,0,0,0,0,0,0,0,0,0,0,0,0,0,0,0,0,0,0,0,0,0,0,0,0,0,0,0,0,0,0,0,0,0,0.00,0,0.00,0.00
세탁기_관심사/구매의도_대용량 소구,4645454,세탁기_트래픽_구독 페스티벌,1628465,2026.10.05.,네이버+ > 서비스 통합,25세 ~ 29세 남성,0,42,0,0,0,0.00,0,0,0,0,0,0,0,0,0,0,0,0,0,0,0,0,0,0,0,0,0,0,0,0,0,0,0,0,0,0,0,0,0,0,0,0,0,0,0,0,0,0,0,0,0,0,0.00,0,0.00,0.00
세탁기_관심사/구매의도_대용량 소구,4645454,세탁기_트래픽_구독 페스티벌,1628465,2026.10.05.,네이버+ > 서비스 통합,30세 ~ 34세 남성,0,28,0,0,0,0.00,0,0,0,0,0,0,0,0,0,0,0,0,0,0,0,0,0,0,0,0,0,0,0,0,0,0,0,0,0,0,0,0,0,0,0,0,0,0,0,0,0,0,0,0,0,0,0.00,0,0.00,0.00
세탁기_관심사/구매의도_대용량 소구,4645454,세탁기_트래픽_구독 페스티벌,1628465,2026.10.05.,네이버+ > 서비스 통합,35세 ~ 39세 남성,0,12,0,0,0,0.00,0,0,0,0,0,0,0,0,0,0,0,0,0,0,0,0,0,0,0,0,0,0,0,0,0,0,0,0,0,0,0,0,0,0,0,0,0,0,0,0,0,0,0,0,0,0,0.00,0,0.00,0.00
세탁기_관심사/구매의도_대용량 소구,4645454,세탁기_트래픽_구독 페스티벌,1628465,2026.10.05.,네이버+ > 서비스 통합,40세 ~ 44세 남성,0,13,0,0,0,0.00,0,0,0,0,0,0,0,0,0,0,0,0,0,0,0,0,0,0,0,0,0,0,0,0,0,0,0,0,0,0,0,0,0,0,0,0,0,0,0,0,0,0,0,0,0,0,0.00,0,0.00,0.00
세탁기_관심사/구매의도_대용량 소구,4645454,세탁기_트래픽_구독 페스티벌,1628465,2026.10.05.,네이버+ > 서비스 통합,45세 ~ 49세 남성,0,12,0,0,0,0.00,0,0,0,0,0,0,0,0,0,0,0,0,0,0,0,0,0,0,0,0,0,0,0,0,0,0,0,0,0,0,0,0,0,0,0,0,0,0,0,0,0,0,0,0,0,0,0.00,0,0.00,0.00
세탁기_관심사/구매의도_대용량 소구,4645454,세탁기_트래픽_구독 페스티벌,1628465,2026.10.05.,네이버+ > 서비스 통합,50세 ~ 54세 남성,0,36,0,0,0,0.00,0,0,0,0,0,0,0,0,0,0,0,0,0,0,0,0,0,0,0,0,0,0,0,0,0,0,0,0,0,0,0,0,0,0,0,0,0,0,0,0,0,0,0,0,0,0,0.00,0,0.00,0.00
세탁기_관심사/구매의도_대용량 소구,4645454,세탁기_트래픽_구독 페스티벌,1628465,2026.10.05.,네이버+ > 서비스 통합,55세 ~ 59세 남성,0,28,0,0,0,0.00,0,0,0,0,0,0,0,0,0,0,0,0,0,0,0,0,0,0,0,0,0,0,0,0,0,0,0,0,0,0,0,0,0,0,0,0,0,0,0,0,0,0,0,0,0,0,0.00,0,0.00,0.00
세탁기_관심사/구매의도_대용량 소구,4645454,세탁기_트래픽_구독 페스티벌,1628465,2026.10.05.,네이버+ > 서비스 통합,60세 ~ 99세 남성,0,243,0,0,0,0.00,0,0,0,0,0,0,0,0,0,0,0,0,0,0,0,0,0,0,0,0,0,0,0,0,0,0,0,0,0,0,0,0,0,0,0,0,0,0,0,0,0,0,0,0,0,0,0.00,0,0.00,0.00
세탁기_관심사/구매의도_대용량 소구,4645454,세탁기_트래픽_구독 페스티벌,1628465,2026.10.05.,네이버+ > 서비스 통합,연령 알 수 없음 남성,0,47,0,0,0,0.00,0,0,0,0,0,0,0,0,0,0,0,0,0,0,0,0,0,0,0,0,0,0,0,0,0,0,0,0,0,0,0,0,0,0,0,0,0,0,0,0,0,0,0,0,0,0,0.00,0,0.00,0.00
세탁기_관심사/구매의도_대용량 소구,4645454,세탁기_트래픽_구독 페스티벌,1628465,2026.10.05.,네이버+ > 서비스 통합,14세 ~ 18세 성별 알 수 없음,0,14,0,0,0,0.00,0,0,0,0,0,0,0,0,0,0,0,0,0,0,0,0,0,0,0,0,0,0,0,0,0,0,0,0,0,0,0,0,0,0,0,0,0,0,0,0,0,0,0,0,0,0,0.00,0,0.00,0.00
세탁기_관심사/구매의도_대용량 소구,4645454,세탁기_트래픽_구독 페스티벌,1628465,2026.10.05.,네이버+ > 서비스 통합,35세 ~ 39세 성별 알 수 없음,0,2,0,0,0,0.00,0,0,0,0,0,0,0,0,0,0,0,0,0,0,0,0,0,0,0,0,0,0,0,0,0,0,0,0,0,0,0,0,0,0,0,0,0,0,0,0,0,0,0,0,0,0,0.00,0,0.00,0.00
세탁기_관심사/구매의도_대용량 소구,4645454,세탁기_트래픽_구독 페스티벌,1628465,2026.10.05.,네이버+ > 서비스 통합,60세 ~ 99세 성별 알 수 없음,0,1,0,0,0,0.00,0,0,0,0,0,0,0,0,0,0,0,0,0,0,0,0,0,0,0,0,0,0,0,0,0,0,0,0,0,0,0,0,0,0,0,0,0,0,0,0,0,0,0,0,0,0,0.00,0,0.00,0.00
세탁기_관심사/구매의도_대용량 소구,4645454,세탁기_트래픽_구독 페스티벌,1628465,2026.10.05.,네이버+ > 서비스 통합,알 수 없음,0,235,0,0,0,0.00,0,0,0,0,0,0,0,0,0,0,0,0,0,0,0,0,0,0,0,0,0,0,0,0,0,0,0,0,0,0,0,0,0,0,0,0,0,0,0,0,0,0,0,0,0,0,0.00,0,0.00,0.00
세탁기_관심사/구매의도_대용량 소구,4645454,세탁기_트래픽_구독 페스티벌,1628465,2026.10.05.,네이버 퍼포먼스 네트워크 > 서비스 통합,14세 ~ 18세 여성,711,1998,356,8,89,0.40,0,0,0,0,0,0,0,0,0,0,0,0,0,0,0,0,0,0,0,0,0,0,0,0,0,0,0,0,0,0,0,0,0,0,0,0,0,0,0,0,0,0,0,0,0,0,0.00,0,0.00,0.00
세탁기_관심사/구매의도_대용량 소구,4645454,세탁기_트래픽_구독 페스티벌,1628465,2026.10.05.,네이버 퍼포먼스 네트워크 > 서비스 통합,19세 ~ 24세 여성,369,2720,136,4,92,0.15,0,0,0,0,0,0,0,0,0,0,0,0,0,0,0,0,0,0,0,0,0,0,0,0,0,0,0,0,0,0,0,0,0,0,0,0,0,0,0,0,0,0,0,0,0,0,0.00,0,0.00,0.00
세탁기_관심사/구매의도_대용량 소구,4645454,세탁기_트래픽_구독 페스티벌,1628465,2026.10.05.,네이버 퍼포먼스 네트워크 > 서비스 통합,25세 ~ 29세 여성,0,1564,0,0,0,0.00,0,0,0,0,0,0,0,0,0,0,0,0,0,0,0,0,0,0,0,0,0,0,0,0,0,0,0,0,0,0,0,0,0,0,0,0,0,0,0,0,0,0,0,0,0,0,0.00,0,0.00,0.00
세탁기_관심사/구매의도_대용량 소구,4645454,세탁기_트래픽_구독 페스티벌,1628465,2026.10.05.,네이버 퍼포먼스 네트워크 > 서비스 통합,30세 ~ 34세 여성,0,889,0,0,0,0.00,0,0,0,0,0,0,0,0,0,0,0,0,0,0,0,0,0,0,0,0,0,0,0,0,0,0,0,0,0,0,0,0,0,0,0,0,0,0,0,0,0,0,0,0,0,0,0.00,0,0.00,0.00
세탁기_관심사/구매의도_대용량 소구,4645454,세탁기_트래픽_구독 페스티벌,1628465,2026.10.05.,네이버 퍼포먼스 네트워크 > 서비스 통합,35세 ~ 39세 여성,0,800,0,0,0,0.00,0,0,0,0,0,0,0,0,0,0,0,0,0,0,0,0,0,0,0,0,0,0,0,0,0,0,0,0,0,0,0,0,0,0,0,0,0,0,0,0,0,0,0,0,0,0,0.00,0,0.00,0.00
세탁기_관심사/구매의도_대용량 소구,4645454,세탁기_트래픽_구독 페스티벌,1628465,2026.10.05.,네이버 퍼포먼스 네트워크 > 서비스 통합,40세 ~ 44세 여성,286,656,436,3,95,0.46,0,0,0,0,0,0,0,0,0,0,0,0,0,0,0,0,0,0,0,0,0,0,0,0,0,0,0,0,0,0,0,0,0,0,0,0,0,0,0,0,0,0,0,0,0,0,0.00,0,0.00,0.00
세탁기_관심사/구매의도_대용량 소구,4645454,세탁기_트래픽_구독 페스티벌,1628465,2026.10.05.,네이버 퍼포먼스 네트워크 > 서비스 통합,45세 ~ 49세 여성,1315,1743,755,14,94,0.80,0,0,0,0,0,0,0,0,0,0,0,0,0,0,0,0,0,0,0,0,0,0,0,0,0,0,0,0,0,0,0,0,0,0,0,0,0,0,0,0,0,0,0,0,0,0,0.00,0,0.00,0.00
세탁기_관심사/구매의도_대용량 소구,4645454,세탁기_트래픽_구독 페스티벌,1628465,2026.10.05.,네이버 퍼포먼스 네트워크 > 서비스 통합,50세 ~ 54세 여성,490,1348,364,5,98,0.37,0,0,0,0,0,0,0,0,0,0,0,0,0,0,0,0,0,0,0,0,0,0,0,0,0,0,0,0,0,0,0,0,0,0,0,0,0,0,0,0,0,0,0,0,0,0,0.00,0,0.00,0.00
세탁기_관심사/구매의도_대용량 소구,4645454,세탁기_트래픽_구독 페스티벌,1628465,2026.10.05.,네이버 퍼포먼스 네트워크 > 서비스 통합,55세 ~ 59세 여성,1717,2029,846,18,95,0.89,0,0,0,0,0,0,0,0,0,0,0,0,0,0,0,0,0,0,0,0,0,0,0,0,0,0,0,0,0,0,0,0,0,0,0,0,0,0,0,0,0,0,0,0,0,0,0.00,0,0.00,0.00
세탁기_관심사/구매의도_대용량 소구,4645454,세탁기_트래픽_구독 페스티벌,1628465,2026.10.05.,네이버 퍼포먼스 네트워크 > 서비스 통합,60세 ~ 99세 여성,10499,10627,988,117,90,1.10,0,0,0,0,0,0,0,0,0,0,0,0,0,0,0,0,0,0,0,0,0,0,0,0,0,0,0,0,0,0,0,0,0,0,0,0,0,0,0,0,0,0,0,0,0,0,0.00,0,0.00,0.00
세탁기_관심사/구매의도_대용량 소구,4645454,세탁기_트래픽_구독 페스티벌,1628465,2026.10.05.,네이버 퍼포먼스 네트워크 > 서비스 통합,"연령 알 수 없음 여성 ",180,1641,110,2,90,0.12,0,0,0,0,0,0,0,0,0,0,0,0,0,0,0,0,0,0,0,0,0,0,0,0,0,0,0,0,0,0,0,0,0,0,0,0,0,0,0,0,0,0,0,0,0,0,0.00,0,0.00,0.00
세탁기_관심사/구매의도_대용량 소구,4645454,세탁기_트래픽_구독 페스티벌,1628465,2026.10.05.,네이버 퍼포먼스 네트워크 > 서비스 통합,14세 ~ 18세 남성,655,3975,165,7,94,0.18,0,0,0,0,0,0,0,0,0,0,0,0,0,0,0,0,0,0,0,0,0,0,0,0,0,0,0,0,0,0,0,0,0,0,0,0,0,0,0,0,0,0,0,0,0,0,0.00,0,0.00,0.00
세탁기_관심사/구매의도_대용량 소구,4645454,세탁기_트래픽_구독 페스티벌,1628465,2026.10.05.,네이버 퍼포먼스 네트워크 > 서비스 통합,19세 ~ 24세 남성,917,10718,86,11,83,0.10,0,0,0,0,0,0,0,0,0,0,0,0,0,0,0,0,0,0,0,0,0,0,0,0,0,0,0,0,0,0,0,0,0,0,0,0,0,0,0,0,0,0,0,0,0,0,0.00,0,0.00,0.00
세탁기_관심사/구매의도_대용량 소구,4645454,세탁기_트래픽_구독 페스티벌,1628465,2026.10.05.,네이버 퍼포먼스 네트워크 > 서비스 통합,25세 ~ 29세 남성,533,12163,44,6,89,0.05,0,0,0,0,0,0,0,0,0,0,0,0,0,0,0,0,0,0,0,0,0,0,0,0,0,0,0,0,0,0,0,0,0,0,0,0,0,0,0,0,0,0,0,0,0,0,0.00,0,0.00,0.00
세탁기_관심사/구매의도_대용량 소구,4645454,세탁기_트래픽_구독 페스티벌,1628465,2026.10.05.,네이버 퍼포먼스 네트워크 > 서비스 통합,30세 ~ 34세 남성,655,11805,55,7,94,0.06,0,0,0,0,0,0,0,0,0,0,0,0,0,0,0,0,0,0,0,0,0,0,0,0,0,0,0,0,0,0,0,0,0,0,0,0,0,0,0,0,0,0,0,0,0,0,0.00,0,0.00,0.00
세탁기_관심사/구매의도_대용량 소구,4645454,세탁기_트래픽_구독 페스티벌,1628465,2026.10.05.,네이버 퍼포먼스 네트워크 > 서비스 통합,35세 ~ 39세 남성,0,6532,0,0,0,0.00,0,0,0,0,0,0,0,0,0,0,0,0,0,0,0,0,0,0,0,0,0,0,0,0,0,0,0,0,0,0,0,0,0,0,0,0,0,0,0,0,0,0,0,0,0,0,0.00,0,0.00,0.00
세탁기_관심사/구매의도_대용량 소구,4645454,세탁기_트래픽_구독 페스티벌,1628465,2026.10.05.,네이버 퍼포먼스 네트워크 > 서비스 통합,40세 ~ 44세 남성,313,2967,105,3,104,0.10,0,0,0,0,0,0,0,0,0,0,0,0,0,0,0,0,0,0,0,0,0,0,0,0,0,0,0,0,0,0,0,0,0,0,0,0,0,0,0,0,0,0,0,0,0,0,0.00,0,0.00,0.00
세탁기_관심사/구매의도_대용량 소구,4645454,세탁기_트래픽_구독 페스티벌,1628465,2026.10.05.,네이버 퍼포먼스 네트워크 > 서비스 통합,45세 ~ 49세 남성,218,2159,101,2,109,0.09,0,0,0,0,0,0,0,0,0,0,0,0,0,0,0,0,0,0,0,0,0,0,0,0,0,0,0,0,0,0,0,0,0,0,0,0,0,0,0,0,0,0,0,0,0,0,0.00,0,0.00,0.00
세탁기_관심사/구매의도_대용량 소구,4645454,세탁기_트래픽_구독 페스티벌,1628465,2026.10.05.,네이버 퍼포먼스 네트워크 > 서비스 통합,50세 ~ 54세 남성,397,2074,192,4,99,0.19,0,0,0,0,0,0,0,0,0,0,0,0,0,0,0,0,0,0,0,0,0,0,0,0,0,0,0,0,0,0,0,0,0,0,0,0,0,0,0,0,0,0,0,0,0,0,0.00,0,0.00,0.00
세탁기_관심사/구매의도_대용량 소구,4645454,세탁기_트래픽_구독 페스티벌,1628465,2026.10.05.,네이버 퍼포먼스 네트워크 > 서비스 통합,55세 ~ 59세 남성,980,2245,437,10,98,0.45,0,0,0,0,0,0,0,0,0,0,0,0,0,0,0,0,0,0,0,0,0,0,0,0,0,0,0,0,0,0,0,0,0,0,0,0,0,0,0,0,0,0,0,0,0,0,0.00,0,0.00,0.00
세탁기_관심사/구매의도_대용량 소구,4645454,세탁기_트래픽_구독 페스티벌,1628465,2026.10.05.,네이버 퍼포먼스 네트워크 > 서비스 통합,60세 ~ 99세 남성,4460,10361,430,49,91,0.47,0,0,0,0,0,0,0,0,0,0,0,0,0,0,0,0,0,0,0,0,0,0,0,0,0,0,0,0,0,0,0,0,0,0,0,0,0,0,0,0,0,0,0,0,0,0,0.00,0,0.00,0.00
세탁기_관심사/구매의도_대용량 소구,4645454,세탁기_트래픽_구독 페스티벌,1628465,2026.10.05.,네이버 퍼포먼스 네트워크 > 서비스 통합,연령 알 수 없음 남성,188,13849,14,2,94,0.01,0,0,0,0,0,0,0,0,0,0,0,0,0,0,0,0,0,0,0,0,0,0,0,0,0,0,0,0,0,0,0,0,0,0,0,0,0,0,0,0,0,0,0,0,0,0,0.00,0,0.00,0.00
세탁기_관심사/구매의도_대용량 소구,4645454,세탁기_트래픽_구독 페스티벌,1628465,2026.10.05.,네이버 퍼포먼스 네트워크 > 서비스 통합,14세 ~ 18세 성별 알 수 없음,0,191,0,0,0,0.00,0,0,0,0,0,0,0,0,0,0,0,0,0,0,0,0,0,0,0,0,0,0,0,0,0,0,0,0,0,0,0,0,0,0,0,0,0,0,0,0,0,0,0,0,0,0,0.00,0,0.00,0.00
세탁기_관심사/구매의도_대용량 소구,4645454,세탁기_트래픽_구독 페스티벌,1628465,2026.10.05.,네이버 퍼포먼스 네트워크 > 서비스 통합,19세 ~ 24세 성별 알 수 없음,0,354,0,0,0,0.00,0,0,0,0,0,0,0,0,0,0,0,0,0,0,0,0,0,0,0,0,0,0,0,0,0,0,0,0,0,0,0,0,0,0,0,0,0,0,0,0,0,0,0,0,0,0,0.00,0,0.00,0.00
세탁기_관심사/구매의도_대용량 소구,4645454,세탁기_트래픽_구독 페스티벌,1628465,2026.10.05.,네이버 퍼포먼스 네트워크 > 서비스 통합,25세 ~ 29세 성별 알 수 없음,0,378,0,0,0,0.00,0,0,0,0,0,0,0,0,0,0,0,0,0,0,0,0,0,0,0,0,0,0,0,0,0,0,0,0,0,0,0,0,0,0,0,0,0,0,0,0,0,0,0,0,0,0,0.00,0,0.00,0.00
세탁기_관심사/구매의도_대용량 소구,4645454,세탁기_트래픽_구독 페스티벌,1628465,2026.10.05.,네이버 퍼포먼스 네트워크 > 서비스 통합,30세 ~ 34세 성별 알 수 없음,0,342,0,0,0,0.00,0,0,0,0,0,0,0,0,0,0,0,0,0,0,0,0,0,0,0,0,0,0,0,0,0,0,0,0,0,0,0,0,0,0,0,0,0,0,0,0,0,0,0,0,0,0,0.00,0,0.00,0.00
세탁기_관심사/구매의도_대용량 소구,4645454,세탁기_트래픽_구독 페스티벌,1628465,2026.10.05.,네이버 퍼포먼스 네트워크 > 서비스 통합,35세 ~ 39세 성별 알 수 없음,0,103,0,0,0,0.00,0,0,0,0,0,0,0,0,0,0,0,0,0,0,0,0,0,0,0,0,0,0,0,0,0,0,0,0,0,0,0,0,0,0,0,0,0,0,0,0,0,0,0,0,0,0,0.00,0,0.00,0.00
세탁기_관심사/구매의도_대용량 소구,4645454,세탁기_트래픽_구독 페스티벌,1628465,2026.10.05.,네이버 퍼포먼스 네트워크 > 서비스 통합,40세 ~ 44세 성별 알 수 없음,0,130,0,0,0,0.00,0,0,0,0,0,0,0,0,0,0,0,0,0,0,0,0,0,0,0,0,0,0,0,0,0,0,0,0,0,0,0,0,0,0,0,0,0,0,0,0,0,0,0,0,0,0,0.00,0,0.00,0.00
세탁기_관심사/구매의도_대용량 소구,4645454,세탁기_트래픽_구독 페스티벌,1628465,2026.10.05.,네이버 퍼포먼스 네트워크 > 서비스 통합,45세 ~ 49세 성별 알 수 없음,0,49,0,0,0,0.00,0,0,0,0,0,0,0,0,0,0,0,0,0,0,0,0,0,0,0,0,0,0,0,0,0,0,0,0,0,0,0,0,0,0,0,0,0,0,0,0,0,0,0,0,0,0,0.00,0,0.00,0.00
세탁기_관심사/구매의도_대용량 소구,4645454,세탁기_트래픽_구독 페스티벌,1628465,2026.10.05.,네이버 퍼포먼스 네트워크 > 서비스 통합,50세 ~ 54세 성별 알 수 없음,0,68,0,0,0,0.00,0,0,0,0,0,0,0,0,0,0,0,0,0,0,0,0,0,0,0,0,0,0,0,0,0,0,0,0,0,0,0,0,0,0,0,0,0,0,0,0,0,0,0,0,0,0,0.00,0,0.00,0.00
세탁기_관심사/구매의도_대용량 소구,4645454,세탁기_트래픽_구독 페스티벌,1628465,2026.10.05.,네이버 퍼포먼스 네트워크 > 서비스 통합,55세 ~ 59세 성별 알 수 없음,0,53,0,0,0,0.00,0,0,0,0,0,0,0,0,0,0,0,0,0,0,0,0,0,0,0,0,0,0,0,0,0,0,0,0,0,0,0,0,0,0,0,0,0,0,0,0,0,0,0,0,0,0,0.00,0,0.00,0.00
세탁기_관심사/구매의도_대용량 소구,4645454,세탁기_트래픽_구독 페스티벌,1628465,2026.10.05.,네이버 퍼포먼스 네트워크 > 서비스 통합,60세 ~ 99세 성별 알 수 없음,164,305,539,2,82,0.66,0,0,0,0,0,0,0,0,0,0,0,0,0,0,0,0,0,0,0,0,0,0,0,0,0,0,0,0,0,0,0,0,0,0,0,0,0,0,0,0,0,0,0,0,0,0,0.00,0,0.00,0.00
세탁기_관심사/구매의도_대용량 소구,4645454,세탁기_트래픽_구독 페스티벌,1628465,2026.10.05.,네이버 퍼포먼스 네트워크 > 서비스 통합,알 수 없음,3453,26604,130,40,86,0.15,0,0,0,0,0,0,0,0,0,0,0,0,0,0,0,0,0,0,0,0,0,0,0,0,0,0,0,0,0,0,0,0,0,0,0,0,0,0,0,0,0,0,0,0,0,0,0.00,0,0.00,0.00
세탁기_관심사/구매의도_대용량 소구,4645454,세탁기_트래픽_구독 페스티벌,1628465,2026.10.05.,네이버 퍼포먼스 네트워크 > 피드,14세 ~ 18세 여성,0,1,0,0,0,0.00,0,0,0,0,0,0,0,0,0,0,0,0,0,0,0,0,0,0,0,0,0,0,0,0,0,0,0,0,0,0,0,0,0,0,0,0,0,0,0,0,0,0,0,0,0,0,0.00,0,0.00,0.00
세탁기_관심사/구매의도_대용량 소구,4645454,세탁기_트래픽_구독 페스티벌,1628465,2026.10.05.,네이버 퍼포먼스 네트워크 > 피드,19세 ~ 24세 여성,0,3,0,0,0,0.00,0,0,0,0,0,0,0,0,0,0,0,0,0,0,0,0,0,0,0,0,0,0,0,0,0,0,0,0,0,0,0,0,0,0,0,0,0,0,0,0,0,0,0,0,0,0,0.00,0,0.00,0.00
세탁기_관심사/구매의도_대용량 소구,4645454,세탁기_트래픽_구독 페스티벌,1628465,2026.10.05.,네이버 퍼포먼스 네트워크 > 피드,25세 ~ 29세 여성,0,1,0,0,0,0.00,0,0,0,0,0,0,0,0,0,0,0,0,0,0,0,0,0,0,0,0,0,0,0,0,0,0,0,0,0,0,0,0,0,0,0,0,0,0,0,0,0,0,0,0,0,0,0.00,0,0.00,0.00
세탁기_관심사/구매의도_대용량 소구,4645454,세탁기_트래픽_구독 페스티벌,1628465,2026.10.05.,네이버 퍼포먼스 네트워크 > 피드,45세 ~ 49세 여성,0,7,0,0,0,0.00,0,0,0,0,0,0,0,0,0,0,0,0,0,0,0,0,0,0,0,0,0,0,0,0,0,0,0,0,0,0,0,0,0,0,0,0,0,0,0,0,0,0,0,0,0,0,0.00,0,0.00,0.00
세탁기_관심사/구매의도_대용량 소구,4645454,세탁기_트래픽_구독 페스티벌,1628465,2026.10.05.,네이버 퍼포먼스 네트워크 > 피드,50세 ~ 54세 여성,0,5,0,0,0,0.00,0,0,0,0,0,0,0,0,0,0,0,0,0,0,0,0,0,0,0,0,0,0,0,0,0,0,0,0,0,0,0,0,0,0,0,0,0,0,0,0,0,0,0,0,0,0,0.00,0,0.00,0.00
세탁기_관심사/구매의도_대용량 소구,4645454,세탁기_트래픽_구독 페스티벌,1628465,2026.10.05.,네이버 퍼포먼스 네트워크 > 피드,55세 ~ 59세 여성,0,12,0,0,0,0.00,0,0,0,0,0,0,0,0,0,0,0,0,0,0,0,0,0,0,0,0,0,0,0,0,0,0,0,0,0,0,0,0,0,0,0,0,0,0,0,0,0,0,0,0,0,0,0.00,0,0.00,0.00
세탁기_관심사/구매의도_대용량 소구,4645454,세탁기_트래픽_구독 페스티벌,1628465,2026.10.05.,네이버 퍼포먼스 네트워크 > 피드,60세 ~ 99세 여성,0,60,0,0,0,0.00,0,0,0,0,0,0,0,0,0,0,0,0,0,0,0,0,0,0,0,0,0,0,0,0,0,0,0,0,0,0,0,0,0,0,0,0,0,0,0,0,0,0,0,0,0,0,0.00,0,0.00,0.00
세탁기_관심사/구매의도_대용량 소구,4645454,세탁기_트래픽_구독 페스티벌,1628465,2026.10.05.,네이버 퍼포먼스 네트워크 > 피드,14세 ~ 18세 남성,0,2,0,0,0,0.00,0,0,0,0,0,0,0,0,0,0,0,0,0,0,0,0,0,0,0,0,0,0,0,0,0,0,0,0,0,0,0,0,0,0,0,0,0,0,0,0,0,0,0,0,0,0,0.00,0,0.00,0.00
세탁기_관심사/구매의도_대용량 소구,4645454,세탁기_트래픽_구독 페스티벌,1628465,2026.10.05.,네이버 퍼포먼스 네트워크 > 피드,19세 ~ 24세 남성,0,1,0,0,0,0.00,0,0,0,0,0,0,0,0,0,0,0,0,0,0,0,0,0,0,0,0,0,0,0,0,0,0,0,0,0,0,0,0,0,0,0,0,0,0,0,0,0,0,0,0,0,0,0.00,0,0.00,0.00
세탁기_관심사/구매의도_대용량 소구,4645454,세탁기_트래픽_구독 페스티벌,1628465,2026.10.05.,네이버 퍼포먼스 네트워크 > 피드,40세 ~ 44세 남성,0,1,0,0,0,0.00,0,0,0,0,0,0,0,0,0,0,0,0,0,0,0,0,0,0,0,0,0,0,0,0,0,0,0,0,0,0,0,0,0,0,0,0,0,0,0,0,0,0,0,0,0,0,0.00,0,0.00,0.00
세탁기_관심사/구매의도_대용량 소구,4645454,세탁기_트래픽_구독 페스티벌,1628465,2026.10.05.,네이버 퍼포먼스 네트워크 > 피드,45세 ~ 49세 남성,0,2,0,0,0,0.00,0,0,0,0,0,0,0,0,0,0,0,0,0,0,0,0,0,0,0,0,0,0,0,0,0,0,0,0,0,0,0,0,0,0,0,0,0,0,0,0,0,0,0,0,0,0,0.00,0,0.00,0.00
세탁기_관심사/구매의도_대용량 소구,4645454,세탁기_트래픽_구독 페스티벌,1628465,2026.10.05.,네이버 퍼포먼스 네트워크 > 피드,50세 ~ 54세 남성,0,14,0,0,0,0.00,0,0,0,0,0,0,0,0,0,0,0,0,0,0,0,0,0,0,0,0,0,0,0,0,0,0,0,0,0,0,0,0,0,0,0,0,0,0,0,0,0,0,0,0,0,0,0.00,0,0.00,0.00
세탁기_관심사/구매의도_대용량 소구,4645454,세탁기_트래픽_구독 페스티벌,1628465,2026.10.05.,네이버 퍼포먼스 네트워크 > 피드,55세 ~ 59세 남성,0,6,0,0,0,0.00,0,0,0,0,0,0,0,0,0,0,0,0,0,0,0,0,0,0,0,0,0,0,0,0,0,0,0,0,0,0,0,0,0,0,0,0,0,0,0,0,0,0,0,0,0,0,0.00,0,0.00,0.00
세탁기_관심사/구매의도_대용량 소구,4645454,세탁기_트래픽_구독 페스티벌,1628465,2026.10.05.,네이버 퍼포먼스 네트워크 > 피드,60세 ~ 99세 남성,0,64,0,0,0,0.00,0,0,0,0,0,0,0,0,0,0,0,0,0,0,0,0,0,0,0,0,0,0,0,0,0,0,0,0,0,0,0,0,0,0,0,0,0,0,0,0,0,0,0,0,0,0,0.00,0,0.00,0.00
세탁기_관심사/구매의도_대용량 소구,4645454,세탁기_트래픽_구독 페스티벌,1628465,2026.10.05.,네이버 퍼포먼스 네트워크 > 피드,알 수 없음,0,6,0,0,0,0.00,0,0,0,0,0,0,0,0,0,0,0,0,0,0,0,0,0,0,0,0,0,0,0,0,0,0,0,0,0,0,0,0,0,0,0,0,0,0,0,0,0,0,0,0,0,0,0.00,0,0.00,0.00
세탁기_관심사/구매의도_대용량 소구,4645454,세탁기_트래픽_구독 페스티벌,1628465,2026.10.04.,네이버+ > 피드,14세 ~ 18세 여성,0,8,0,0,0,0.00,0,0,0,0,0,0,0,0,0,0,0,0,0,0,0,0,0,0,0,0,0,0,0,0,0,0,0,0,0,0,0,0,0,0,0,0,0,0,0,0,0,0,0,0,0,0,0.00,0,0.00,0.00
세탁기_관심사/구매의도_대용량 소구,4645454,세탁기_트래픽_구독 페스티벌,1628465,2026.10.04.,네이버+ > 피드,19세 ~ 24세 여성,0,16,0,0,0,0.00,0,0,0,0,0,0,0,0,0,0,0,0,0,0,0,0,0,0,0,0,0,0,0,0,0,0,0,0,0,0,0,0,0,0,0,0,0,0,0,0,0,0,0,0,0,0,0.00,0,0.00,0.00
세탁기_관심사/구매의도_대용량 소구,4645454,세탁기_트래픽_구독 페스티벌,1628465,2026.10.04.,네이버+ > 피드,25세 ~ 29세 여성,0,5,0,0,0,0.00,0,0,0,0,0,0,0,0,0,0,0,0,0,0,0,0,0,0,0,0,0,0,0,0,0,0,0,0,0,0,0,0,0,0,0,0,0,0,0,0,0,0,0,0,0,0,0.00,0,0.00,0.00
세탁기_관심사/구매의도_대용량 소구,4645454,세탁기_트래픽_구독 페스티벌,1628465,2026.10.04.,네이버+ > 피드,30세 ~ 34세 여성,0,4,0,0,0,0.00,0,0,0,0,0,0,0,0,0,0,0,0,0,0,0,0,0,0,0,0,0,0,0,0,0,0,0,0,0,0,0,0,0,0,0,0,0,0,0,0,0,0,0,0,0,0,0.00,0,0.00,0.00
세탁기_관심사/구매의도_대용량 소구,4645454,세탁기_트래픽_구독 페스티벌,1628465,2026.10.04.,네이버+ > 피드,35세 ~ 39세 여성,0,7,0,0,0,0.00,0,0,0,0,0,0,0,0,0,0,0,0,0,0,0,0,0,0,0,0,0,0,0,0,0,0,0,0,0,0,0,0,0,0,0,0,0,0,0,0,0,0,0,0,0,0,0.00,0,0.00,0.00
세탁기_관심사/구매의도_대용량 소구,4645454,세탁기_트래픽_구독 페스티벌,1628465,2026.10.04.,네이버+ > 피드,40세 ~ 44세 여성,199,32,6213,3,66,9.38,0,0,0,0,0,0,0,0,0,0,0,0,0,0,0,0,0,0,0,0,0,0,0,0,0,0,0,0,0,0,0,0,0,0,0,0,0,0,0,0,0,0,0,0,0,0,0.00,0,0.00,0.00
세탁기_관심사/구매의도_대용량 소구,4645454,세탁기_트래픽_구독 페스티벌,1628465,2026.10.04.,네이버+ > 피드,45세 ~ 49세 여성,57,28,2050,1,57,3.57,0,0,0,0,0,0,0,0,0,0,0,0,0,0,0,0,0,0,0,0,0,0,0,0,0,0,0,0,0,0,0,0,0,0,0,0,0,0,0,0,0,0,0,0,0,0,0.00,0,0.00,0.00
세탁기_관심사/구매의도_대용량 소구,4645454,세탁기_트래픽_구독 페스티벌,1628465,2026.10.04.,네이버+ > 피드,50세 ~ 54세 여성,246,57,4307,3,82,5.26,0,0,0,0,0,0,0,0,0,0,0,0,0,0,0,0,0,0,0,0,0,0,0,0,0,0,0,0,0,0,0,0,0,0,0,0,0,0,0,0,0,0,0,0,0,0,0.00,0,0.00,0.00
세탁기_관심사/구매의도_대용량 소구,4645454,세탁기_트래픽_구독 페스티벌,1628465,2026.10.04.,네이버+ > 피드,55세 ~ 59세 여성,558,149,3743,8,70,5.37,0,0,0,0,0,0,0,0,0,0,0,0,0,0,0,0,0,0,0,0,0,0,0,0,0,0,0,0,0,0,0,0,0,0,0,0,0,0,0,0,0,0,0,0,0,0,0.00,0,0.00,0.00
세탁기_관심사/구매의도_대용량 소구,4645454,세탁기_트래픽_구독 페스티벌,1628465,2026.10.04.,네이버+ > 피드,60세 ~ 99세 여성,1717,852,2015,22,78,2.58,0,0,0,0,0,0,0,0,0,0,0,0,0,0,0,0,0,0,0,0,0,0,0,0,0,0,0,0,0,0,0,0,0,0,0,0,0,0,0,0,0,0,0,0,0,0,0.00,0,0.00,0.00
세탁기_관심사/구매의도_대용량 소구,4645454,세탁기_트래픽_구독 페스티벌,1628465,2026.10.04.,네이버+ > 피드,"연령 알 수 없음 여성 ",0,17,0,0,0,0.00,0,0,0,0,0,0,0,0,0,0,0,0,0,0,0,0,0,0,0,0,0,0,0,0,0,0,0,0,0,0,0,0,0,0,0,0,0,0,0,0,0,0,0,0,0,0,0.00,0,0.00,0.00
세탁기_관심사/구매의도_대용량 소구,4645454,세탁기_트래픽_구독 페스티벌,1628465,2026.10.04.,네이버+ > 피드,14세 ~ 18세 남성,0,6,0,0,0,0.00,0,0,0,0,0,0,0,0,0,0,0,0,0,0,0,0,0,0,0,0,0,0,0,0,0,0,0,0,0,0,0,0,0,0,0,0,0,0,0,0,0,0,0,0,0,0,0.00,0,0.00,0.00
세탁기_관심사/구매의도_대용량 소구,4645454,세탁기_트래픽_구독 페스티벌,1628465,2026.10.04.,네이버+ > 피드,19세 ~ 24세 남성,0,4,0,0,0,0.00,0,0,0,0,0,0,0,0,0,0,0,0,0,0,0,0,0,0,0,0,0,0,0,0,0,0,0,0,0,0,0,0,0,0,0,0,0,0,0,0,0,0,0,0,0,0,0.00,0,0.00,0.00
세탁기_관심사/구매의도_대용량 소구,4645454,세탁기_트래픽_구독 페스티벌,1628465,2026.10.04.,네이버+ > 피드,25세 ~ 29세 남성,67,3,22446,1,67,33.33,0,0,0,0,0,0,0,0,0,0,0,0,0,0,0,0,0,0,0,0,0,0,0,0,0,0,0,0,0,0,0,0,0,0,0,0,0,0,0,0,0,0,0,0,0,0,0.00,0,0.00,0.00
세탁기_관심사/구매의도_대용량 소구,4645454,세탁기_트래픽_구독 페스티벌,1628465,2026.10.04.,네이버+ > 피드,30세 ~ 34세 남성,0,1,0,0,0,0.00,0,0,0,0,0,0,0,0,0,0,0,0,0,0,0,0,0,0,0,0,0,0,0,0,0,0,0,0,0,0,0,0,0,0,0,0,0,0,0,0,0,0,0,0,0,0,0.00,0,0.00,0.00
세탁기_관심사/구매의도_대용량 소구,4645454,세탁기_트래픽_구독 페스티벌,1628465,2026.10.04.,네이버+ > 피드,35세 ~ 39세 남성,97,6,16194,1,97,16.67,0,0,0,0,0,0,0,0,0,0,0,0,0,0,0,0,0,0,0,0,0,0,0,0,0,0,0,0,0,0,0,0,0,0,0,0,0,0,0,0,0,0,0,0,0,0,0.00,0,0.00,0.00
세탁기_관심사/구매의도_대용량 소구,4645454,세탁기_트래픽_구독 페스티벌,1628465,2026.10.04.,네이버+ > 피드,40세 ~ 44세 남성,0,5,0,0,0,0.00,0,0,0,0,0,0,0,0,0,0,0,0,0,0,0,0,0,0,0,0,0,0,0,0,0,0,0,0,0,0,0,0,0,0,0,0,0,0,0,0,0,0,0,0,0,0,0.00,0,0.00,0.00
세탁기_관심사/구매의도_대용량 소구,4645454,세탁기_트래픽_구독 페스티벌,1628465,2026.10.04.,네이버+ > 피드,45세 ~ 49세 남성,84,12,7019,1,84,8.33,0,0,0,0,0,0,0,0,0,0,0,0,0,0,0,0,0,0,0,0,0,0,0,0,0,0,0,0,0,0,0,0,0,0,0,0,0,0,0,0,0,0,0,0,0,0,0.00,0,0.00,0.00
세탁기_관심사/구매의도_대용량 소구,4645454,세탁기_트래픽_구독 페스티벌,1628465,2026.10.04.,네이버+ > 피드,50세 ~ 54세 남성,94,37,2528,1,94,2.70,0,0,0,0,0,0,0,0,0,0,0,0,0,0,0,0,0,0,0,0,0,0,0,0,0,0,0,0,0,0,0,0,0,0,0,0,0,0,0,0,0,0,0,0,0,0,0.00,0,0.00,0.00
세탁기_관심사/구매의도_대용량 소구,4645454,세탁기_트래픽_구독 페스티벌,1628465,2026.10.04.,네이버+ > 피드,55세 ~ 59세 남성,98,45,2171,1,98,2.22,0,0,0,0,0,0,0,0,0,0,0,0,0,0,0,0,0,0,0,0,0,0,0,0,0,0,0,0,0,0,0,0,0,0,0,0,0,0,0,0,0,0,0,0,0,0,0.00,0,0.00,0.00
세탁기_관심사/구매의도_대용량 소구,4645454,세탁기_트래픽_구독 페스티벌,1628465,2026.10.04.,네이버+ > 피드,60세 ~ 99세 남성,271,214,1265,4,68,1.87,0,0,0,0,0,0,0,0,0,0,0,0,0,0,0,0,0,0,0,0,0,0,0,0,0,0,0,0,0,0,0,0,0,0,0,0,0,0,0,0,0,0,0,0,0,0,0.00,0,0.00,0.00
세탁기_관심사/구매의도_대용량 소구,4645454,세탁기_트래픽_구독 페스티벌,1628465,2026.10.04.,네이버+ > 피드,연령 알 수 없음 남성,0,1,0,0,0,0.00,0,0,0,0,0,0,0,0,0,0,0,0,0,0,0,0,0,0,0,0,0,0,0,0,0,0,0,0,0,0,0,0,0,0,0,0,0,0,0,0,0,0,0,0,0,0,0.00,0,0.00,0.00
세탁기_관심사/구매의도_대용량 소구,4645454,세탁기_트래픽_구독 페스티벌,1628465,2026.10.04.,네이버+ > 피드,45세 ~ 49세 성별 알 수 없음,0,2,0,0,0,0.00,0,0,0,0,0,0,0,0,0,0,0,0,0,0,0,0,0,0,0,0,0,0,0,0,0,0,0,0,0,0,0,0,0,0,0,0,0,0,0,0,0,0,0,0,0,0,0.00,0,0.00,0.00
세탁기_관심사/구매의도_대용량 소구,4645454,세탁기_트래픽_구독 페스티벌,1628465,2026.10.04.,네이버+ > 피드,55세 ~ 59세 성별 알 수 없음,0,7,0,0,0,0.00,0,0,0,0,0,0,0,0,0,0,0,0,0,0,0,0,0,0,0,0,0,0,0,0,0,0,0,0,0,0,0,0,0,0,0,0,0,0,0,0,0,0,0,0,0,0,0.00,0,0.00,0.00
세탁기_관심사/구매의도_대용량 소구,4645454,세탁기_트래픽_구독 페스티벌,1628465,2026.10.04.,네이버+ > 피드,60세 ~ 99세 성별 알 수 없음,0,12,0,0,0,0.00,0,0,0,0,0,0,0,0,0,0,0,0,0,0,0,0,0,0,0,0,0,0,0,0,0,0,0,0,0,0,0,0,0,0,0,0,0,0,0,0,0,0,0,0,0,0,0.00,0,0.00,0.00
세탁기_관심사/구매의도_대용량 소구,4645454,세탁기_트래픽_구독 페스티벌,1628465,2026.10.04.,네이버+ > 피드,알 수 없음,93,94,992,1,93,1.06,0,0,0,0,0,0,0,0,0,0,0,0,0,0,0,0,0,0,0,0,0,0,0,0,0,0,0,0,0,0,0,0,0,0,0,0,0,0,0,0,0,0,0,0,0,0,0.00,0,0.00,0.00
세탁기_관심사/구매의도_대용량 소구,4645454,세탁기_트래픽_구독 페스티벌,1628465,2026.10.04.,네이버+ > 네이버 메인,14세 ~ 18세 여성,0,27,0,0,0,0.00,0,0,0,0,0,0,0,0,0,0,0,0,0,0,0,0,0,0,0,0,0,0,0,0,0,0,0,0,0,0,0,0,0,0,0,0,0,0,0,0,0,0,0,0,0,0,0.00,0,0.00,0.00
세탁기_관심사/구매의도_대용량 소구,4645454,세탁기_트래픽_구독 페스티벌,1628465,2026.10.04.,네이버+ > 네이버 메인,19세 ~ 24세 여성,0,33,0,0,0,0.00,0,0,0,0,0,0,0,0,0,0,0,0,0,0,0,0,0,0,0,0,0,0,0,0,0,0,0,0,0,0,0,0,0,0,0,0,0,0,0,0,0,0,0,0,0,0,0.00,0,0.00,0.00
세탁기_관심사/구매의도_대용량 소구,4645454,세탁기_트래픽_구독 페스티벌,1628465,2026.10.04.,네이버+ > 네이버 메인,25세 ~ 29세 여성,0,16,0,0,0,0.00,0,0,0,0,0,0,0,0,0,0,0,0,0,0,0,0,0,0,0,0,0,0,0,0,0,0,0,0,0,0,0,0,0,0,0,0,0,0,0,0,0,0,0,0,0,0,0.00,0,0.00,0.00
세탁기_관심사/구매의도_대용량 소구,4645454,세탁기_트래픽_구독 페스티벌,1628465,2026.10.04.,네이버+ > 네이버 메인,30세 ~ 34세 여성,0,13,0,0,0,0.00,0,0,0,0,0,0,0,0,0,0,0,0,0,0,0,0,0,0,0,0,0,0,0,0,0,0,0,0,0,0,0,0,0,0,0,0,0,0,0,0,0,0,0,0,0,0,0.00,0,0.00,0.00
세탁기_관심사/구매의도_대용량 소구,4645454,세탁기_트래픽_구독 페스티벌,1628465,2026.10.04.,네이버+ > 네이버 메인,35세 ~ 39세 여성,0,5,0,0,0,0.00,0,0,0,0,0,0,0,0,0,0,0,0,0,0,0,0,0,0,0,0,0,0,0,0,0,0,0,0,0,0,0,0,0,0,0,0,0,0,0,0,0,0,0,0,0,0,0.00,0,0.00,0.00
세탁기_관심사/구매의도_대용량 소구,4645454,세탁기_트래픽_구독 페스티벌,1628465,2026.10.04.,네이버+ > 네이버 메인,40세 ~ 44세 여성,0,12,0,0,0,0.00,0,0,0,0,0,0,0,0,0,0,0,0,0,0,0,0,0,0,0,0,0,0,0,0,0,0,0,0,0,0,0,0,0,0,0,0,0,0,0,0,0,0,0,0,0,0,0.00,0,0.00,0.00
세탁기_관심사/구매의도_대용량 소구,4645454,세탁기_트래픽_구독 페스티벌,1628465,2026.10.04.,네이버+ > 네이버 메인,45세 ~ 49세 여성,0,1,0,0,0,0.00,0,0,0,0,0,0,0,0,0,0,0,0,0,0,0,0,0,0,0,0,0,0,0,0,0,0,0,0,0,0,0,0,0,0,0,0,0,0,0,0,0,0,0,0,0,0,0.00,0,0.00,0.00
세탁기_관심사/구매의도_대용량 소구,4645454,세탁기_트래픽_구독 페스티벌,1628465,2026.10.04.,네이버+ > 네이버 메인,50세 ~ 54세 여성,0,18,0,0,0,0.00,0,0,0,0,0,0,0,0,0,0,0,0,0,0,0,0,0,0,0,0,0,0,0,0,0,0,0,0,0,0,0,0,0,0,0,0,0,0,0,0,0,0,0,0,0,0,0.00,0,0.00,0.00
세탁기_관심사/구매의도_대용량 소구,4645454,세탁기_트래픽_구독 페스티벌,1628465,2026.10.04.,네이버+ > 네이버 메인,55세 ~ 59세 여성,0,9,0,0,0,0.00,0,0,0,0,0,0,0,0,0,0,0,0,0,0,0,0,0,0,0,0,0,0,0,0,0,0,0,0,0,0,0,0,0,0,0,0,0,0,0,0,0,0,0,0,0,0,0.00,0,0.00,0.00
세탁기_관심사/구매의도_대용량 소구,4645454,세탁기_트래픽_구독 페스티벌,1628465,2026.10.04.,네이버+ > 네이버 메인,60세 ~ 99세 여성,0,32,0,0,0,0.00,0,0,0,0,0,0,0,0,0,0,0,0,0,0,0,0,0,0,0,0,0,0,0,0,0,0,0,0,0,0,0,0,0,0,0,0,0,0,0,0,0,0,0,0,0,0,0.00,0,0.00,0.00
세탁기_관심사/구매의도_대용량 소구,4645454,세탁기_트래픽_구독 페스티벌,1628465,2026.10.04.,네이버+ > 네이버 메인,"연령 알 수 없음 여성 ",0,13,0,0,0,0.00,0,0,0,0,0,0,0,0,0,0,0,0,0,0,0,0,0,0,0,0,0,0,0,0,0,0,0,0,0,0,0,0,0,0,0,0,0,0,0,0,0,0,0,0,0,0,0.00,0,0.00,0.00
세탁기_관심사/구매의도_대용량 소구,4645454,세탁기_트래픽_구독 페스티벌,1628465,2026.10.04.,네이버+ > 네이버 메인,14세 ~ 18세 남성,0,51,0,0,0,0.00,0,0,0,0,0,0,0,0,0,0,0,0,0,0,0,0,0,0,0,0,0,0,0,0,0,0,0,0,0,0,0,0,0,0,0,0,0,0,0,0,0,0,0,0,0,0,0.00,0,0.00,0.00
세탁기_관심사/구매의도_대용량 소구,4645454,세탁기_트래픽_구독 페스티벌,1628465,2026.10.04.,네이버+ > 네이버 메인,19세 ~ 24세 남성,0,138,0,0,0,0.00,0,0,0,0,0,0,0,0,0,0,0,0,0,0,0,0,0,0,0,0,0,0,0,0,0,0,0,0,0,0,0,0,0,0,0,0,0,0,0,0,0,0,0,0,0,0,0.00,0,0.00,0.00
세탁기_관심사/구매의도_대용량 소구,4645454,세탁기_트래픽_구독 페스티벌,1628465,2026.10.04.,네이버+ > 네이버 메인,25세 ~ 29세 남성,0,146,0,0,0,0.00,0,0,0,0,0,0,0,0,0,0,0,0,0,0,0,0,0,0,0,0,0,0,0,0,0,0,0,0,0,0,0,0,0,0,0,0,0,0,0,0,0,0,0,0,0,0,0.00,0,0.00,0.00
세탁기_관심사/구매의도_대용량 소구,4645454,세탁기_트래픽_구독 페스티벌,1628465,2026.10.04.,네이버+ > 네이버 메인,30세 ~ 34세 남성,0,53,0,0,0,0.00,0,0,0,0,0,0,0,0,0,0,0,0,0,0,0,0,0,0,0,0,0,0,0,0,0,0,0,0,0,0,0,0,0,0,0,0,0,0,0,0,0,0,0,0,0,0,0.00,0,0.00,0.00
세탁기_관심사/구매의도_대용량 소구,4645454,세탁기_트래픽_구독 페스티벌,1628465,2026.10.04.,네이버+ > 네이버 메인,35세 ~ 39세 남성,0,86,0,0,0,0.00,0,0,0,0,0,0,0,0,0,0,0,0,0,0,0,0,0,0,0,0,0,0,0,0,0,0,0,0,0,0,0,0,0,0,0,0,0,0,0,0,0,0,0,0,0,0,0.00,0,0.00,0.00
세탁기_관심사/구매의도_대용량 소구,4645454,세탁기_트래픽_구독 페스티벌,1628465,2026.10.04.,네이버+ > 네이버 메인,40세 ~ 44세 남성,0,47,0,0,0,0.00,0,0,0,0,0,0,0,0,0,0,0,0,0,0,0,0,0,0,0,0,0,0,0,0,0,0,0,0,0,0,0,0,0,0,0,0,0,0,0,0,0,0,0,0,0,0,0.00,0,0.00,0.00
세탁기_관심사/구매의도_대용량 소구,4645454,세탁기_트래픽_구독 페스티벌,1628465,2026.10.04.,네이버+ > 네이버 메인,45세 ~ 49세 남성,0,143,0,0,0,0.00,0,0,0,0,0,0,0,0,0,0,0,0,0,0,0,0,0,0,0,0,0,0,0,0,0,0,0,0,0,0,0,0,0,0,0,0,0,0,0,0,0,0,0,0,0,0,0.00,0,0.00,0.00
세탁기_관심사/구매의도_대용량 소구,4645454,세탁기_트래픽_구독 페스티벌,1628465,2026.10.04.,네이버+ > 네이버 메인,50세 ~ 54세 남성,0,92,0,0,0,0.00,0,0,0,0,0,0,0,0,0,0,0,0,0,0,0,0,0,0,0,0,0,0,0,0,0,0,0,0,0,0,0,0,0,0,0,0,0,0,0,0,0,0,0,0,0,0,0.00,0,0.00,0.00
세탁기_관심사/구매의도_대용량 소구,4645454,세탁기_트래픽_구독 페스티벌,1628465,2026.10.04.,네이버+ > 네이버 메인,55세 ~ 59세 남성,0,117,0,0,0,0.00,0,0,0,0,0,0,0,0,0,0,0,0,0,0,0,0,0,0,0,0,0,0,0,0,0,0,0,0,0,0,0,0,0,0,0,0,0,0,0,0,0,0,0,0,0,0,0.00,0,0.00,0.00
세탁기_관심사/구매의도_대용량 소구,4645454,세탁기_트래픽_구독 페스티벌,1628465,2026.10.04.,네이버+ > 네이버 메인,60세 ~ 99세 남성,0,162,0,0,0,0.00,0,0,0,0,0,0,0,0,0,0,0,0,0,0,0,0,0,0,0,0,0,0,0,0,0,0,0,0,0,0,0,0,0,0,0,0,0,0,0,0,0,0,0,0,0,0,0.00,0,0.00,0.00
세탁기_관심사/구매의도_대용량 소구,4645454,세탁기_트래픽_구독 페스티벌,1628465,2026.10.04.,네이버+ > 네이버 메인,연령 알 수 없음 남성,0,88,0,0,0,0.00,0,0,0,0,0,0,0,0,0,0,0,0,0,0,0,0,0,0,0,0,0,0,0,0,0,0,0,0,0,0,0,0,0,0,0,0,0,0,0,0,0,0,0,0,0,0,0.00,0,0.00,0.00
세탁기_관심사/구매의도_대용량 소구,4645454,세탁기_트래픽_구독 페스티벌,1628465,2026.10.04.,네이버+ > 네이버 메인,19세 ~ 24세 성별 알 수 없음,0,5,0,0,0,0.00,0,0,0,0,0,0,0,0,0,0,0,0,0,0,0,0,0,0,0,0,0,0,0,0,0,0,0,0,0,0,0,0,0,0,0,0,0,0,0,0,0,0,0,0,0,0,0.00,0,0.00,0.00
세탁기_관심사/구매의도_대용량 소구,4645454,세탁기_트래픽_구독 페스티벌,1628465,2026.10.04.,네이버+ > 네이버 메인,35세 ~ 39세 성별 알 수 없음,0,1,0,0,0,0.00,0,0,0,0,0,0,0,0,0,0,0,0,0,0,0,0,0,0,0,0,0,0,0,0,0,0,0,0,0,0,0,0,0,0,0,0,0,0,0,0,0,0,0,0,0,0,0.00,0,0.00,0.00
세탁기_관심사/구매의도_대용량 소구,4645454,세탁기_트래픽_구독 페스티벌,1628465,2026.10.04.,네이버+ > 네이버 메인,50세 ~ 54세 성별 알 수 없음,0,1,0,0,0,0.00,0,0,0,0,0,0,0,0,0,0,0,0,0,0,0,0,0,0,0,0,0,0,0,0,0,0,0,0,0,0,0,0,0,0,0,0,0,0,0,0,0,0,0,0,0,0,0.00,0,0.00,0.00
세탁기_관심사/구매의도_대용량 소구,4645454,세탁기_트래픽_구독 페스티벌,1628465,2026.10.04.,네이버+ > 네이버 메인,60세 ~ 99세 성별 알 수 없음,0,6,0,0,0,0.00,0,0,0,0,0,0,0,0,0,0,0,0,0,0,0,0,0,0,0,0,0,0,0,0,0,0,0,0,0,0,0,0,0,0,0,0,0,0,0,0,0,0,0,0,0,0,0.00,0,0.00,0.00
세탁기_관심사/구매의도_대용량 소구,4645454,세탁기_트래픽_구독 페스티벌,1628465,2026.10.04.,네이버+ > 네이버 메인,알 수 없음,0,271,0,0,0,0.00,0,0,0,0,0,0,0,0,0,0,0,0,0,0,0,0,0,0,0,0,0,0,0,0,0,0,0,0,0,0,0,0,0,0,0,0,0,0,0,0,0,0,0,0,0,0,0.00,0,0.00,0.00
세탁기_관심사/구매의도_대용량 소구,4645454,세탁기_트래픽_구독 페스티벌,1628465,2026.10.04.,네이버+ > 서비스 통합,14세 ~ 18세 여성,272,268,1014,3,91,1.12,0,0,0,0,0,0,0,0,0,0,0,0,0,0,0,0,0,0,0,0,0,0,0,0,0,0,0,0,0,0,0,0,0,0,0,0,0,0,0,0,0,0,0,0,0,0,0.00,0,0.00,0.00
세탁기_관심사/구매의도_대용량 소구,4645454,세탁기_트래픽_구독 페스티벌,1628465,2026.10.04.,네이버+ > 서비스 통합,19세 ~ 24세 여성,0,33,0,0,0,0.00,0,0,0,0,0,0,0,0,0,0,0,0,0,0,0,0,0,0,0,0,0,0,0,0,0,0,0,0,0,0,0,0,0,0,0,0,0,0,0,0,0,0,0,0,0,0,0.00,0,0.00,0.00
세탁기_관심사/구매의도_대용량 소구,4645454,세탁기_트래픽_구독 페스티벌,1628465,2026.10.04.,네이버+ > 서비스 통합,25세 ~ 29세 여성,0,9,0,0,0,0.00,0,0,0,0,0,0,0,0,0,0,0,0,0,0,0,0,0,0,0,0,0,0,0,0,0,0,0,0,0,0,0,0,0,0,0,0,0,0,0,0,0,0,0,0,0,0,0.00,0,0.00,0.00
세탁기_관심사/구매의도_대용량 소구,4645454,세탁기_트래픽_구독 페스티벌,1628465,2026.10.04.,네이버+ > 서비스 통합,30세 ~ 34세 여성,0,2,0,0,0,0.00,0,0,0,0,0,0,0,0,0,0,0,0,0,0,0,0,0,0,0,0,0,0,0,0,0,0,0,0,0,0,0,0,0,0,0,0,0,0,0,0,0,0,0,0,0,0,0.00,0,0.00,0.00
세탁기_관심사/구매의도_대용량 소구,4645454,세탁기_트래픽_구독 페스티벌,1628465,2026.10.04.,네이버+ > 서비스 통합,35세 ~ 39세 여성,0,12,0,0,0,0.00,0,0,0,0,0,0,0,0,0,0,0,0,0,0,0,0,0,0,0,0,0,0,0,0,0,0,0,0,0,0,0,0,0,0,0,0,0,0,0,0,0,0,0,0,0,0,0.00,0,0.00,0.00
세탁기_관심사/구매의도_대용량 소구,4645454,세탁기_트래픽_구독 페스티벌,1628465,2026.10.04.,네이버+ > 서비스 통합,40세 ~ 44세 여성,0,4,0,0,0,0.00,0,0,0,0,0,0,0,0,0,0,0,0,0,0,0,0,0,0,0,0,0,0,0,0,0,0,0,0,0,0,0,0,0,0,0,0,0,0,0,0,0,0,0,0,0,0,0.00,0,0.00,0.00
세탁기_관심사/구매의도_대용량 소구,4645454,세탁기_트래픽_구독 페스티벌,1628465,2026.10.04.,네이버+ > 서비스 통합,45세 ~ 49세 여성,0,2,0,0,0,0.00,0,0,0,0,0,0,0,0,0,0,0,0,0,0,0,0,0,0,0,0,0,0,0,0,0,0,0,0,0,0,0,0,0,0,0,0,0,0,0,0,0,0,0,0,0,0,0.00,0,0.00,0.00
세탁기_관심사/구매의도_대용량 소구,4645454,세탁기_트래픽_구독 페스티벌,1628465,2026.10.04.,네이버+ > 서비스 통합,50세 ~ 54세 여성,0,1,0,0,0,0.00,0,0,0,0,0,0,0,0,0,0,0,0,0,0,0,0,0,0,0,0,0,0,0,0,0,0,0,0,0,0,0,0,0,0,0,0,0,0,0,0,0,0,0,0,0,0,0.00,0,0.00,0.00
세탁기_관심사/구매의도_대용량 소구,4645454,세탁기_트래픽_구독 페스티벌,1628465,2026.10.04.,네이버+ > 서비스 통합,55세 ~ 59세 여성,0,2,0,0,0,0.00,0,0,0,0,0,0,0,0,0,0,0,0,0,0,0,0,0,0,0,0,0,0,0,0,0,0,0,0,0,0,0,0,0,0,0,0,0,0,0,0,0,0,0,0,0,0,0.00,0,0.00,0.00
세탁기_관심사/구매의도_대용량 소구,4645454,세탁기_트래픽_구독 페스티벌,1628465,2026.10.04.,네이버+ > 서비스 통합,60세 ~ 99세 여성,0,33,0,0,0,0.00,0,0,0,0,0,0,0,0,0,0,0,0,0,0,0,0,0,0,0,0,0,0,0,0,0,0,0,0,0,0,0,0,0,0,0,0,0,0,0,0,0,0,0,0,0,0,0.00,0,0.00,0.00
세탁기_관심사/구매의도_대용량 소구,4645454,세탁기_트래픽_구독 페스티벌,1628465,2026.10.04.,네이버+ > 서비스 통합,"연령 알 수 없음 여성 ",0,10,0,0,0,0.00,0,0,0,0,0,0,0,0,0,0,0,0,0,0,0,0,0,0,0,0,0,0,0,0,0,0,0,0,0,0,0,0,0,0,0,0,0,0,0,0,0,0,0,0,0,0,0.00,0,0.00,0.00
세탁기_관심사/구매의도_대용량 소구,4645454,세탁기_트래픽_구독 페스티벌,1628465,2026.10.04.,네이버+ > 서비스 통합,14세 ~ 18세 남성,590,1963,301,7,84,0.36,0,0,0,0,0,0,0,0,0,0,0,0,0,0,0,0,0,0,0,0,0,0,0,0,0,0,0,0,0,0,0,0,0,0,0,0,0,0,0,0,0,0,0,0,0,0,0.00,0,0.00,0.00
세탁기_관심사/구매의도_대용량 소구,4645454,세탁기_트래픽_구독 페스티벌,1628465,2026.10.04.,네이버+ > 서비스 통합,19세 ~ 24세 남성,0,176,0,0,0,0.00,0,0,0,0,0,0,0,0,0,0,0,0,0,0,0,0,0,0,0,0,0,0,0,0,0,0,0,0,0,0,0,0,0,0,0,0,0,0,0,0,0,0,0,0,0,0,0.00,0,0.00,0.00
세탁기_관심사/구매의도_대용량 소구,4645454,세탁기_트래픽_구독 페스티벌,1628465,2026.10.04.,네이버+ > 서비스 통합,25세 ~ 29세 남성,0,69,0,0,0,0.00,0,0,0,0,0,0,0,0,0,0,0,0,0,0,0,0,0,0,0,0,0,0,0,0,0,0,0,0,0,0,0,0,0,0,0,0,0,0,0,0,0,0,0,0,0,0,0.00,0,0.00,0.00
세탁기_관심사/구매의도_대용량 소구,4645454,세탁기_트래픽_구독 페스티벌,1628465,2026.10.04.,네이버+ > 서비스 통합,30세 ~ 34세 남성,0,27,0,0,0,0.00,0,0,0,0,0,0,0,0,0,0,0,0,0,0,0,0,0,0,0,0,0,0,0,0,0,0,0,0,0,0,0,0,0,0,0,0,0,0,0,0,0,0,0,0,0,0,0.00,0,0.00,0.00
세탁기_관심사/구매의도_대용량 소구,4645454,세탁기_트래픽_구독 페스티벌,1628465,2026.10.04.,네이버+ > 서비스 통합,35세 ~ 39세 남성,0,14,0,0,0,0.00,0,0,0,0,0,0,0,0,0,0,0,0,0,0,0,0,0,0,0,0,0,0,0,0,0,0,0,0,0,0,0,0,0,0,0,0,0,0,0,0,0,0,0,0,0,0,0.00,0,0.00,0.00
세탁기_관심사/구매의도_대용량 소구,4645454,세탁기_트래픽_구독 페스티벌,1628465,2026.10.04.,네이버+ > 서비스 통합,40세 ~ 44세 남성,0,9,0,0,0,0.00,0,0,0,0,0,0,0,0,0,0,0,0,0,0,0,0,0,0,0,0,0,0,0,0,0,0,0,0,0,0,0,0,0,0,0,0,0,0,0,0,0,0,0,0,0,0,0.00,0,0.00,0.00
세탁기_관심사/구매의도_대용량 소구,4645454,세탁기_트래픽_구독 페스티벌,1628465,2026.10.04.,네이버+ > 서비스 통합,45세 ~ 49세 남성,0,6,0,0,0,0.00,0,0,0,0,0,0,0,0,0,0,0,0,0,0,0,0,0,0,0,0,0,0,0,0,0,0,0,0,0,0,0,0,0,0,0,0,0,0,0,0,0,0,0,0,0,0,0.00,0,0.00,0.00
세탁기_관심사/구매의도_대용량 소구,4645454,세탁기_트래픽_구독 페스티벌,1628465,2026.10.04.,네이버+ > 서비스 통합,50세 ~ 54세 남성,0,23,0,0,0,0.00,0,0,0,0,0,0,0,0,0,0,0,0,0,0,0,0,0,0,0,0,0,0,0,0,0,0,0,0,0,0,0,0,0,0,0,0,0,0,0,0,0,0,0,0,0,0,0.00,0,0.00,0.00
세탁기_관심사/구매의도_대용량 소구,4645454,세탁기_트래픽_구독 페스티벌,1628465,2026.10.04.,네이버+ > 서비스 통합,55세 ~ 59세 남성,0,42,0,0,0,0.00,0,0,0,0,0,0,0,0,0,0,0,0,0,0,0,0,0,0,0,0,0,0,0,0,0,0,0,0,0,0,0,0,0,0,0,0,0,0,0,0,0,0,0,0,0,0,0.00,0,0.00,0.00
세탁기_관심사/구매의도_대용량 소구,4645454,세탁기_트래픽_구독 페스티벌,1628465,2026.10.04.,네이버+ > 서비스 통합,60세 ~ 99세 남성,98,274,359,1,98,0.36,0,0,0,0,0,0,0,0,0,0,0,0,0,0,0,0,0,0,0,0,0,0,0,0,0,0,0,0,0,0,0,0,0,0,0,0,0,0,0,0,0,0,0,0,0,0,0.00,0,0.00,0.00
세탁기_관심사/구매의도_대용량 소구,4645454,세탁기_트래픽_구독 페스티벌,1628465,2026.10.04.,네이버+ > 서비스 통합,연령 알 수 없음 남성,0,65,0,0,0,0.00,0,0,0,0,0,0,0,0,0,0,0,0,0,0,0,0,0,0,0,0,0,0,0,0,0,0,0,0,0,0,0,0,0,0,0,0,0,0,0,0,0,0,0,0,0,0,0.00,0,0.00,0.00
세탁기_관심사/구매의도_대용량 소구,4645454,세탁기_트래픽_구독 페스티벌,1628465,2026.10.04.,네이버+ > 서비스 통합,14세 ~ 18세 성별 알 수 없음,0,9,0,0,0,0.00,0,0,0,0,0,0,0,0,0,0,0,0,0,0,0,0,0,0,0,0,0,0,0,0,0,0,0,0,0,0,0,0,0,0,0,0,0,0,0,0,0,0,0,0,0,0,0.00,0,0.00,0.00
세탁기_관심사/구매의도_대용량 소구,4645454,세탁기_트래픽_구독 페스티벌,1628465,2026.10.04.,네이버+ > 서비스 통합,19세 ~ 24세 성별 알 수 없음,0,5,0,0,0,0.00,0,0,0,0,0,0,0,0,0,0,0,0,0,0,0,0,0,0,0,0,0,0,0,0,0,0,0,0,0,0,0,0,0,0,0,0,0,0,0,0,0,0,0,0,0,0,0.00,0,0.00,0.00
세탁기_관심사/구매의도_대용량 소구,4645454,세탁기_트래픽_구독 페스티벌,1628465,2026.10.04.,네이버+ > 서비스 통합,35세 ~ 39세 성별 알 수 없음,0,2,0,0,0,0.00,0,0,0,0,0,0,0,0,0,0,0,0,0,0,0,0,0,0,0,0,0,0,0,0,0,0,0,0,0,0,0,0,0,0,0,0,0,0,0,0,0,0,0,0,0,0,0.00,0,0.00,0.00
세탁기_관심사/구매의도_대용량 소구,4645454,세탁기_트래픽_구독 페스티벌,1628465,2026.10.04.,네이버+ > 서비스 통합,60세 ~ 99세 성별 알 수 없음,0,4,0,0,0,0.00,0,0,0,0,0,0,0,0,0,0,0,0,0,0,0,0,0,0,0,0,0,0,0,0,0,0,0,0,0,0,0,0,0,0,0,0,0,0,0,0,0,0,0,0,0,0,0.00,0,0.00,0.00
세탁기_관심사/구매의도_대용량 소구,4645454,세탁기_트래픽_구독 페스티벌,1628465,2026.10.04.,네이버+ > 서비스 통합,알 수 없음,66,170,387,1,66,0.59,0,0,0,0,0,0,0,0,0,0,0,0,0,0,0,0,0,0,0,0,0,0,0,0,0,0,0,0,0,0,0,0,0,0,0,0,0,0,0,0,0,0,0,0,0,0,0.00,0,0.00,0.00
세탁기_관심사/구매의도_대용량 소구,4645454,세탁기_트래픽_구독 페스티벌,1628465,2026.10.04.,네이버 퍼포먼스 네트워크 > 서비스 통합,14세 ~ 18세 여성,338,1919,176,4,84,0.21,0,0,0,0,0,0,0,0,0,0,0,0,0,0,0,0,0,0,0,0,0,0,0,0,0,0,0,0,0,0,0,0,0,0,0,0,0,0,0,0,0,0,0,0,0,0,0.00,0,0.00,0.00
세탁기_관심사/구매의도_대용량 소구,4645454,세탁기_트래픽_구독 페스티벌,1628465,2026.10.04.,네이버 퍼포먼스 네트워크 > 서비스 통합,19세 ~ 24세 여성,339,2612,130,4,85,0.15,0,0,0,0,0,0,0,0,0,0,0,0,0,0,0,0,0,0,0,0,0,0,0,0,0,0,0,0,0,0,0,0,0,0,0,0,0,0,0,0,0,0,0,0,0,0,0.00,0,0.00,0.00
세탁기_관심사/구매의도_대용량 소구,4645454,세탁기_트래픽_구독 페스티벌,1628465,2026.10.04.,네이버 퍼포먼스 네트워크 > 서비스 통합,25세 ~ 29세 여성,0,1183,0,0,0,0.00,0,0,0,0,0,0,0,0,0,0,0,0,0,0,0,0,0,0,0,0,0,0,0,0,0,0,0,0,0,0,0,0,0,0,0,0,0,0,0,0,0,0,0,0,0,0,0.00,0,0.00,0.00
세탁기_관심사/구매의도_대용량 소구,4645454,세탁기_트래픽_구독 페스티벌,1628465,2026.10.04.,네이버 퍼포먼스 네트워크 > 서비스 통합,30세 ~ 34세 여성,262,758,345,3,87,0.40,0,0,0,0,0,0,0,0,0,0,0,0,0,0,0,0,0,0,0,0,0,0,0,0,0,0,0,0,0,0,0,0,0,0,0,0,0,0,0,0,0,0,0,0,0,0,0.00,0,0.00,0.00
세탁기_관심사/구매의도_대용량 소구,4645454,세탁기_트래픽_구독 페스티벌,1628465,2026.10.04.,네이버 퍼포먼스 네트워크 > 서비스 통합,35세 ~ 39세 여성,193,588,329,2,97,0.34,0,0,0,0,0,0,0,0,0,0,0,0,0,0,0,0,0,0,0,0,0,0,0,0,0,0,0,0,0,0,0,0,0,0,0,0,0,0,0,0,0,0,0,0,0,0,0.00,0,0.00,0.00
세탁기_관심사/구매의도_대용량 소구,4645454,세탁기_트래픽_구독 페스티벌,1628465,2026.10.04.,네이버 퍼포먼스 네트워크 > 서비스 통합,40세 ~ 44세 여성,0,591,0,0,0,0.00,0,0,0,0,0,0,0,0,0,0,0,0,0,0,0,0,0,0,0,0,0,0,0,0,0,0,0,0,0,0,0,0,0,0,0,0,0,0,0,0,0,0,0,0,0,0,0.00,0,0.00,0.00
세탁기_관심사/구매의도_대용량 소구,4645454,세탁기_트래픽_구독 페스티벌,1628465,2026.10.04.,네이버 퍼포먼스 네트워크 > 서비스 통합,45세 ~ 49세 여성,478,1491,321,6,80,0.40,0,0,0,0,0,0,0,0,0,0,0,0,0,0,0,0,0,0,0,0,0,0,0,0,0,0,0,0,0,0,0,0,0,0,0,0,0,0,0,0,0,0,0,0,0,0,0.00,0,0.00,0.00
세탁기_관심사/구매의도_대용량 소구,4645454,세탁기_트래픽_구독 페스티벌,1628465,2026.10.04.,네이버 퍼포먼스 네트워크 > 서비스 통합,50세 ~ 54세 여성,744,1051,708,8,93,0.76,0,0,0,0,0,0,0,0,0,0,0,0,0,0,0,0,0,0,0,0,0,0,0,0,0,0,0,0,0,0,0,0,0,0,0,0,0,0,0,0,0,0,0,0,0,0,0.00,0,0.00,0.00
세탁기_관심사/구매의도_대용량 소구,4645454,세탁기_트래픽_구독 페스티벌,1628465,2026.10.04.,네이버 퍼포먼스 네트워크 > 서비스 통합,55세 ~ 59세 여성,462,1654,280,5,92,0.30,0,0,0,0,0,0,0,0,0,0,0,0,0,0,0,0,0,0,0,0,0,0,0,0,0,0,0,0,0,0,0,0,0,0,0,0,0,0,0,0,0,0,0,0,0,0,0.00,0,0.00,0.00
세탁기_관심사/구매의도_대용량 소구,4645454,세탁기_트래픽_구독 페스티벌,1628465,2026.10.04.,네이버 퍼포먼스 네트워크 > 서비스 통합,60세 ~ 99세 여성,10579,12943,817,120,88,0.93,0,0,0,0,0,0,0,0,0,0,0,0,0,0,0,0,0,0,0,0,0,0,0,0,0,0,0,0,0,0,0,0,0,0,0,0,0,0,0,0,0,0,0,0,0,0,0.00,0,0.00,0.00
세탁기_관심사/구매의도_대용량 소구,4645454,세탁기_트래픽_구독 페스티벌,1628465,2026.10.04.,네이버 퍼포먼스 네트워크 > 서비스 통합,"연령 알 수 없음 여성 ",251,1543,163,3,84,0.19,0,0,0,0,0,0,0,0,0,0,0,0,0,0,0,0,0,0,0,0,0,0,0,0,0,0,0,0,0,0,0,0,0,0,0,0,0,0,0,0,0,0,0,0,0,0,0.00,0,0.00,0.00
세탁기_관심사/구매의도_대용량 소구,4645454,세탁기_트래픽_구독 페스티벌,1628465,2026.10.04.,네이버 퍼포먼스 네트워크 > 서비스 통합,14세 ~ 18세 남성,253,3754,68,3,84,0.08,0,0,0,0,0,0,0,0,0,0,0,0,0,0,0,0,0,0,0,0,0,0,0,0,0,0,0,0,0,0,0,0,0,0,0,0,0,0,0,0,0,0,0,0,0,0,0.00,0,0.00,0.00
세탁기_관심사/구매의도_대용량 소구,4645454,세탁기_트래픽_구독 페스티벌,1628465,2026.10.04.,네이버 퍼포먼스 네트워크 > 서비스 통합,19세 ~ 24세 남성,624,10084,62,7,89,0.07,0,0,0,0,0,0,0,0,0,0,0,0,0,0,0,0,0,0,0,0,0,0,0,0,0,0,0,0,0,0,0,0,0,0,0,0,0,0,0,0,0,0,0,0,0,0,0.00,0,0.00,0.00
세탁기_관심사/구매의도_대용량 소구,4645454,세탁기_트래픽_구독 페스티벌,1628465,2026.10.04.,네이버 퍼포먼스 네트워크 > 서비스 통합,25세 ~ 29세 남성,651,10568,62,8,81,0.08,0,0,0,0,0,0,0,0,0,0,0,0,0,0,0,0,0,0,0,0,0,0,0,0,0,0,0,0,0,0,0,0,0,0,0,0,0,0,0,0,0,0,0,0,0,0,0.00,0,0.00,0.00
세탁기_관심사/구매의도_대용량 소구,4645454,세탁기_트래픽_구독 페스티벌,1628465,2026.10.04.,네이버 퍼포먼스 네트워크 > 서비스 통합,30세 ~ 34세 남성,233,9974,23,3,78,0.03,0,0,0,0,0,0,0,0,0,0,0,0,0,0,0,0,0,0,0,0,0,0,0,0,0,0,0,0,0,0,0,0,0,0,0,0,0,0,0,0,0,0,0,0,0,0,0.00,0,0.00,0.00
세탁기_관심사/구매의도_대용량 소구,4645454,세탁기_트래픽_구독 페스티벌,1628465,2026.10.04.,네이버 퍼포먼스 네트워크 > 서비스 통합,35세 ~ 39세 남성,173,5907,29,2,86,0.03,0,0,0,0,0,0,0,0,0,0,0,0,0,0,0,0,0,0,0,0,0,0,0,0,0,0,0,0,0,0,0,0,0,0,0,0,0,0,0,0,0,0,0,0,0,0,0.00,0,0.00,0.00
세탁기_관심사/구매의도_대용량 소구,4645454,세탁기_트래픽_구독 페스티벌,1628465,2026.10.04.,네이버 퍼포먼스 네트워크 > 서비스 통합,40세 ~ 44세 남성,297,2700,110,3,99,0.11,0,0,0,0,0,0,0,0,0,0,0,0,0,0,0,0,0,0,0,0,0,0,0,0,0,0,0,0,0,0,0,0,0,0,0,0,0,0,0,0,0,0,0,0,0,0,0.00,0,0.00,0.00
세탁기_관심사/구매의도_대용량 소구,4645454,세탁기_트래픽_구독 페스티벌,1628465,2026.10.04.,네이버 퍼포먼스 네트워크 > 서비스 통합,45세 ~ 49세 남성,189,2031,93,2,95,0.10,0,0,0,0,0,0,0,0,0,0,0,0,0,0,0,0,0,0,0,0,0,0,0,0,0,0,0,0,0,0,0,0,0,0,0,0,0,0,0,0,0,0,0,0,0,0,0.00,0,0.00,0.00
세탁기_관심사/구매의도_대용량 소구,4645454,세탁기_트래픽_구독 페스티벌,1628465,2026.10.04.,네이버 퍼포먼스 네트워크 > 서비스 통합,50세 ~ 54세 남성,743,1732,429,8,93,0.46,0,0,0,0,0,0,0,0,0,0,0,0,0,0,0,0,0,0,0,0,0,0,0,0,0,0,0,0,0,0,0,0,0,0,0,0,0,0,0,0,0,0,0,0,0,0,0.00,0,0.00,0.00
세탁기_관심사/구매의도_대용량 소구,4645454,세탁기_트래픽_구독 페스티벌,1628465,2026.10.04.,네이버 퍼포먼스 네트워크 > 서비스 통합,55세 ~ 59세 남성,356,2103,169,4,89,0.19,0,0,0,0,0,0,0,0,0,0,0,0,0,0,0,0,0,0,0,0,0,0,0,0,0,0,0,0,0,0,0,0,0,0,0,0,0,0,0,0,0,0,0,0,0,0,0.00,0,0.00,0.00
세탁기_관심사/구매의도_대용량 소구,4645454,세탁기_트래픽_구독 페스티벌,1628465,2026.10.04.,네이버 퍼포먼스 네트워크 > 서비스 통합,60세 ~ 99세 남성,6265,13271,472,71,88,0.54,0,0,0,0,0,0,0,0,0,0,0,0,0,0,0,0,0,0,0,0,0,0,0,0,0,0,0,0,0,0,0,0,0,0,0,0,0,0,0,0,0,0,0,0,0,0,0.00,0,0.00,0.00
세탁기_관심사/구매의도_대용량 소구,4645454,세탁기_트래픽_구독 페스티벌,1628465,2026.10.04.,네이버 퍼포먼스 네트워크 > 서비스 통합,연령 알 수 없음 남성,508,13243,38,6,85,0.05,0,0,0,0,0,0,0,0,0,0,0,0,0,0,0,0,0,0,0,0,0,0,0,0,0,0,0,0,0,0,0,0,0,0,0,0,0,0,0,0,0,0,0,0,0,0,0.00,0,0.00,0.00
세탁기_관심사/구매의도_대용량 소구,4645454,세탁기_트래픽_구독 페스티벌,1628465,2026.10.04.,네이버 퍼포먼스 네트워크 > 서비스 통합,14세 ~ 18세 성별 알 수 없음,0,237,0,0,0,0.00,0,0,0,0,0,0,0,0,0,0,0,0,0,0,0,0,0,0,0,0,0,0,0,0,0,0,0,0,0,0,0,0,0,0,0,0,0,0,0,0,0,0,0,0,0,0,0.00,0,0.00,0.00
세탁기_관심사/구매의도_대용량 소구,4645454,세탁기_트래픽_구독 페스티벌,1628465,2026.10.04.,네이버 퍼포먼스 네트워크 > 서비스 통합,19세 ~ 24세 성별 알 수 없음,0,277,0,0,0,0.00,0,0,0,0,0,0,0,0,0,0,0,0,0,0,0,0,0,0,0,0,0,0,0,0,0,0,0,0,0,0,0,0,0,0,0,0,0,0,0,0,0,0,0,0,0,0,0.00,0,0.00,0.00
세탁기_관심사/구매의도_대용량 소구,4645454,세탁기_트래픽_구독 페스티벌,1628465,2026.10.04.,네이버 퍼포먼스 네트워크 > 서비스 통합,25세 ~ 29세 성별 알 수 없음,0,452,0,0,0,0.00,0,0,0,0,0,0,0,0,0,0,0,0,0,0,0,0,0,0,0,0,0,0,0,0,0,0,0,0,0,0,0,0,0,0,0,0,0,0,0,0,0,0,0,0,0,0,0.00,0,0.00,0.00
세탁기_관심사/구매의도_대용량 소구,4645454,세탁기_트래픽_구독 페스티벌,1628465,2026.10.04.,네이버 퍼포먼스 네트워크 > 서비스 통합,30세 ~ 34세 성별 알 수 없음,0,279,0,0,0,0.00,0,0,0,0,0,0,0,0,0,0,0,0,0,0,0,0,0,0,0,0,0,0,0,0,0,0,0,0,0,0,0,0,0,0,0,0,0,0,0,0,0,0,0,0,0,0,0.00,0,0.00,0.00
세탁기_관심사/구매의도_대용량 소구,4645454,세탁기_트래픽_구독 페스티벌,1628465,2026.10.04.,네이버 퍼포먼스 네트워크 > 서비스 통합,35세 ~ 39세 성별 알 수 없음,0,97,0,0,0,0.00,0,0,0,0,0,0,0,0,0,0,0,0,0,0,0,0,0,0,0,0,0,0,0,0,0,0,0,0,0,0,0,0,0,0,0,0,0,0,0,0,0,0,0,0,0,0,0.00,0,0.00,0.00
세탁기_관심사/구매의도_대용량 소구,4645454,세탁기_트래픽_구독 페스티벌,1628465,2026.10.04.,네이버 퍼포먼스 네트워크 > 서비스 통합,40세 ~ 44세 성별 알 수 없음,0,83,0,0,0,0.00,0,0,0,0,0,0,0,0,0,0,0,0,0,0,0,0,0,0,0,0,0,0,0,0,0,0,0,0,0,0,0,0,0,0,0,0,0,0,0,0,0,0,0,0,0,0,0.00,0,0.00,0.00
세탁기_관심사/구매의도_대용량 소구,4645454,세탁기_트래픽_구독 페스티벌,1628465,2026.10.04.,네이버 퍼포먼스 네트워크 > 서비스 통합,45세 ~ 49세 성별 알 수 없음,0,37,0,0,0,0.00,0,0,0,0,0,0,0,0,0,0,0,0,0,0,0,0,0,0,0,0,0,0,0,0,0,0,0,0,0,0,0,0,0,0,0,0,0,0,0,0,0,0,0,0,0,0,0.00,0,0.00,0.00
세탁기_관심사/구매의도_대용량 소구,4645454,세탁기_트래픽_구독 페스티벌,1628465,2026.10.04.,네이버 퍼포먼스 네트워크 > 서비스 통합,50세 ~ 54세 성별 알 수 없음,0,43,0,0,0,0.00,0,0,0,0,0,0,0,0,0,0,0,0,0,0,0,0,0,0,0,0,0,0,0,0,0,0,0,0,0,0,0,0,0,0,0,0,0,0,0,0,0,0,0,0,0,0,0.00,0,0.00,0.00
세탁기_관심사/구매의도_대용량 소구,4645454,세탁기_트래픽_구독 페스티벌,1628465,2026.10.04.,네이버 퍼포먼스 네트워크 > 서비스 통합,55세 ~ 59세 성별 알 수 없음,0,69,0,0,0,0.00,0,0,0,0,0,0,0,0,0,0,0,0,0,0,0,0,0,0,0,0,0,0,0,0,0,0,0,0,0,0,0,0,0,0,0,0,0,0,0,0,0,0,0,0,0,0,0.00,0,0.00,0.00
세탁기_관심사/구매의도_대용량 소구,4645454,세탁기_트래픽_구독 페스티벌,1628465,2026.10.04.,네이버 퍼포먼스 네트워크 > 서비스 통합,60세 ~ 99세 성별 알 수 없음,0,385,0,0,0,0.00,0,0,0,0,0,0,0,0,0,0,0,0,0,0,0,0,0,0,0,0,0,0,0,0,0,0,0,0,0,0,0,0,0,0,0,0,0,0,0,0,0,0,0,0,0,0,0.00,0,0.00,0.00
세탁기_관심사/구매의도_대용량 소구,4645454,세탁기_트래픽_구독 페스티벌,1628465,2026.10.04.,네이버 퍼포먼스 네트워크 > 서비스 통합,알 수 없음,3491,25100,139,40,87,0.16,0,0,0,0,0,0,0,0,0,0,0,0,0,0,0,0,0,0,0,0,0,0,0,0,0,0,0,0,0,0,0,0,0,0,0,0,0,0,0,0,0,0,0,0,0,0,0.00,0,0.00,0.00
세탁기_관심사/구매의도_대용량 소구,4645454,세탁기_트래픽_구독 페스티벌,1628465,2026.10.04.,네이버 퍼포먼스 네트워크 > 피드,14세 ~ 18세 여성,0,1,0,0,0,0.00,0,0,0,0,0,0,0,0,0,0,0,0,0,0,0,0,0,0,0,0,0,0,0,0,0,0,0,0,0,0,0,0,0,0,0,0,0,0,0,0,0,0,0,0,0,0,0.00,0,0.00,0.00
세탁기_관심사/구매의도_대용량 소구,4645454,세탁기_트래픽_구독 페스티벌,1628465,2026.10.04.,네이버 퍼포먼스 네트워크 > 피드,19세 ~ 24세 여성,0,3,0,0,0,0.00,0,0,0,0,0,0,0,0,0,0,0,0,0,0,0,0,0,0,0,0,0,0,0,0,0,0,0,0,0,0,0,0,0,0,0,0,0,0,0,0,0,0,0,0,0,0,0.00,0,0.00,0.00
세탁기_관심사/구매의도_대용량 소구,4645454,세탁기_트래픽_구독 페스티벌,1628465,2026.10.04.,네이버 퍼포먼스 네트워크 > 피드,40세 ~ 44세 여성,0,2,0,0,0,0.00,0,0,0,0,0,0,0,0,0,0,0,0,0,0,0,0,0,0,0,0,0,0,0,0,0,0,0,0,0,0,0,0,0,0,0,0,0,0,0,0,0,0,0,0,0,0,0.00,0,0.00,0.00
세탁기_관심사/구매의도_대용량 소구,4645454,세탁기_트래픽_구독 페스티벌,1628465,2026.10.04.,네이버 퍼포먼스 네트워크 > 피드,45세 ~ 49세 여성,0,10,0,0,0,0.00,0,0,0,0,0,0,0,0,0,0,0,0,0,0,0,0,0,0,0,0,0,0,0,0,0,0,0,0,0,0,0,0,0,0,0,0,0,0,0,0,0,0,0,0,0,0,0.00,0,0.00,0.00
세탁기_관심사/구매의도_대용량 소구,4645454,세탁기_트래픽_구독 페스티벌,1628465,2026.10.04.,네이버 퍼포먼스 네트워크 > 피드,50세 ~ 54세 여성,0,7,0,0,0,0.00,0,0,0,0,0,0,0,0,0,0,0,0,0,0,0,0,0,0,0,0,0,0,0,0,0,0,0,0,0,0,0,0,0,0,0,0,0,0,0,0,0,0,0,0,0,0,0.00,0,0.00,0.00
세탁기_관심사/구매의도_대용량 소구,4645454,세탁기_트래픽_구독 페스티벌,1628465,2026.10.04.,네이버 퍼포먼스 네트워크 > 피드,55세 ~ 59세 여성,0,7,0,0,0,0.00,0,0,0,0,0,0,0,0,0,0,0,0,0,0,0,0,0,0,0,0,0,0,0,0,0,0,0,0,0,0,0,0,0,0,0,0,0,0,0,0,0,0,0,0,0,0,0.00,0,0.00,0.00
세탁기_관심사/구매의도_대용량 소구,4645454,세탁기_트래픽_구독 페스티벌,1628465,2026.10.04.,네이버 퍼포먼스 네트워크 > 피드,60세 ~ 99세 여성,0,54,0,0,0,0.00,0,0,0,0,0,0,0,0,0,0,0,0,0,0,0,0,0,0,0,0,0,0,0,0,0,0,0,0,0,0,0,0,0,0,0,0,0,0,0,0,0,0,0,0,0,0,0.00,0,0.00,0.00
세탁기_관심사/구매의도_대용량 소구,4645454,세탁기_트래픽_구독 페스티벌,1628465,2026.10.04.,네이버 퍼포먼스 네트워크 > 피드,14세 ~ 18세 남성,0,3,0,0,0,0.00,0,0,0,0,0,0,0,0,0,0,0,0,0,0,0,0,0,0,0,0,0,0,0,0,0,0,0,0,0,0,0,0,0,0,0,0,0,0,0,0,0,0,0,0,0,0,0.00,0,0.00,0.00
세탁기_관심사/구매의도_대용량 소구,4645454,세탁기_트래픽_구독 페스티벌,1628465,2026.10.04.,네이버 퍼포먼스 네트워크 > 피드,19세 ~ 24세 남성,0,1,0,0,0,0.00,0,0,0,0,0,0,0,0,0,0,0,0,0,0,0,0,0,0,0,0,0,0,0,0,0,0,0,0,0,0,0,0,0,0,0,0,0,0,0,0,0,0,0,0,0,0,0.00,0,0.00,0.00
세탁기_관심사/구매의도_대용량 소구,4645454,세탁기_트래픽_구독 페스티벌,1628465,2026.10.04.,네이버 퍼포먼스 네트워크 > 피드,30세 ~ 34세 남성,0,2,0,0,0,0.00,0,0,0,0,0,0,0,0,0,0,0,0,0,0,0,0,0,0,0,0,0,0,0,0,0,0,0,0,0,0,0,0,0,0,0,0,0,0,0,0,0,0,0,0,0,0,0.00,0,0.00,0.00
세탁기_관심사/구매의도_대용량 소구,4645454,세탁기_트래픽_구독 페스티벌,1628465,2026.10.04.,네이버 퍼포먼스 네트워크 > 피드,35세 ~ 39세 남성,0,1,0,0,0,0.00,0,0,0,0,0,0,0,0,0,0,0,0,0,0,0,0,0,0,0,0,0,0,0,0,0,0,0,0,0,0,0,0,0,0,0,0,0,0,0,0,0,0,0,0,0,0,0.00,0,0.00,0.00
세탁기_관심사/구매의도_대용량 소구,4645454,세탁기_트래픽_구독 페스티벌,1628465,2026.10.04.,네이버 퍼포먼스 네트워크 > 피드,45세 ~ 49세 남성,0,7,0,0,0,0.00,0,0,0,0,0,0,0,0,0,0,0,0,0,0,0,0,0,0,0,0,0,0,0,0,0,0,0,0,0,0,0,0,0,0,0,0,0,0,0,0,0,0,0,0,0,0,0.00,0,0.00,0.00
세탁기_관심사/구매의도_대용량 소구,4645454,세탁기_트래픽_구독 페스티벌,1628465,2026.10.04.,네이버 퍼포먼스 네트워크 > 피드,50세 ~ 54세 남성,0,18,0,0,0,0.00,0,0,0,0,0,0,0,0,0,0,0,0,0,0,0,0,0,0,0,0,0,0,0,0,0,0,0,0,0,0,0,0,0,0,0,0,0,0,0,0,0,0,0,0,0,0,0.00,0,0.00,0.00
세탁기_관심사/구매의도_대용량 소구,4645454,세탁기_트래픽_구독 페스티벌,1628465,2026.10.04.,네이버 퍼포먼스 네트워크 > 피드,55세 ~ 59세 남성,0,8,0,0,0,0.00,0,0,0,0,0,0,0,0,0,0,0,0,0,0,0,0,0,0,0,0,0,0,0,0,0,0,0,0,0,0,0,0,0,0,0,0,0,0,0,0,0,0,0,0,0,0,0.00,0,0.00,0.00
세탁기_관심사/구매의도_대용량 소구,4645454,세탁기_트래픽_구독 페스티벌,1628465,2026.10.04.,네이버 퍼포먼스 네트워크 > 피드,60세 ~ 99세 남성,0,49,0,0,0,0.00,0,0,0,0,0,0,0,0,0,0,0,0,0,0,0,0,0,0,0,0,0,0,0,0,0,0,0,0,0,0,0,0,0,0,0,0,0,0,0,0,0,0,0,0,0,0,0.00,0,0.00,0.00
세탁기_관심사/구매의도_대용량 소구,4645454,세탁기_트래픽_구독 페스티벌,1628465,2026.10.04.,네이버 퍼포먼스 네트워크 > 피드,알 수 없음,0,3,0,0,0,0.00,0,0,0,0,0,0,0,0,0,0,0,0,0,0,0,0,0,0,0,0,0,0,0,0,0,0,0,0,0,0,0,0,0,0,0,0,0,0,0,0,0,0,0,0,0,0,0.00,0,0.00,0.00
세탁기_관심사/구매의도_대용량 소구,4645454,세탁기_트래픽_구독 페스티벌,1628465,2026.10.03.,네이버+ > 피드,14세 ~ 18세 여성,0,3,0,0,0,0.00,0,0,0,0,0,0,0,0,0,0,0,0,0,0,0,0,0,0,0,0,0,0,0,0,0,0,0,0,0,0,0,0,0,0,0,0,0,0,0,0,0,0,0,0,0,0,0.00,0,0.00,0.00
세탁기_관심사/구매의도_대용량 소구,4645454,세탁기_트래픽_구독 페스티벌,1628465,2026.10.03.,네이버+ > 피드,19세 ~ 24세 여성,0,1,0,0,0,0.00,0,0,0,0,0,0,0,0,0,0,0,0,0,0,0,0,0,0,0,0,0,0,0,0,0,0,0,0,0,0,0,0,0,0,0,0,0,0,0,0,0,0,0,0,0,0,0.00,0,0.00,0.00
세탁기_관심사/구매의도_대용량 소구,4645454,세탁기_트래픽_구독 페스티벌,1628465,2026.10.03.,네이버+ > 피드,25세 ~ 29세 여성,0,1,0,0,0,0.00,0,0,0,0,0,0,0,0,0,0,0,0,0,0,0,0,0,0,0,0,0,0,0,0,0,0,0,0,0,0,0,0,0,0,0,0,0,0,0,0,0,0,0,0,0,0,0.00,0,0.00,0.00
세탁기_관심사/구매의도_대용량 소구,4645454,세탁기_트래픽_구독 페스티벌,1628465,2026.10.03.,네이버+ > 피드,30세 ~ 34세 여성,0,1,0,0,0,0.00,0,0,0,0,0,0,0,0,0,0,0,0,0,0,0,0,0,0,0,0,0,0,0,0,0,0,0,0,0,0,0,0,0,0,0,0,0,0,0,0,0,0,0,0,0,0,0.00,0,0.00,0.00
세탁기_관심사/구매의도_대용량 소구,4645454,세탁기_트래픽_구독 페스티벌,1628465,2026.10.03.,네이버+ > 피드,35세 ~ 39세 여성,0,4,0,0,0,0.00,0,0,0,0,0,0,0,0,0,0,0,0,0,0,0,0,0,0,0,0,0,0,0,0,0,0,0,0,0,0,0,0,0,0,0,0,0,0,0,0,0,0,0,0,0,0,0.00,0,0.00,0.00
세탁기_관심사/구매의도_대용량 소구,4645454,세탁기_트래픽_구독 페스티벌,1628465,2026.10.03.,네이버+ > 피드,40세 ~ 44세 여성,0,6,0,0,0,0.00,0,0,0,0,0,0,0,0,0,0,0,0,0,0,0,0,0,0,0,0,0,0,0,0,0,0,0,0,0,0,0,0,0,0,0,0,0,0,0,0,0,0,0,0,0,0,0.00,0,0.00,0.00
세탁기_관심사/구매의도_대용량 소구,4645454,세탁기_트래픽_구독 페스티벌,1628465,2026.10.03.,네이버+ > 피드,45세 ~ 49세 여성,0,6,0,0,0,0.00,0,0,0,0,0,0,0,0,0,0,0,0,0,0,0,0,0,0,0,0,0,0,0,0,0,0,0,0,0,0,0,0,0,0,0,0,0,0,0,0,0,0,0,0,0,0,0.00,0,0.00,0.00
세탁기_관심사/구매의도_대용량 소구,4645454,세탁기_트래픽_구독 페스티벌,1628465,2026.10.03.,네이버+ > 피드,50세 ~ 54세 여성,0,16,0,0,0,0.00,0,0,0,0,0,0,0,0,0,0,0,0,0,0,0,0,0,0,0,0,0,0,0,0,0,0,0,0,0,0,0,0,0,0,0,0,0,0,0,0,0,0,0,0,0,0,0.00,0,0.00,0.00
세탁기_관심사/구매의도_대용량 소구,4645454,세탁기_트래픽_구독 페스티벌,1628465,2026.10.03.,네이버+ > 피드,55세 ~ 59세 여성,53,35,1510,1,53,2.86,0,0,0,0,0,0,0,0,0,0,0,0,0,0,0,0,0,0,0,0,0,0,0,0,0,0,0,0,0,0,0,0,0,0,0,0,0,0,0,0,0,0,0,0,0,0,0.00,0,0.00,0.00
세탁기_관심사/구매의도_대용량 소구,4645454,세탁기_트래픽_구독 페스티벌,1628465,2026.10.03.,네이버+ > 피드,60세 ~ 99세 여성,681,182,3741,8,85,4.40,0,0,0,0,0,0,0,0,0,0,0,0,0,0,0,0,0,0,0,0,0,0,0,0,0,0,0,0,0,0,0,0,0,0,0,0,0,0,0,0,0,0,0,0,0,0,0.00,0,0.00,0.00
세탁기_관심사/구매의도_대용량 소구,4645454,세탁기_트래픽_구독 페스티벌,1628465,2026.10.03.,네이버+ > 피드,"연령 알 수 없음 여성 ",0,8,0,0,0,0.00,0,0,0,0,0,0,0,0,0,0,0,0,0,0,0,0,0,0,0,0,0,0,0,0,0,0,0,0,0,0,0,0,0,0,0,0,0,0,0,0,0,0,0,0,0,0,0.00,0,0.00,0.00
세탁기_관심사/구매의도_대용량 소구,4645454,세탁기_트래픽_구독 페스티벌,1628465,2026.10.03.,네이버+ > 피드,14세 ~ 18세 남성,0,6,0,0,0,0.00,0,0,0,0,0,0,0,0,0,0,0,0,0,0,0,0,0,0,0,0,0,0,0,0,0,0,0,0,0,0,0,0,0,0,0,0,0,0,0,0,0,0,0,0,0,0,0.00,0,0.00,0.00
세탁기_관심사/구매의도_대용량 소구,4645454,세탁기_트래픽_구독 페스티벌,1628465,2026.10.03.,네이버+ > 피드,19세 ~ 24세 남성,0,7,0,0,0,0.00,0,0,0,0,0,0,0,0,0,0,0,0,0,0,0,0,0,0,0,0,0,0,0,0,0,0,0,0,0,0,0,0,0,0,0,0,0,0,0,0,0,0,0,0,0,0,0.00,0,0.00,0.00
세탁기_관심사/구매의도_대용량 소구,4645454,세탁기_트래픽_구독 페스티벌,1628465,2026.10.03.,네이버+ > 피드,50세 ~ 54세 남성,0,1,0,0,0,0.00,0,0,0,0,0,0,0,0,0,0,0,0,0,0,0,0,0,0,0,0,0,0,0,0,0,0,0,0,0,0,0,0,0,0,0,0,0,0,0,0,0,0,0,0,0,0,0.00,0,0.00,0.00
세탁기_관심사/구매의도_대용량 소구,4645454,세탁기_트래픽_구독 페스티벌,1628465,2026.10.03.,네이버+ > 피드,55세 ~ 59세 남성,107,14,7674,1,107,7.14,0,0,0,0,0,0,0,0,0,0,0,0,0,0,0,0,0,0,0,0,0,0,0,0,0,0,0,0,0,0,0,0,0,0,0,0,0,0,0,0,0,0,0,0,0,0,0.00,0,0.00,0.00
세탁기_관심사/구매의도_대용량 소구,4645454,세탁기_트래픽_구독 페스티벌,1628465,2026.10.03.,네이버+ > 피드,60세 ~ 99세 남성,71,49,1453,1,71,2.04,0,0,0,0,0,0,0,0,0,0,0,0,0,0,0,0,0,0,0,0,0,0,0,0,0,0,0,0,0,0,0,0,0,0,0,0,0,0,0,0,0,0,0,0,0,0,0.00,0,0.00,0.00
세탁기_관심사/구매의도_대용량 소구,4645454,세탁기_트래픽_구독 페스티벌,1628465,2026.10.03.,네이버+ > 피드,60세 ~ 99세 성별 알 수 없음,0,4,0,0,0,0.00,0,0,0,0,0,0,0,0,0,0,0,0,0,0,0,0,0,0,0,0,0,0,0,0,0,0,0,0,0,0,0,0,0,0,0,0,0,0,0,0,0,0,0,0,0,0,0.00,0,0.00,0.00
세탁기_관심사/구매의도_대용량 소구,4645454,세탁기_트래픽_구독 페스티벌,1628465,2026.10.03.,네이버+ > 피드,알 수 없음,0,28,0,0,0,0.00,0,0,0,0,0,0,0,0,0,0,0,0,0,0,0,0,0,0,0,0,0,0,0,0,0,0,0,0,0,0,0,0,0,0,0,0,0,0,0,0,0,0,0,0,0,0,0.00,0,0.00,0.00
세탁기_관심사/구매의도_대용량 소구,4645454,세탁기_트래픽_구독 페스티벌,1628465,2026.10.03.,네이버+ > 네이버 메인,14세 ~ 18세 여성,0,16,0,0,0,0.00,0,0,0,0,0,0,0,0,0,0,0,0,0,0,0,0,0,0,0,0,0,0,0,0,0,0,0,0,0,0,0,0,0,0,0,0,0,0,0,0,0,0,0,0,0,0,0.00,0,0.00,0.00
세탁기_관심사/구매의도_대용량 소구,4645454,세탁기_트래픽_구독 페스티벌,1628465,2026.10.03.,네이버+ > 네이버 메인,19세 ~ 24세 여성,0,25,0,0,0,0.00,0,0,0,0,0,0,0,0,0,0,0,0,0,0,0,0,0,0,0,0,0,0,0,0,0,0,0,0,0,0,0,0,0,0,0,0,0,0,0,0,0,0,0,0,0,0,0.00,0,0.00,0.00
세탁기_관심사/구매의도_대용량 소구,4645454,세탁기_트래픽_구독 페스티벌,1628465,2026.10.03.,네이버+ > 네이버 메인,25세 ~ 29세 여성,0,9,0,0,0,0.00,0,0,0,0,0,0,0,0,0,0,0,0,0,0,0,0,0,0,0,0,0,0,0,0,0,0,0,0,0,0,0,0,0,0,0,0,0,0,0,0,0,0,0,0,0,0,0.00,0,0.00,0.00
세탁기_관심사/구매의도_대용량 소구,4645454,세탁기_트래픽_구독 페스티벌,1628465,2026.10.03.,네이버+ > 네이버 메인,30세 ~ 34세 여성,0,7,0,0,0,0.00,0,0,0,0,0,0,0,0,0,0,0,0,0,0,0,0,0,0,0,0,0,0,0,0,0,0,0,0,0,0,0,0,0,0,0,0,0,0,0,0,0,0,0,0,0,0,0.00,0,0.00,0.00
세탁기_관심사/구매의도_대용량 소구,4645454,세탁기_트래픽_구독 페스티벌,1628465,2026.10.03.,네이버+ > 네이버 메인,35세 ~ 39세 여성,0,9,0,0,0,0.00,0,0,0,0,0,0,0,0,0,0,0,0,0,0,0,0,0,0,0,0,0,0,0,0,0,0,0,0,0,0,0,0,0,0,0,0,0,0,0,0,0,0,0,0,0,0,0.00,0,0.00,0.00
세탁기_관심사/구매의도_대용량 소구,4645454,세탁기_트래픽_구독 페스티벌,1628465,2026.10.03.,네이버+ > 네이버 메인,40세 ~ 44세 여성,0,5,0,0,0,0.00,0,0,0,0,0,0,0,0,0,0,0,0,0,0,0,0,0,0,0,0,0,0,0,0,0,0,0,0,0,0,0,0,0,0,0,0,0,0,0,0,0,0,0,0,0,0,0.00,0,0.00,0.00
세탁기_관심사/구매의도_대용량 소구,4645454,세탁기_트래픽_구독 페스티벌,1628465,2026.10.03.,네이버+ > 네이버 메인,55세 ~ 59세 여성,0,5,0,0,0,0.00,0,0,0,0,0,0,0,0,0,0,0,0,0,0,0,0,0,0,0,0,0,0,0,0,0,0,0,0,0,0,0,0,0,0,0,0,0,0,0,0,0,0,0,0,0,0,0.00,0,0.00,0.00
세탁기_관심사/구매의도_대용량 소구,4645454,세탁기_트래픽_구독 페스티벌,1628465,2026.10.03.,네이버+ > 네이버 메인,60세 ~ 99세 여성,0,16,0,0,0,0.00,0,0,0,0,0,0,0,0,0,0,0,0,0,0,0,0,0,0,0,0,0,0,0,0,0,0,0,0,0,0,0,0,0,0,0,0,0,0,0,0,0,0,0,0,0,0,0.00,0,0.00,0.00
세탁기_관심사/구매의도_대용량 소구,4645454,세탁기_트래픽_구독 페스티벌,1628465,2026.10.03.,네이버+ > 네이버 메인,"연령 알 수 없음 여성 ",0,8,0,0,0,0.00,0,0,0,0,0,0,0,0,0,0,0,0,0,0,0,0,0,0,0,0,0,0,0,0,0,0,0,0,0,0,0,0,0,0,0,0,0,0,0,0,0,0,0,0,0,0,0.00,0,0.00,0.00
세탁기_관심사/구매의도_대용량 소구,4645454,세탁기_트래픽_구독 페스티벌,1628465,2026.10.03.,네이버+ > 네이버 메인,14세 ~ 18세 남성,0,48,0,0,0,0.00,0,0,0,0,0,0,0,0,0,0,0,0,0,0,0,0,0,0,0,0,0,0,0,0,0,0,0,0,0,0,0,0,0,0,0,0,0,0,0,0,0,0,0,0,0,0,0.00,0,0.00,0.00
세탁기_관심사/구매의도_대용량 소구,4645454,세탁기_트래픽_구독 페스티벌,1628465,2026.10.03.,네이버+ > 네이버 메인,19세 ~ 24세 남성,0,61,0,0,0,0.00,0,0,0,0,0,0,0,0,0,0,0,0,0,0,0,0,0,0,0,0,0,0,0,0,0,0,0,0,0,0,0,0,0,0,0,0,0,0,0,0,0,0,0,0,0,0,0.00,0,0.00,0.00
세탁기_관심사/구매의도_대용량 소구,4645454,세탁기_트래픽_구독 페스티벌,1628465,2026.10.03.,네이버+ > 네이버 메인,25세 ~ 29세 남성,0,56,0,0,0,0.00,0,0,0,0,0,0,0,0,0,0,0,0,0,0,0,0,0,0,0,0,0,0,0,0,0,0,0,0,0,0,0,0,0,0,0,0,0,0,0,0,0,0,0,0,0,0,0.00,0,0.00,0.00
세탁기_관심사/구매의도_대용량 소구,4645454,세탁기_트래픽_구독 페스티벌,1628465,2026.10.03.,네이버+ > 네이버 메인,30세 ~ 34세 남성,0,9,0,0,0,0.00,0,0,0,0,0,0,0,0,0,0,0,0,0,0,0,0,0,0,0,0,0,0,0,0,0,0,0,0,0,0,0,0,0,0,0,0,0,0,0,0,0,0,0,0,0,0,0.00,0,0.00,0.00
세탁기_관심사/구매의도_대용량 소구,4645454,세탁기_트래픽_구독 페스티벌,1628465,2026.10.03.,네이버+ > 네이버 메인,35세 ~ 39세 남성,0,34,0,0,0,0.00,0,0,0,0,0,0,0,0,0,0,0,0,0,0,0,0,0,0,0,0,0,0,0,0,0,0,0,0,0,0,0,0,0,0,0,0,0,0,0,0,0,0,0,0,0,0,0.00,0,0.00,0.00
세탁기_관심사/구매의도_대용량 소구,4645454,세탁기_트래픽_구독 페스티벌,1628465,2026.10.03.,네이버+ > 네이버 메인,40세 ~ 44세 남성,0,21,0,0,0,0.00,0,0,0,0,0,0,0,0,0,0,0,0,0,0,0,0,0,0,0,0,0,0,0,0,0,0,0,0,0,0,0,0,0,0,0,0,0,0,0,0,0,0,0,0,0,0,0.00,0,0.00,0.00
세탁기_관심사/구매의도_대용량 소구,4645454,세탁기_트래픽_구독 페스티벌,1628465,2026.10.03.,네이버+ > 네이버 메인,45세 ~ 49세 남성,0,53,0,0,0,0.00,0,0,0,0,0,0,0,0,0,0,0,0,0,0,0,0,0,0,0,0,0,0,0,0,0,0,0,0,0,0,0,0,0,0,0,0,0,0,0,0,0,0,0,0,0,0,0.00,0,0.00,0.00
세탁기_관심사/구매의도_대용량 소구,4645454,세탁기_트래픽_구독 페스티벌,1628465,2026.10.03.,네이버+ > 네이버 메인,50세 ~ 54세 남성,0,39,0,0,0,0.00,0,0,0,0,0,0,0,0,0,0,0,0,0,0,0,0,0,0,0,0,0,0,0,0,0,0,0,0,0,0,0,0,0,0,0,0,0,0,0,0,0,0,0,0,0,0,0.00,0,0.00,0.00
세탁기_관심사/구매의도_대용량 소구,4645454,세탁기_트래픽_구독 페스티벌,1628465,2026.10.03.,네이버+ > 네이버 메인,55세 ~ 59세 남성,0,62,0,0,0,0.00,0,0,0,0,0,0,0,0,0,0,0,0,0,0,0,0,0,0,0,0,0,0,0,0,0,0,0,0,0,0,0,0,0,0,0,0,0,0,0,0,0,0,0,0,0,0,0.00,0,0.00,0.00
세탁기_관심사/구매의도_대용량 소구,4645454,세탁기_트래픽_구독 페스티벌,1628465,2026.10.03.,네이버+ > 네이버 메인,60세 ~ 99세 남성,0,110,0,0,0,0.00,0,0,0,0,0,0,0,0,0,0,0,0,0,0,0,0,0,0,0,0,0,0,0,0,0,0,0,0,0,0,0,0,0,0,0,0,0,0,0,0,0,0,0,0,0,0,0.00,0,0.00,0.00
세탁기_관심사/구매의도_대용량 소구,4645454,세탁기_트래픽_구독 페스티벌,1628465,2026.10.03.,네이버+ > 네이버 메인,연령 알 수 없음 남성,0,89,0,0,0,0.00,0,0,0,0,0,0,0,0,0,0,0,0,0,0,0,0,0,0,0,0,0,0,0,0,0,0,0,0,0,0,0,0,0,0,0,0,0,0,0,0,0,0,0,0,0,0,0.00,0,0.00,0.00
세탁기_관심사/구매의도_대용량 소구,4645454,세탁기_트래픽_구독 페스티벌,1628465,2026.10.03.,네이버+ > 네이버 메인,25세 ~ 29세 성별 알 수 없음,0,5,0,0,0,0.00,0,0,0,0,0,0,0,0,0,0,0,0,0,0,0,0,0,0,0,0,0,0,0,0,0,0,0,0,0,0,0,0,0,0,0,0,0,0,0,0,0,0,0,0,0,0,0.00,0,0.00,0.00
세탁기_관심사/구매의도_대용량 소구,4645454,세탁기_트래픽_구독 페스티벌,1628465,2026.10.03.,네이버+ > 네이버 메인,알 수 없음,0,130,0,0,0,0.00,0,0,0,0,0,0,0,0,0,0,0,0,0,0,0,0,0,0,0,0,0,0,0,0,0,0,0,0,0,0,0,0,0,0,0,0,0,0,0,0,0,0,0,0,0,0,0.00,0,0.00,0.00
세탁기_관심사/구매의도_대용량 소구,4645454,세탁기_트래픽_구독 페스티벌,1628465,2026.10.03.,네이버+ > 서비스 통합,14세 ~ 18세 여성,325,259,1256,3,108,1.16,0,0,0,0,0,0,0,0,0,0,0,0,0,0,0,0,0,0,0,0,0,0,0,0,0,0,0,0,0,0,0,0,0,0,0,0,0,0,0,0,0,0,0,0,0,0,0.00,0,0.00,0.00
세탁기_관심사/구매의도_대용량 소구,4645454,세탁기_트래픽_구독 페스티벌,1628465,2026.10.03.,네이버+ > 서비스 통합,19세 ~ 24세 여성,0,39,0,0,0,0.00,0,0,0,0,0,0,0,0,0,0,0,0,0,0,0,0,0,0,0,0,0,0,0,0,0,0,0,0,0,0,0,0,0,0,0,0,0,0,0,0,0,0,0,0,0,0,0.00,0,0.00,0.00
세탁기_관심사/구매의도_대용량 소구,4645454,세탁기_트래픽_구독 페스티벌,1628465,2026.10.03.,네이버+ > 서비스 통합,25세 ~ 29세 여성,0,13,0,0,0,0.00,0,0,0,0,0,0,0,0,0,0,0,0,0,0,0,0,0,0,0,0,0,0,0,0,0,0,0,0,0,0,0,0,0,0,0,0,0,0,0,0,0,0,0,0,0,0,0.00,0,0.00,0.00
세탁기_관심사/구매의도_대용량 소구,4645454,세탁기_트래픽_구독 페스티벌,1628465,2026.10.03.,네이버+ > 서비스 통합,30세 ~ 34세 여성,0,14,0,0,0,0.00,0,0,0,0,0,0,0,0,0,0,0,0,0,0,0,0,0,0,0,0,0,0,0,0,0,0,0,0,0,0,0,0,0,0,0,0,0,0,0,0,0,0,0,0,0,0,0.00,0,0.00,0.00
세탁기_관심사/구매의도_대용량 소구,4645454,세탁기_트래픽_구독 페스티벌,1628465,2026.10.03.,네이버+ > 서비스 통합,35세 ~ 39세 여성,0,4,0,0,0,0.00,0,0,0,0,0,0,0,0,0,0,0,0,0,0,0,0,0,0,0,0,0,0,0,0,0,0,0,0,0,0,0,0,0,0,0,0,0,0,0,0,0,0,0,0,0,0,0.00,0,0.00,0.00
세탁기_관심사/구매의도_대용량 소구,4645454,세탁기_트래픽_구독 페스티벌,1628465,2026.10.03.,네이버+ > 서비스 통합,40세 ~ 44세 여성,0,11,0,0,0,0.00,0,0,0,0,0,0,0,0,0,0,0,0,0,0,0,0,0,0,0,0,0,0,0,0,0,0,0,0,0,0,0,0,0,0,0,0,0,0,0,0,0,0,0,0,0,0,0.00,0,0.00,0.00
세탁기_관심사/구매의도_대용량 소구,4645454,세탁기_트래픽_구독 페스티벌,1628465,2026.10.03.,네이버+ > 서비스 통합,45세 ~ 49세 여성,0,2,0,0,0,0.00,0,0,0,0,0,0,0,0,0,0,0,0,0,0,0,0,0,0,0,0,0,0,0,0,0,0,0,0,0,0,0,0,0,0,0,0,0,0,0,0,0,0,0,0,0,0,0.00,0,0.00,0.00
세탁기_관심사/구매의도_대용량 소구,4645454,세탁기_트래픽_구독 페스티벌,1628465,2026.10.03.,네이버+ > 서비스 통합,50세 ~ 54세 여성,0,2,0,0,0,0.00,0,0,0,0,0,0,0,0,0,0,0,0,0,0,0,0,0,0,0,0,0,0,0,0,0,0,0,0,0,0,0,0,0,0,0,0,0,0,0,0,0,0,0,0,0,0,0.00,0,0.00,0.00
세탁기_관심사/구매의도_대용량 소구,4645454,세탁기_트래픽_구독 페스티벌,1628465,2026.10.03.,네이버+ > 서비스 통합,55세 ~ 59세 여성,0,9,0,0,0,0.00,0,0,0,0,0,0,0,0,0,0,0,0,0,0,0,0,0,0,0,0,0,0,0,0,0,0,0,0,0,0,0,0,0,0,0,0,0,0,0,0,0,0,0,0,0,0,0.00,0,0.00,0.00
세탁기_관심사/구매의도_대용량 소구,4645454,세탁기_트래픽_구독 페스티벌,1628465,2026.10.03.,네이버+ > 서비스 통합,60세 ~ 99세 여성,70,63,1104,1,70,1.59,0,0,0,0,0,0,0,0,0,0,0,0,0,0,0,0,0,0,0,0,0,0,0,0,0,0,0,0,0,0,0,0,0,0,0,0,0,0,0,0,0,0,0,0,0,0,0.00,0,0.00,0.00
세탁기_관심사/구매의도_대용량 소구,4645454,세탁기_트래픽_구독 페스티벌,1628465,2026.10.03.,네이버+ > 서비스 통합,"연령 알 수 없음 여성 ",0,20,0,0,0,0.00,0,0,0,0,0,0,0,0,0,0,0,0,0,0,0,0,0,0,0,0,0,0,0,0,0,0,0,0,0,0,0,0,0,0,0,0,0,0,0,0,0,0,0,0,0,0,0.00,0,0.00,0.00
세탁기_관심사/구매의도_대용량 소구,4645454,세탁기_트래픽_구독 페스티벌,1628465,2026.10.03.,네이버+ > 서비스 통합,14세 ~ 18세 남성,964,1642,587,9,107,0.55,0,0,0,0,0,0,0,0,0,0,0,0,0,0,0,0,0,0,0,0,0,0,0,0,0,0,0,0,0,0,0,0,0,0,0,0,0,0,0,0,0,0,0,0,0,0,0.00,0,0.00,0.00
세탁기_관심사/구매의도_대용량 소구,4645454,세탁기_트래픽_구독 페스티벌,1628465,2026.10.03.,네이버+ > 서비스 통합,19세 ~ 24세 남성,93,135,687,1,93,0.74,0,0,0,0,0,0,0,0,0,0,0,0,0,0,0,0,0,0,0,0,0,0,0,0,0,0,0,0,0,0,0,0,0,0,0,0,0,0,0,0,0,0,0,0,0,0,0.00,0,0.00,0.00
세탁기_관심사/구매의도_대용량 소구,4645454,세탁기_트래픽_구독 페스티벌,1628465,2026.10.03.,네이버+ > 서비스 통합,25세 ~ 29세 남성,0,56,0,0,0,0.00,0,0,0,0,0,0,0,0,0,0,0,0,0,0,0,0,0,0,0,0,0,0,0,0,0,0,0,0,0,0,0,0,0,0,0,0,0,0,0,0,0,0,0,0,0,0,0.00,0,0.00,0.00
세탁기_관심사/구매의도_대용량 소구,4645454,세탁기_트래픽_구독 페스티벌,1628465,2026.10.03.,네이버+ > 서비스 통합,30세 ~ 34세 남성,0,19,0,0,0,0.00,0,0,0,0,0,0,0,0,0,0,0,0,0,0,0,0,0,0,0,0,0,0,0,0,0,0,0,0,0,0,0,0,0,0,0,0,0,0,0,0,0,0,0,0,0,0,0.00,0,0.00,0.00
세탁기_관심사/구매의도_대용량 소구,4645454,세탁기_트래픽_구독 페스티벌,1628465,2026.10.03.,네이버+ > 서비스 통합,35세 ~ 39세 남성,0,10,0,0,0,0.00,0,0,0,0,0,0,0,0,0,0,0,0,0,0,0,0,0,0,0,0,0,0,0,0,0,0,0,0,0,0,0,0,0,0,0,0,0,0,0,0,0,0,0,0,0,0,0.00,0,0.00,0.00
세탁기_관심사/구매의도_대용량 소구,4645454,세탁기_트래픽_구독 페스티벌,1628465,2026.10.03.,네이버+ > 서비스 통합,40세 ~ 44세 남성,92,12,7690,1,92,8.33,0,0,0,0,0,0,0,0,0,0,0,0,0,0,0,0,0,0,0,0,0,0,0,0,0,0,0,0,0,0,0,0,0,0,0,0,0,0,0,0,0,0,0,0,0,0,0.00,0,0.00,0.00
세탁기_관심사/구매의도_대용량 소구,4645454,세탁기_트래픽_구독 페스티벌,1628465,2026.10.03.,네이버+ > 서비스 통합,45세 ~ 49세 남성,0,12,0,0,0,0.00,0,0,0,0,0,0,0,0,0,0,0,0,0,0,0,0,0,0,0,0,0,0,0,0,0,0,0,0,0,0,0,0,0,0,0,0,0,0,0,0,0,0,0,0,0,0,0.00,0,0.00,0.00
세탁기_관심사/구매의도_대용량 소구,4645454,세탁기_트래픽_구독 페스티벌,1628465,2026.10.03.,네이버+ > 서비스 통합,50세 ~ 54세 남성,0,31,0,0,0,0.00,0,0,0,0,0,0,0,0,0,0,0,0,0,0,0,0,0,0,0,0,0,0,0,0,0,0,0,0,0,0,0,0,0,0,0,0,0,0,0,0,0,0,0,0,0,0,0.00,0,0.00,0.00
세탁기_관심사/구매의도_대용량 소구,4645454,세탁기_트래픽_구독 페스티벌,1628465,2026.10.03.,네이버+ > 서비스 통합,55세 ~ 59세 남성,0,52,0,0,0,0.00,0,0,0,0,0,0,0,0,0,0,0,0,0,0,0,0,0,0,0,0,0,0,0,0,0,0,0,0,0,0,0,0,0,0,0,0,0,0,0,0,0,0,0,0,0,0,0.00,0,0.00,0.00
세탁기_관심사/구매의도_대용량 소구,4645454,세탁기_트래픽_구독 페스티벌,1628465,2026.10.03.,네이버+ > 서비스 통합,60세 ~ 99세 남성,0,809,0,0,0,0.00,0,0,0,0,0,0,0,0,0,0,0,0,0,0,0,0,0,0,0,0,0,0,0,0,0,0,0,0,0,0,0,0,0,0,0,0,0,0,0,0,0,0,0,0,0,0,0.00,0,0.00,0.00
세탁기_관심사/구매의도_대용량 소구,4645454,세탁기_트래픽_구독 페스티벌,1628465,2026.10.03.,네이버+ > 서비스 통합,연령 알 수 없음 남성,0,88,0,0,0,0.00,0,0,0,0,0,0,0,0,0,0,0,0,0,0,0,0,0,0,0,0,0,0,0,0,0,0,0,0,0,0,0,0,0,0,0,0,0,0,0,0,0,0,0,0,0,0,0.00,0,0.00,0.00
세탁기_관심사/구매의도_대용량 소구,4645454,세탁기_트래픽_구독 페스티벌,1628465,2026.10.03.,네이버+ > 서비스 통합,14세 ~ 18세 성별 알 수 없음,0,13,0,0,0,0.00,0,0,0,0,0,0,0,0,0,0,0,0,0,0,0,0,0,0,0,0,0,0,0,0,0,0,0,0,0,0,0,0,0,0,0,0,0,0,0,0,0,0,0,0,0,0,0.00,0,0.00,0.00
세탁기_관심사/구매의도_대용량 소구,4645454,세탁기_트래픽_구독 페스티벌,1628465,2026.10.03.,네이버+ > 서비스 통합,19세 ~ 24세 성별 알 수 없음,0,1,0,0,0,0.00,0,0,0,0,0,0,0,0,0,0,0,0,0,0,0,0,0,0,0,0,0,0,0,0,0,0,0,0,0,0,0,0,0,0,0,0,0,0,0,0,0,0,0,0,0,0,0.00,0,0.00,0.00
세탁기_관심사/구매의도_대용량 소구,4645454,세탁기_트래픽_구독 페스티벌,1628465,2026.10.03.,네이버+ > 서비스 통합,25세 ~ 29세 성별 알 수 없음,0,1,0,0,0,0.00,0,0,0,0,0,0,0,0,0,0,0,0,0,0,0,0,0,0,0,0,0,0,0,0,0,0,0,0,0,0,0,0,0,0,0,0,0,0,0,0,0,0,0,0,0,0,0.00,0,0.00,0.00
세탁기_관심사/구매의도_대용량 소구,4645454,세탁기_트래픽_구독 페스티벌,1628465,2026.10.03.,네이버+ > 서비스 통합,35세 ~ 39세 성별 알 수 없음,0,2,0,0,0,0.00,0,0,0,0,0,0,0,0,0,0,0,0,0,0,0,0,0,0,0,0,0,0,0,0,0,0,0,0,0,0,0,0,0,0,0,0,0,0,0,0,0,0,0,0,0,0,0.00,0,0.00,0.00
세탁기_관심사/구매의도_대용량 소구,4645454,세탁기_트래픽_구독 페스티벌,1628465,2026.10.03.,네이버+ > 서비스 통합,60세 ~ 99세 성별 알 수 없음,0,10,0,0,0,0.00,0,0,0,0,0,0,0,0,0,0,0,0,0,0,0,0,0,0,0,0,0,0,0,0,0,0,0,0,0,0,0,0,0,0,0,0,0,0,0,0,0,0,0,0,0,0,0.00,0,0.00,0.00
세탁기_관심사/구매의도_대용량 소구,4645454,세탁기_트래픽_구독 페스티벌,1628465,2026.10.03.,네이버+ > 서비스 통합,알 수 없음,84,397,213,1,84,0.25,0,0,0,0,0,0,0,0,0,0,0,0,0,0,0,0,0,0,0,0,0,0,0,0,0,0,0,0,0,0,0,0,0,0,0,0,0,0,0,0,0,0,0,0,0,0,0.00,0,0.00,0.00
세탁기_관심사/구매의도_대용량 소구,4645454,세탁기_트래픽_구독 페스티벌,1628465,2026.10.03.,네이버 퍼포먼스 네트워크 > 서비스 통합,14세 ~ 18세 여성,498,1494,334,6,83,0.40,0,0,0,0,0,0,0,0,0,0,0,0,0,0,0,0,0,0,0,0,0,0,0,0,0,0,0,0,0,0,0,0,0,0,0,0,0,0,0,0,0,0,0,0,0,0,0.00,0,0.00,0.00
세탁기_관심사/구매의도_대용량 소구,4645454,세탁기_트래픽_구독 페스티벌,1628465,2026.10.03.,네이버 퍼포먼스 네트워크 > 서비스 통합,19세 ~ 24세 여성,149,1821,82,2,74,0.11,0,0,0,0,0,0,0,0,0,0,0,0,0,0,0,0,0,0,0,0,0,0,0,0,0,0,0,0,0,0,0,0,0,0,0,0,0,0,0,0,0,0,0,0,0,0,0.00,0,0.00,0.00
세탁기_관심사/구매의도_대용량 소구,4645454,세탁기_트래픽_구독 페스티벌,1628465,2026.10.03.,네이버 퍼포먼스 네트워크 > 서비스 통합,25세 ~ 29세 여성,66,654,100,1,66,0.15,0,0,0,0,0,0,0,0,0,0,0,0,0,0,0,0,0,0,0,0,0,0,0,0,0,0,0,0,0,0,0,0,0,0,0,0,0,0,0,0,0,0,0,0,0,0,0.00,0,0.00,0.00
세탁기_관심사/구매의도_대용량 소구,4645454,세탁기_트래픽_구독 페스티벌,1628465,2026.10.03.,네이버 퍼포먼스 네트워크 > 서비스 통합,30세 ~ 34세 여성,0,346,0,0,0,0.00,0,0,0,0,0,0,0,0,0,0,0,0,0,0,0,0,0,0,0,0,0,0,0,0,0,0,0,0,0,0,0,0,0,0,0,0,0,0,0,0,0,0,0,0,0,0,0.00,0,0.00,0.00
세탁기_관심사/구매의도_대용량 소구,4645454,세탁기_트래픽_구독 페스티벌,1628465,2026.10.03.,네이버 퍼포먼스 네트워크 > 서비스 통합,35세 ~ 39세 여성,0,362,0,0,0,0.00,0,0,0,0,0,0,0,0,0,0,0,0,0,0,0,0,0,0,0,0,0,0,0,0,0,0,0,0,0,0,0,0,0,0,0,0,0,0,0,0,0,0,0,0,0,0,0.00,0,0.00,0.00
세탁기_관심사/구매의도_대용량 소구,4645454,세탁기_트래픽_구독 페스티벌,1628465,2026.10.03.,네이버 퍼포먼스 네트워크 > 서비스 통합,40세 ~ 44세 여성,0,455,0,0,0,0.00,0,0,0,0,0,0,0,0,0,0,0,0,0,0,0,0,0,0,0,0,0,0,0,0,0,0,0,0,0,0,0,0,0,0,0,0,0,0,0,0,0,0,0,0,0,0,0.00,0,0.00,0.00
세탁기_관심사/구매의도_대용량 소구,4645454,세탁기_트래픽_구독 페스티벌,1628465,2026.10.03.,네이버 퍼포먼스 네트워크 > 서비스 통합,45세 ~ 49세 여성,1003,2723,369,10,100,0.37,0,0,0,0,0,0,0,0,0,0,0,0,0,0,0,0,0,0,0,0,0,0,0,0,0,0,0,0,0,0,0,0,0,0,0,0,0,0,0,0,0,0,0,0,0,0,0.00,0,0.00,0.00
세탁기_관심사/구매의도_대용량 소구,4645454,세탁기_트래픽_구독 페스티벌,1628465,2026.10.03.,네이버 퍼포먼스 네트워크 > 서비스 통합,50세 ~ 54세 여성,792,1404,564,8,99,0.57,0,0,0,0,0,0,0,0,0,0,0,0,0,0,0,0,0,0,0,0,0,0,0,0,0,0,0,0,0,0,0,0,0,0,0,0,0,0,0,0,0,0,0,0,0,0,0.00,0,0.00,0.00
세탁기_관심사/구매의도_대용량 소구,4645454,세탁기_트래픽_구독 페스티벌,1628465,2026.10.03.,네이버 퍼포먼스 네트워크 > 서비스 통합,55세 ~ 59세 여성,629,2463,255,6,105,0.24,0,0,0,0,0,0,0,0,0,0,0,0,0,0,0,0,0,0,0,0,0,0,0,0,0,0,0,0,0,0,0,0,0,0,0,0,0,0,0,0,0,0,0,0,0,0,0.00,0,0.00,0.00
세탁기_관심사/구매의도_대용량 소구,4645454,세탁기_트래픽_구독 페스티벌,1628465,2026.10.03.,네이버 퍼포먼스 네트워크 > 서비스 통합,60세 ~ 99세 여성,9021,18557,486,93,97,0.50,0,0,0,0,0,0,0,0,0,0,0,0,0,0,0,0,0,0,0,0,0,0,0,0,0,0,0,0,0,0,0,0,0,0,0,0,0,0,0,0,0,0,0,0,0,0,0.00,0,0.00,0.00
세탁기_관심사/구매의도_대용량 소구,4645454,세탁기_트래픽_구독 페스티벌,1628465,2026.10.03.,네이버 퍼포먼스 네트워크 > 서비스 통합,"연령 알 수 없음 여성 ",366,1126,325,4,91,0.36,0,0,0,0,0,0,0,0,0,0,0,0,0,0,0,0,0,0,0,0,0,0,0,0,0,0,0,0,0,0,0,0,0,0,0,0,0,0,0,0,0,0,0,0,0,0,0.00,0,0.00,0.00
세탁기_관심사/구매의도_대용량 소구,4645454,세탁기_트래픽_구독 페스티벌,1628465,2026.10.03.,네이버 퍼포먼스 네트워크 > 서비스 통합,14세 ~ 18세 남성,669,3207,209,7,96,0.22,0,0,0,0,0,0,0,0,0,0,0,0,0,0,0,0,0,0,0,0,0,0,0,0,0,0,0,0,0,0,0,0,0,0,0,0,0,0,0,0,0,0,0,0,0,0,0.00,0,0.00,0.00
세탁기_관심사/구매의도_대용량 소구,4645454,세탁기_트래픽_구독 페스티벌,1628465,2026.10.03.,네이버 퍼포먼스 네트워크 > 서비스 통합,19세 ~ 24세 남성,550,6341,87,6,92,0.09,0,0,0,0,0,0,0,0,0,0,0,0,0,0,0,0,0,0,0,0,0,0,0,0,0,0,0,0,0,0,0,0,0,0,0,0,0,0,0,0,0,0,0,0,0,0,0.00,0,0.00,0.00
세탁기_관심사/구매의도_대용량 소구,4645454,세탁기_트래픽_구독 페스티벌,1628465,2026.10.03.,네이버 퍼포먼스 네트워크 > 서비스 통합,25세 ~ 29세 남성,454,5428,84,5,91,0.09,0,0,0,0,0,0,0,0,0,0,0,0,0,0,0,0,0,0,0,0,0,0,0,0,0,0,0,0,0,0,0,0,0,0,0,0,0,0,0,0,0,0,0,0,0,0,0.00,0,0.00,0.00
세탁기_관심사/구매의도_대용량 소구,4645454,세탁기_트래픽_구독 페스티벌,1628465,2026.10.03.,네이버 퍼포먼스 네트워크 > 서비스 통합,30세 ~ 34세 남성,71,4772,15,1,71,0.02,0,0,0,0,0,0,0,0,0,0,0,0,0,0,0,0,0,0,0,0,0,0,0,0,0,0,0,0,0,0,0,0,0,0,0,0,0,0,0,0,0,0,0,0,0,0,0.00,0,0.00,0.00
세탁기_관심사/구매의도_대용량 소구,4645454,세탁기_트래픽_구독 페스티벌,1628465,2026.10.03.,네이버 퍼포먼스 네트워크 > 서비스 통합,35세 ~ 39세 남성,241,2502,96,3,80,0.12,0,0,0,0,0,0,0,0,0,0,0,0,0,0,0,0,0,0,0,0,0,0,0,0,0,0,0,0,0,0,0,0,0,0,0,0,0,0,0,0,0,0,0,0,0,0,0.00,0,0.00,0.00
세탁기_관심사/구매의도_대용량 소구,4645454,세탁기_트래픽_구독 페스티벌,1628465,2026.10.03.,네이버 퍼포먼스 네트워크 > 서비스 통합,40세 ~ 44세 남성,0,1442,0,0,0,0.00,0,0,0,0,0,0,0,0,0,0,0,0,0,0,0,0,0,0,0,0,0,0,0,0,0,0,0,0,0,0,0,0,0,0,0,0,0,0,0,0,0,0,0,0,0,0,0.00,0,0.00,0.00
세탁기_관심사/구매의도_대용량 소구,4645454,세탁기_트래픽_구독 페스티벌,1628465,2026.10.03.,네이버 퍼포먼스 네트워크 > 서비스 통합,45세 ~ 49세 남성,486,1815,268,5,97,0.28,0,0,0,0,0,0,0,0,0,0,0,0,0,0,0,0,0,0,0,0,0,0,0,0,0,0,0,0,0,0,0,0,0,0,0,0,0,0,0,0,0,0,0,0,0,0,0.00,0,0.00,0.00
세탁기_관심사/구매의도_대용량 소구,4645454,세탁기_트래픽_구독 페스티벌,1628465,2026.10.03.,네이버 퍼포먼스 네트워크 > 서비스 통합,50세 ~ 54세 남성,608,2059,295,6,101,0.29,0,0,0,0,0,0,0,0,0,0,0,0,0,0,0,0,0,0,0,0,0,0,0,0,0,0,0,0,0,0,0,0,0,0,0,0,0,0,0,0,0,0,0,0,0,0,0.00,0,0.00,0.00
세탁기_관심사/구매의도_대용량 소구,4645454,세탁기_트래픽_구독 페스티벌,1628465,2026.10.03.,네이버 퍼포먼스 네트워크 > 서비스 통합,55세 ~ 59세 남성,823,2960,278,8,103,0.27,0,0,0,0,0,0,0,0,0,0,0,0,0,0,0,0,0,0,0,0,0,0,0,0,0,0,0,0,0,0,0,0,0,0,0,0,0,0,0,0,0,0,0,0,0,0,0.00,0,0.00,0.00
세탁기_관심사/구매의도_대용량 소구,4645454,세탁기_트래픽_구독 페스티벌,1628465,2026.10.03.,네이버 퍼포먼스 네트워크 > 서비스 통합,60세 ~ 99세 남성,8970,19817,453,90,100,0.45,0,0,0,0,0,0,0,0,0,0,0,0,0,0,0,0,0,0,0,0,0,0,0,0,0,0,0,0,0,0,0,0,0,0,0,0,0,0,0,0,0,0,0,0,0,0,0.00,0,0.00,0.00
세탁기_관심사/구매의도_대용량 소구,4645454,세탁기_트래픽_구독 페스티벌,1628465,2026.10.03.,네이버 퍼포먼스 네트워크 > 서비스 통합,연령 알 수 없음 남성,438,8472,52,5,88,0.06,0,0,0,0,0,0,0,0,0,0,0,0,0,0,0,0,0,0,0,0,0,0,0,0,0,0,0,0,0,0,0,0,0,0,0,0,0,0,0,0,0,0,0,0,0,0,0.00,0,0.00,0.00
세탁기_관심사/구매의도_대용량 소구,4645454,세탁기_트래픽_구독 페스티벌,1628465,2026.10.03.,네이버 퍼포먼스 네트워크 > 서비스 통합,14세 ~ 18세 성별 알 수 없음,0,202,0,0,0,0.00,0,0,0,0,0,0,0,0,0,0,0,0,0,0,0,0,0,0,0,0,0,0,0,0,0,0,0,0,0,0,0,0,0,0,0,0,0,0,0,0,0,0,0,0,0,0,0.00,0,0.00,0.00
세탁기_관심사/구매의도_대용량 소구,4645454,세탁기_트래픽_구독 페스티벌,1628465,2026.10.03.,네이버 퍼포먼스 네트워크 > 서비스 통합,19세 ~ 24세 성별 알 수 없음,0,180,0,0,0,0.00,0,0,0,0,0,0,0,0,0,0,0,0,0,0,0,0,0,0,0,0,0,0,0,0,0,0,0,0,0,0,0,0,0,0,0,0,0,0,0,0,0,0,0,0,0,0,0.00,0,0.00,0.00
세탁기_관심사/구매의도_대용량 소구,4645454,세탁기_트래픽_구독 페스티벌,1628465,2026.10.03.,네이버 퍼포먼스 네트워크 > 서비스 통합,25세 ~ 29세 성별 알 수 없음,0,163,0,0,0,0.00,0,0,0,0,0,0,0,0,0,0,0,0,0,0,0,0,0,0,0,0,0,0,0,0,0,0,0,0,0,0,0,0,0,0,0,0,0,0,0,0,0,0,0,0,0,0,0.00,0,0.00,0.00
세탁기_관심사/구매의도_대용량 소구,4645454,세탁기_트래픽_구독 페스티벌,1628465,2026.10.03.,네이버 퍼포먼스 네트워크 > 서비스 통합,30세 ~ 34세 성별 알 수 없음,0,85,0,0,0,0.00,0,0,0,0,0,0,0,0,0,0,0,0,0,0,0,0,0,0,0,0,0,0,0,0,0,0,0,0,0,0,0,0,0,0,0,0,0,0,0,0,0,0,0,0,0,0,0.00,0,0.00,0.00
세탁기_관심사/구매의도_대용량 소구,4645454,세탁기_트래픽_구독 페스티벌,1628465,2026.10.03.,네이버 퍼포먼스 네트워크 > 서비스 통합,35세 ~ 39세 성별 알 수 없음,0,51,0,0,0,0.00,0,0,0,0,0,0,0,0,0,0,0,0,0,0,0,0,0,0,0,0,0,0,0,0,0,0,0,0,0,0,0,0,0,0,0,0,0,0,0,0,0,0,0,0,0,0,0.00,0,0.00,0.00
세탁기_관심사/구매의도_대용량 소구,4645454,세탁기_트래픽_구독 페스티벌,1628465,2026.10.03.,네이버 퍼포먼스 네트워크 > 서비스 통합,40세 ~ 44세 성별 알 수 없음,0,16,0,0,0,0.00,0,0,0,0,0,0,0,0,0,0,0,0,0,0,0,0,0,0,0,0,0,0,0,0,0,0,0,0,0,0,0,0,0,0,0,0,0,0,0,0,0,0,0,0,0,0,0.00,0,0.00,0.00
세탁기_관심사/구매의도_대용량 소구,4645454,세탁기_트래픽_구독 페스티벌,1628465,2026.10.03.,네이버 퍼포먼스 네트워크 > 서비스 통합,45세 ~ 49세 성별 알 수 없음,0,23,0,0,0,0.00,0,0,0,0,0,0,0,0,0,0,0,0,0,0,0,0,0,0,0,0,0,0,0,0,0,0,0,0,0,0,0,0,0,0,0,0,0,0,0,0,0,0,0,0,0,0,0.00,0,0.00,0.00
세탁기_관심사/구매의도_대용량 소구,4645454,세탁기_트래픽_구독 페스티벌,1628465,2026.10.03.,네이버 퍼포먼스 네트워크 > 서비스 통합,50세 ~ 54세 성별 알 수 없음,0,18,0,0,0,0.00,0,0,0,0,0,0,0,0,0,0,0,0,0,0,0,0,0,0,0,0,0,0,0,0,0,0,0,0,0,0,0,0,0,0,0,0,0,0,0,0,0,0,0,0,0,0,0.00,0,0.00,0.00
세탁기_관심사/구매의도_대용량 소구,4645454,세탁기_트래픽_구독 페스티벌,1628465,2026.10.03.,네이버 퍼포먼스 네트워크 > 서비스 통합,55세 ~ 59세 성별 알 수 없음,101,36,2819,1,101,2.78,0,0,0,0,0,0,0,0,0,0,0,0,0,0,0,0,0,0,0,0,0,0,0,0,0,0,0,0,0,0,0,0,0,0,0,0,0,0,0,0,0,0,0,0,0,0,0.00,0,0.00,0.00
세탁기_관심사/구매의도_대용량 소구,4645454,세탁기_트래픽_구독 페스티벌,1628465,2026.10.03.,네이버 퍼포먼스 네트워크 > 서비스 통합,60세 ~ 99세 성별 알 수 없음,0,302,0,0,0,0.00,0,0,0,0,0,0,0,0,0,0,0,0,0,0,0,0,0,0,0,0,0,0,0,0,0,0,0,0,0,0,0,0,0,0,0,0,0,0,0,0,0,0,0,0,0,0,0.00,0,0.00,0.00
세탁기_관심사/구매의도_대용량 소구,4645454,세탁기_트래픽_구독 페스티벌,1628465,2026.10.03.,네이버 퍼포먼스 네트워크 > 서비스 통합,알 수 없음,3763,20865,180,41,92,0.20,0,0,0,0,0,0,0,0,0,0,0,0,0,0,0,0,0,0,0,0,0,0,0,0,0,0,0,0,0,0,0,0,0,0,0,0,0,0,0,0,0,0,0,0,0,0,0.00,0,0.00,0.00
세탁기_관심사/구매의도_대용량 소구,4645454,세탁기_트래픽_구독 페스티벌,1628465,2026.10.03.,네이버 퍼포먼스 네트워크 > 피드,19세 ~ 24세 여성,0,2,0,0,0,0.00,0,0,0,0,0,0,0,0,0,0,0,0,0,0,0,0,0,0,0,0,0,0,0,0,0,0,0,0,0,0,0,0,0,0,0,0,0,0,0,0,0,0,0,0,0,0,0.00,0,0.00,0.00
세탁기_관심사/구매의도_대용량 소구,4645454,세탁기_트래픽_구독 페스티벌,1628465,2026.10.03.,네이버 퍼포먼스 네트워크 > 피드,40세 ~ 44세 여성,0,1,0,0,0,0.00,0,0,0,0,0,0,0,0,0,0,0,0,0,0,0,0,0,0,0,0,0,0,0,0,0,0,0,0,0,0,0,0,0,0,0,0,0,0,0,0,0,0,0,0,0,0,0.00,0,0.00,0.00
세탁기_관심사/구매의도_대용량 소구,4645454,세탁기_트래픽_구독 페스티벌,1628465,2026.10.03.,네이버 퍼포먼스 네트워크 > 피드,60세 ~ 99세 여성,0,11,0,0,0,0.00,0,0,0,0,0,0,0,0,0,0,0,0,0,0,0,0,0,0,0,0,0,0,0,0,0,0,0,0,0,0,0,0,0,0,0,0,0,0,0,0,0,0,0,0,0,0,0.00,0,0.00,0.00
세탁기_관심사/구매의도_대용량 소구,4645454,세탁기_트래픽_구독 페스티벌,1628465,2026.10.03.,네이버 퍼포먼스 네트워크 > 피드,14세 ~ 18세 남성,0,2,0,0,0,0.00,0,0,0,0,0,0,0,0,0,0,0,0,0,0,0,0,0,0,0,0,0,0,0,0,0,0,0,0,0,0,0,0,0,0,0,0,0,0,0,0,0,0,0,0,0,0,0.00,0,0.00,0.00
세탁기_관심사/구매의도_대용량 소구,4645454,세탁기_트래픽_구독 페스티벌,1628465,2026.10.03.,네이버 퍼포먼스 네트워크 > 피드,45세 ~ 49세 남성,0,5,0,0,0,0.00,0,0,0,0,0,0,0,0,0,0,0,0,0,0,0,0,0,0,0,0,0,0,0,0,0,0,0,0,0,0,0,0,0,0,0,0,0,0,0,0,0,0,0,0,0,0,0.00,0,0.00,0.00
세탁기_관심사/구매의도_대용량 소구,4645454,세탁기_트래픽_구독 페스티벌,1628465,2026.10.03.,네이버 퍼포먼스 네트워크 > 피드,50세 ~ 54세 남성,0,11,0,0,0,0.00,0,0,0,0,0,0,0,0,0,0,0,0,0,0,0,0,0,0,0,0,0,0,0,0,0,0,0,0,0,0,0,0,0,0,0,0,0,0,0,0,0,0,0,0,0,0,0.00,0,0.00,0.00
세탁기_관심사/구매의도_대용량 소구,4645454,세탁기_트래픽_구독 페스티벌,1628465,2026.10.03.,네이버 퍼포먼스 네트워크 > 피드,55세 ~ 59세 남성,0,1,0,0,0,0.00,0,0,0,0,0,0,0,0,0,0,0,0,0,0,0,0,0,0,0,0,0,0,0,0,0,0,0,0,0,0,0,0,0,0,0,0,0,0,0,0,0,0,0,0,0,0,0.00,0,0.00,0.00
세탁기_관심사/구매의도_대용량 소구,4645454,세탁기_트래픽_구독 페스티벌,1628465,2026.10.03.,네이버 퍼포먼스 네트워크 > 피드,60세 ~ 99세 남성,0,11,0,0,0,0.00,0,0,0,0,0,0,0,0,0,0,0,0,0,0,0,0,0,0,0,0,0,0,0,0,0,0,0,0,0,0,0,0,0,0,0,0,0,0,0,0,0,0,0,0,0,0,0.00,0,0.00,0.00
세탁기_관심사/구매의도_대용량 소구,4645454,세탁기_트래픽_구독 페스티벌,1628465,2026.10.03.,네이버 퍼포먼스 네트워크 > 피드,알 수 없음,0,5,0,0,0,0.00,0,0,0,0,0,0,0,0,0,0,0,0,0,0,0,0,0,0,0,0,0,0,0,0,0,0,0,0,0,0,0,0,0,0,0,0,0,0,0,0,0,0,0,0,0,0,0.00,0,0.00,0.00
세탁기_관심사/구매의도_대용량 소구,4645454,세탁기_트래픽_구독 페스티벌,1628465,2026.10.02.,네이버+ > 피드,14세 ~ 18세 여성,0,2,0,0,0,0.00,0,0,0,0,0,0,0,0,0,0,0,0,0,0,0,0,0,0,0,0,0,0,0,0,0,0,0,0,0,0,0,0,0,0,0,0,0,0,0,0,0,0,0,0,0,0,0.00,0,0.00,0.00
세탁기_관심사/구매의도_대용량 소구,4645454,세탁기_트래픽_구독 페스티벌,1628465,2026.10.02.,네이버+ > 피드,19세 ~ 24세 여성,0,3,0,0,0,0.00,0,0,0,0,0,0,0,0,0,0,0,0,0,0,0,0,0,0,0,0,0,0,0,0,0,0,0,0,0,0,0,0,0,0,0,0,0,0,0,0,0,0,0,0,0,0,0.00,0,0.00,0.00
세탁기_관심사/구매의도_대용량 소구,4645454,세탁기_트래픽_구독 페스티벌,1628465,2026.10.02.,네이버+ > 피드,50세 ~ 54세 여성,0,5,0,0,0,0.00,0,0,0,0,0,0,0,0,0,0,0,0,0,0,0,0,0,0,0,0,0,0,0,0,0,0,0,0,0,0,0,0,0,0,0,0,0,0,0,0,0,0,0,0,0,0,0.00,0,0.00,0.00
세탁기_관심사/구매의도_대용량 소구,4645454,세탁기_트래픽_구독 페스티벌,1628465,2026.10.02.,네이버+ > 피드,55세 ~ 59세 여성,0,2,0,0,0,0.00,0,0,0,0,0,0,0,0,0,0,0,0,0,0,0,0,0,0,0,0,0,0,0,0,0,0,0,0,0,0,0,0,0,0,0,0,0,0,0,0,0,0,0,0,0,0,0.00,0,0.00,0.00
세탁기_관심사/구매의도_대용량 소구,4645454,세탁기_트래픽_구독 페스티벌,1628465,2026.10.02.,네이버+ > 피드,60세 ~ 99세 여성,0,8,0,0,0,0.00,0,0,0,0,0,0,0,0,0,0,0,0,0,0,0,0,0,0,0,0,0,0,0,0,0,0,0,0,0,0,0,0,0,0,0,0,0,0,0,0,0,0,0,0,0,0,0.00,0,0.00,0.00
세탁기_관심사/구매의도_대용량 소구,4645454,세탁기_트래픽_구독 페스티벌,1628465,2026.10.02.,네이버+ > 피드,14세 ~ 18세 남성,0,4,0,0,0,0.00,0,0,0,0,0,0,0,0,0,0,0,0,0,0,0,0,0,0,0,0,0,0,0,0,0,0,0,0,0,0,0,0,0,0,0,0,0,0,0,0,0,0,0,0,0,0,0.00,0,0.00,0.00
세탁기_관심사/구매의도_대용량 소구,4645454,세탁기_트래픽_구독 페스티벌,1628465,2026.10.02.,네이버+ > 피드,19세 ~ 24세 남성,0,1,0,0,0,0.00,0,0,0,0,0,0,0,0,0,0,0,0,0,0,0,0,0,0,0,0,0,0,0,0,0,0,0,0,0,0,0,0,0,0,0,0,0,0,0,0,0,0,0,0,0,0,0.00,0,0.00,0.00
세탁기_관심사/구매의도_대용량 소구,4645454,세탁기_트래픽_구독 페스티벌,1628465,2026.10.02.,네이버+ > 피드,30세 ~ 34세 남성,0,1,0,0,0,0.00,0,0,0,0,0,0,0,0,0,0,0,0,0,0,0,0,0,0,0,0,0,0,0,0,0,0,0,0,0,0,0,0,0,0,0,0,0,0,0,0,0,0,0,0,0,0,0.00,0,0.00,0.00
세탁기_관심사/구매의도_대용량 소구,4645454,세탁기_트래픽_구독 페스티벌,1628465,2026.10.02.,네이버+ > 피드,50세 ~ 54세 남성,0,1,0,0,0,0.00,0,0,0,0,0,0,0,0,0,0,0,0,0,0,0,0,0,0,0,0,0,0,0,0,0,0,0,0,0,0,0,0,0,0,0,0,0,0,0,0,0,0,0,0,0,0,0.00,0,0.00,0.00
세탁기_관심사/구매의도_대용량 소구,4645454,세탁기_트래픽_구독 페스티벌,1628465,2026.10.02.,네이버+ > 피드,60세 ~ 99세 남성,0,18,0,0,0,0.00,0,0,0,0,0,0,0,0,0,0,0,0,0,0,0,0,0,0,0,0,0,0,0,0,0,0,0,0,0,0,0,0,0,0,0,0,0,0,0,0,0,0,0,0,0,0,0.00,0,0.00,0.00
세탁기_관심사/구매의도_대용량 소구,4645454,세탁기_트래픽_구독 페스티벌,1628465,2026.10.02.,네이버+ > 피드,알 수 없음,0,7,0,0,0,0.00,0,0,0,0,0,0,0,0,0,0,0,0,0,0,0,0,0,0,0,0,0,0,0,0,0,0,0,0,0,0,0,0,0,0,0,0,0,0,0,0,0,0,0,0,0,0,0.00,0,0.00,0.00
세탁기_관심사/구매의도_대용량 소구,4645454,세탁기_트래픽_구독 페스티벌,1628465,2026.10.02.,네이버+ > 네이버 메인,14세 ~ 18세 여성,0,40,0,0,0,0.00,0,0,0,0,0,0,0,0,0,0,0,0,0,0,0,0,0,0,0,0,0,0,0,0,0,0,0,0,0,0,0,0,0,0,0,0,0,0,0,0,0,0,0,0,0,0,0.00,0,0.00,0.00
세탁기_관심사/구매의도_대용량 소구,4645454,세탁기_트래픽_구독 페스티벌,1628465,2026.10.02.,네이버+ > 네이버 메인,19세 ~ 24세 여성,0,82,0,0,0,0.00,0,0,0,0,0,0,0,0,0,0,0,0,0,0,0,0,0,0,0,0,0,0,0,0,0,0,0,0,0,0,0,0,0,0,0,0,0,0,0,0,0,0,0,0,0,0,0.00,0,0.00,0.00
세탁기_관심사/구매의도_대용량 소구,4645454,세탁기_트래픽_구독 페스티벌,1628465,2026.10.02.,네이버+ > 네이버 메인,25세 ~ 29세 여성,0,53,0,0,0,0.00,0,0,0,0,0,0,0,0,0,0,0,0,0,0,0,0,0,0,0,0,0,0,0,0,0,0,0,0,0,0,0,0,0,0,0,0,0,0,0,0,0,0,0,0,0,0,0.00,0,0.00,0.00
세탁기_관심사/구매의도_대용량 소구,4645454,세탁기_트래픽_구독 페스티벌,1628465,2026.10.02.,네이버+ > 네이버 메인,30세 ~ 34세 여성,0,48,0,0,0,0.00,0,0,0,0,0,0,0,0,0,0,0,0,0,0,0,0,0,0,0,0,0,0,0,0,0,0,0,0,0,0,0,0,0,0,0,0,0,0,0,0,0,0,0,0,0,0,0.00,0,0.00,0.00
세탁기_관심사/구매의도_대용량 소구,4645454,세탁기_트래픽_구독 페스티벌,1628465,2026.10.02.,네이버+ > 네이버 메인,35세 ~ 39세 여성,0,28,0,0,0,0.00,0,0,0,0,0,0,0,0,0,0,0,0,0,0,0,0,0,0,0,0,0,0,0,0,0,0,0,0,0,0,0,0,0,0,0,0,0,0,0,0,0,0,0,0,0,0,0.00,0,0.00,0.00
세탁기_관심사/구매의도_대용량 소구,4645454,세탁기_트래픽_구독 페스티벌,1628465,2026.10.02.,네이버+ > 네이버 메인,40세 ~ 44세 여성,0,19,0,0,0,0.00,0,0,0,0,0,0,0,0,0,0,0,0,0,0,0,0,0,0,0,0,0,0,0,0,0,0,0,0,0,0,0,0,0,0,0,0,0,0,0,0,0,0,0,0,0,0,0.00,0,0.00,0.00
세탁기_관심사/구매의도_대용량 소구,4645454,세탁기_트래픽_구독 페스티벌,1628465,2026.10.02.,네이버+ > 네이버 메인,45세 ~ 49세 여성,0,16,0,0,0,0.00,0,0,0,0,0,0,0,0,0,0,0,0,0,0,0,0,0,0,0,0,0,0,0,0,0,0,0,0,0,0,0,0,0,0,0,0,0,0,0,0,0,0,0,0,0,0,0.00,0,0.00,0.00
세탁기_관심사/구매의도_대용량 소구,4645454,세탁기_트래픽_구독 페스티벌,1628465,2026.10.02.,네이버+ > 네이버 메인,50세 ~ 54세 여성,0,22,0,0,0,0.00,0,0,0,0,0,0,0,0,0,0,0,0,0,0,0,0,0,0,0,0,0,0,0,0,0,0,0,0,0,0,0,0,0,0,0,0,0,0,0,0,0,0,0,0,0,0,0.00,0,0.00,0.00
세탁기_관심사/구매의도_대용량 소구,4645454,세탁기_트래픽_구독 페스티벌,1628465,2026.10.02.,네이버+ > 네이버 메인,55세 ~ 59세 여성,0,13,0,0,0,0.00,0,0,0,0,0,0,0,0,0,0,0,0,0,0,0,0,0,0,0,0,0,0,0,0,0,0,0,0,0,0,0,0,0,0,0,0,0,0,0,0,0,0,0,0,0,0,0.00,0,0.00,0.00
세탁기_관심사/구매의도_대용량 소구,4645454,세탁기_트래픽_구독 페스티벌,1628465,2026.10.02.,네이버+ > 네이버 메인,60세 ~ 99세 여성,0,94,0,0,0,0.00,0,0,0,0,0,0,0,0,0,0,0,0,0,0,0,0,0,0,0,0,0,0,0,0,0,0,0,0,0,0,0,0,0,0,0,0,0,0,0,0,0,0,0,0,0,0,0.00,0,0.00,0.00
세탁기_관심사/구매의도_대용량 소구,4645454,세탁기_트래픽_구독 페스티벌,1628465,2026.10.02.,네이버+ > 네이버 메인,"연령 알 수 없음 여성 ",0,114,0,0,0,0.00,0,0,0,0,0,0,0,0,0,0,0,0,0,0,0,0,0,0,0,0,0,0,0,0,0,0,0,0,0,0,0,0,0,0,0,0,0,0,0,0,0,0,0,0,0,0,0.00,0,0.00,0.00
세탁기_관심사/구매의도_대용량 소구,4645454,세탁기_트래픽_구독 페스티벌,1628465,2026.10.02.,네이버+ > 네이버 메인,14세 ~ 18세 남성,0,34,0,0,0,0.00,0,0,0,0,0,0,0,0,0,0,0,0,0,0,0,0,0,0,0,0,0,0,0,0,0,0,0,0,0,0,0,0,0,0,0,0,0,0,0,0,0,0,0,0,0,0,0.00,0,0.00,0.00
세탁기_관심사/구매의도_대용량 소구,4645454,세탁기_트래픽_구독 페스티벌,1628465,2026.10.02.,네이버+ > 네이버 메인,19세 ~ 24세 남성,0,56,0,0,0,0.00,0,0,0,0,0,0,0,0,0,0,0,0,0,0,0,0,0,0,0,0,0,0,0,0,0,0,0,0,0,0,0,0,0,0,0,0,0,0,0,0,0,0,0,0,0,0,0.00,0,0.00,0.00
세탁기_관심사/구매의도_대용량 소구,4645454,세탁기_트래픽_구독 페스티벌,1628465,2026.10.02.,네이버+ > 네이버 메인,25세 ~ 29세 남성,0,45,0,0,0,0.00,0,0,0,0,0,0,0,0,0,0,0,0,0,0,0,0,0,0,0,0,0,0,0,0,0,0,0,0,0,0,0,0,0,0,0,0,0,0,0,0,0,0,0,0,0,0,0.00,0,0.00,0.00
세탁기_관심사/구매의도_대용량 소구,4645454,세탁기_트래픽_구독 페스티벌,1628465,2026.10.02.,네이버+ > 네이버 메인,30세 ~ 34세 남성,0,46,0,0,0,0.00,0,0,0,0,0,0,0,0,0,0,0,0,0,0,0,0,0,0,0,0,0,0,0,0,0,0,0,0,0,0,0,0,0,0,0,0,0,0,0,0,0,0,0,0,0,0,0.00,0,0.00,0.00
세탁기_관심사/구매의도_대용량 소구,4645454,세탁기_트래픽_구독 페스티벌,1628465,2026.10.02.,네이버+ > 네이버 메인,35세 ~ 39세 남성,0,60,0,0,0,0.00,0,0,0,0,0,0,0,0,0,0,0,0,0,0,0,0,0,0,0,0,0,0,0,0,0,0,0,0,0,0,0,0,0,0,0,0,0,0,0,0,0,0,0,0,0,0,0.00,0,0.00,0.00
세탁기_관심사/구매의도_대용량 소구,4645454,세탁기_트래픽_구독 페스티벌,1628465,2026.10.02.,네이버+ > 네이버 메인,40세 ~ 44세 남성,0,57,0,0,0,0.00,0,0,0,0,0,0,0,0,0,0,0,0,0,0,0,0,0,0,0,0,0,0,0,0,0,0,0,0,0,0,0,0,0,0,0,0,0,0,0,0,0,0,0,0,0,0,0.00,0,0.00,0.00
세탁기_관심사/구매의도_대용량 소구,4645454,세탁기_트래픽_구독 페스티벌,1628465,2026.10.02.,네이버+ > 네이버 메인,45세 ~ 49세 남성,0,62,0,0,0,0.00,0,0,0,0,0,0,0,0,0,0,0,0,0,0,0,0,0,0,0,0,0,0,0,0,0,0,0,0,0,0,0,0,0,0,0,0,0,0,0,0,0,0,0,0,0,0,0.00,0,0.00,0.00
세탁기_관심사/구매의도_대용량 소구,4645454,세탁기_트래픽_구독 페스티벌,1628465,2026.10.02.,네이버+ > 네이버 메인,50세 ~ 54세 남성,0,44,0,0,0,0.00,0,0,0,0,0,0,0,0,0,0,0,0,0,0,0,0,0,0,0,0,0,0,0,0,0,0,0,0,0,0,0,0,0,0,0,0,0,0,0,0,0,0,0,0,0,0,0.00,0,0.00,0.00
세탁기_관심사/구매의도_대용량 소구,4645454,세탁기_트래픽_구독 페스티벌,1628465,2026.10.02.,네이버+ > 네이버 메인,55세 ~ 59세 남성,0,73,0,0,0,0.00,0,0,0,0,0,0,0,0,0,0,0,0,0,0,0,0,0,0,0,0,0,0,0,0,0,0,0,0,0,0,0,0,0,0,0,0,0,0,0,0,0,0,0,0,0,0,0.00,0,0.00,0.00
세탁기_관심사/구매의도_대용량 소구,4645454,세탁기_트래픽_구독 페스티벌,1628465,2026.10.02.,네이버+ > 네이버 메인,60세 ~ 99세 남성,597,222,2688,3,199,1.35,0,0,0,0,0,0,0,0,0,0,0,0,0,0,0,0,0,0,0,0,0,0,0,0,0,0,0,0,0,0,0,0,0,0,0,0,0,0,0,0,0,0,0,0,0,0,0.00,0,0.00,0.00
세탁기_관심사/구매의도_대용량 소구,4645454,세탁기_트래픽_구독 페스티벌,1628465,2026.10.02.,네이버+ > 네이버 메인,연령 알 수 없음 남성,0,166,0,0,0,0.00,0,0,0,0,0,0,0,0,0,0,0,0,0,0,0,0,0,0,0,0,0,0,0,0,0,0,0,0,0,0,0,0,0,0,0,0,0,0,0,0,0,0,0,0,0,0,0.00,0,0.00,0.00
세탁기_관심사/구매의도_대용량 소구,4645454,세탁기_트래픽_구독 페스티벌,1628465,2026.10.02.,네이버+ > 네이버 메인,19세 ~ 24세 성별 알 수 없음,0,3,0,0,0,0.00,0,0,0,0,0,0,0,0,0,0,0,0,0,0,0,0,0,0,0,0,0,0,0,0,0,0,0,0,0,0,0,0,0,0,0,0,0,0,0,0,0,0,0,0,0,0,0.00,0,0.00,0.00
세탁기_관심사/구매의도_대용량 소구,4645454,세탁기_트래픽_구독 페스티벌,1628465,2026.10.02.,네이버+ > 네이버 메인,30세 ~ 34세 성별 알 수 없음,0,1,0,0,0,0.00,0,0,0,0,0,0,0,0,0,0,0,0,0,0,0,0,0,0,0,0,0,0,0,0,0,0,0,0,0,0,0,0,0,0,0,0,0,0,0,0,0,0,0,0,0,0,0.00,0,0.00,0.00
세탁기_관심사/구매의도_대용량 소구,4645454,세탁기_트래픽_구독 페스티벌,1628465,2026.10.02.,네이버+ > 네이버 메인,35세 ~ 39세 성별 알 수 없음,0,3,0,0,0,0.00,0,0,0,0,0,0,0,0,0,0,0,0,0,0,0,0,0,0,0,0,0,0,0,0,0,0,0,0,0,0,0,0,0,0,0,0,0,0,0,0,0,0,0,0,0,0,0.00,0,0.00,0.00
세탁기_관심사/구매의도_대용량 소구,4645454,세탁기_트래픽_구독 페스티벌,1628465,2026.10.02.,네이버+ > 네이버 메인,40세 ~ 44세 성별 알 수 없음,0,3,0,0,0,0.00,0,0,0,0,0,0,0,0,0,0,0,0,0,0,0,0,0,0,0,0,0,0,0,0,0,0,0,0,0,0,0,0,0,0,0,0,0,0,0,0,0,0,0,0,0,0,0.00,0,0.00,0.00
세탁기_관심사/구매의도_대용량 소구,4645454,세탁기_트래픽_구독 페스티벌,1628465,2026.10.02.,네이버+ > 네이버 메인,45세 ~ 49세 성별 알 수 없음,0,2,0,0,0,0.00,0,0,0,0,0,0,0,0,0,0,0,0,0,0,0,0,0,0,0,0,0,0,0,0,0,0,0,0,0,0,0,0,0,0,0,0,0,0,0,0,0,0,0,0,0,0,0.00,0,0.00,0.00
세탁기_관심사/구매의도_대용량 소구,4645454,세탁기_트래픽_구독 페스티벌,1628465,2026.10.02.,네이버+ > 네이버 메인,50세 ~ 54세 성별 알 수 없음,0,1,0,0,0,0.00,0,0,0,0,0,0,0,0,0,0,0,0,0,0,0,0,0,0,0,0,0,0,0,0,0,0,0,0,0,0,0,0,0,0,0,0,0,0,0,0,0,0,0,0,0,0,0.00,0,0.00,0.00
세탁기_관심사/구매의도_대용량 소구,4645454,세탁기_트래픽_구독 페스티벌,1628465,2026.10.02.,네이버+ > 네이버 메인,55세 ~ 59세 성별 알 수 없음,0,8,0,0,0,0.00,0,0,0,0,0,0,0,0,0,0,0,0,0,0,0,0,0,0,0,0,0,0,0,0,0,0,0,0,0,0,0,0,0,0,0,0,0,0,0,0,0,0,0,0,0,0,0.00,0,0.00,0.00
세탁기_관심사/구매의도_대용량 소구,4645454,세탁기_트래픽_구독 페스티벌,1628465,2026.10.02.,네이버+ > 네이버 메인,60세 ~ 99세 성별 알 수 없음,0,8,0,0,0,0.00,0,0,0,0,0,0,0,0,0,0,0,0,0,0,0,0,0,0,0,0,0,0,0,0,0,0,0,0,0,0,0,0,0,0,0,0,0,0,0,0,0,0,0,0,0,0,0.00,0,0.00,0.00
세탁기_관심사/구매의도_대용량 소구,4645454,세탁기_트래픽_구독 페스티벌,1628465,2026.10.02.,네이버+ > 네이버 메인,알 수 없음,248,648,383,1,248,0.15,0,0,0,0,0,0,0,0,0,0,0,0,0,0,0,0,0,0,0,0,0,0,0,0,0,0,0,0,0,0,0,0,0,0,0,0,0,0,0,0,0,0,0,0,0,0,0.00,0,0.00,0.00
세탁기_관심사/구매의도_대용량 소구,4645454,세탁기_트래픽_구독 페스티벌,1628465,2026.10.02.,네이버+ > 서비스 통합,14세 ~ 18세 여성,0,46,0,0,0,0.00,0,0,0,0,0,0,0,0,0,0,0,0,0,0,0,0,0,0,0,0,0,0,0,0,0,0,0,0,0,0,0,0,0,0,0,0,0,0,0,0,0,0,0,0,0,0,0.00,0,0.00,0.00
세탁기_관심사/구매의도_대용량 소구,4645454,세탁기_트래픽_구독 페스티벌,1628465,2026.10.02.,네이버+ > 서비스 통합,19세 ~ 24세 여성,0,67,0,0,0,0.00,0,0,0,0,0,0,0,0,0,0,0,0,0,0,0,0,0,0,0,0,0,0,0,0,0,0,0,0,0,0,0,0,0,0,0,0,0,0,0,0,0,0,0,0,0,0,0.00,0,0.00,0.00
세탁기_관심사/구매의도_대용량 소구,4645454,세탁기_트래픽_구독 페스티벌,1628465,2026.10.02.,네이버+ > 서비스 통합,25세 ~ 29세 여성,0,75,0,0,0,0.00,0,0,0,0,0,0,0,0,0,0,0,0,0,0,0,0,0,0,0,0,0,0,0,0,0,0,0,0,0,0,0,0,0,0,0,0,0,0,0,0,0,0,0,0,0,0,0.00,0,0.00,0.00
세탁기_관심사/구매의도_대용량 소구,4645454,세탁기_트래픽_구독 페스티벌,1628465,2026.10.02.,네이버+ > 서비스 통합,30세 ~ 34세 여성,0,80,0,0,0,0.00,0,0,0,0,0,0,0,0,0,0,0,0,0,0,0,0,0,0,0,0,0,0,0,0,0,0,0,0,0,0,0,0,0,0,0,0,0,0,0,0,0,0,0,0,0,0,0.00,0,0.00,0.00
세탁기_관심사/구매의도_대용량 소구,4645454,세탁기_트래픽_구독 페스티벌,1628465,2026.10.02.,네이버+ > 서비스 통합,35세 ~ 39세 여성,0,35,0,0,0,0.00,0,0,0,0,0,0,0,0,0,0,0,0,0,0,0,0,0,0,0,0,0,0,0,0,0,0,0,0,0,0,0,0,0,0,0,0,0,0,0,0,0,0,0,0,0,0,0.00,0,0.00,0.00
세탁기_관심사/구매의도_대용량 소구,4645454,세탁기_트래픽_구독 페스티벌,1628465,2026.10.02.,네이버+ > 서비스 통합,40세 ~ 44세 여성,0,49,0,0,0,0.00,0,0,0,0,0,0,0,0,0,0,0,0,0,0,0,0,0,0,0,0,0,0,0,0,0,0,0,0,0,0,0,0,0,0,0,0,0,0,0,0,0,0,0,0,0,0,0.00,0,0.00,0.00
세탁기_관심사/구매의도_대용량 소구,4645454,세탁기_트래픽_구독 페스티벌,1628465,2026.10.02.,네이버+ > 서비스 통합,45세 ~ 49세 여성,0,52,0,0,0,0.00,0,0,0,0,0,0,0,0,0,0,0,0,0,0,0,0,0,0,0,0,0,0,0,0,0,0,0,0,0,0,0,0,0,0,0,0,0,0,0,0,0,0,0,0,0,0,0.00,0,0.00,0.00
세탁기_관심사/구매의도_대용량 소구,4645454,세탁기_트래픽_구독 페스티벌,1628465,2026.10.02.,네이버+ > 서비스 통합,50세 ~ 54세 여성,0,54,0,0,0,0.00,0,0,0,0,0,0,0,0,0,0,0,0,0,0,0,0,0,0,0,0,0,0,0,0,0,0,0,0,0,0,0,0,0,0,0,0,0,0,0,0,0,0,0,0,0,0,0.00,0,0.00,0.00
세탁기_관심사/구매의도_대용량 소구,4645454,세탁기_트래픽_구독 페스티벌,1628465,2026.10.02.,네이버+ > 서비스 통합,55세 ~ 59세 여성,0,68,0,0,0,0.00,0,0,0,0,0,0,0,0,0,0,0,0,0,0,0,0,0,0,0,0,0,0,0,0,0,0,0,0,0,0,0,0,0,0,0,0,0,0,0,0,0,0,0,0,0,0,0.00,0,0.00,0.00
세탁기_관심사/구매의도_대용량 소구,4645454,세탁기_트래픽_구독 페스티벌,1628465,2026.10.02.,네이버+ > 서비스 통합,60세 ~ 99세 여성,99,208,474,1,99,0.48,0,0,0,0,0,0,0,0,0,0,0,0,0,0,0,0,0,0,0,0,0,0,0,0,0,0,0,0,0,0,0,0,0,0,0,0,0,0,0,0,0,0,0,0,0,0,0.00,0,0.00,0.00
세탁기_관심사/구매의도_대용량 소구,4645454,세탁기_트래픽_구독 페스티벌,1628465,2026.10.02.,네이버+ > 서비스 통합,"연령 알 수 없음 여성 ",0,80,0,0,0,0.00,0,0,0,0,0,0,0,0,0,0,0,0,0,0,0,0,0,0,0,0,0,0,0,0,0,0,0,0,0,0,0,0,0,0,0,0,0,0,0,0,0,0,0,0,0,0,0.00,0,0.00,0.00
세탁기_관심사/구매의도_대용량 소구,4645454,세탁기_트래픽_구독 페스티벌,1628465,2026.10.02.,네이버+ > 서비스 통합,14세 ~ 18세 남성,0,127,0,0,0,0.00,0,0,0,0,0,0,0,0,0,0,0,0,0,0,0,0,0,0,0,0,0,0,0,0,0,0,0,0,0,0,0,0,0,0,0,0,0,0,0,0,0,0,0,0,0,0,0.00,0,0.00,0.00
세탁기_관심사/구매의도_대용량 소구,4645454,세탁기_트래픽_구독 페스티벌,1628465,2026.10.02.,네이버+ > 서비스 통합,19세 ~ 24세 남성,0,63,0,0,0,0.00,0,0,0,0,0,0,0,0,0,0,0,0,0,0,0,0,0,0,0,0,0,0,0,0,0,0,0,0,0,0,0,0,0,0,0,0,0,0,0,0,0,0,0,0,0,0,0.00,0,0.00,0.00
세탁기_관심사/구매의도_대용량 소구,4645454,세탁기_트래픽_구독 페스티벌,1628465,2026.10.02.,네이버+ > 서비스 통합,25세 ~ 29세 남성,0,89,0,0,0,0.00,0,0,0,0,0,0,0,0,0,0,0,0,0,0,0,0,0,0,0,0,0,0,0,0,0,0,0,0,0,0,0,0,0,0,0,0,0,0,0,0,0,0,0,0,0,0,0.00,0,0.00,0.00
세탁기_관심사/구매의도_대용량 소구,4645454,세탁기_트래픽_구독 페스티벌,1628465,2026.10.02.,네이버+ > 서비스 통합,30세 ~ 34세 남성,0,65,0,0,0,0.00,0,0,0,0,0,0,0,0,0,0,0,0,0,0,0,0,0,0,0,0,0,0,0,0,0,0,0,0,0,0,0,0,0,0,0,0,0,0,0,0,0,0,0,0,0,0,0.00,0,0.00,0.00
세탁기_관심사/구매의도_대용량 소구,4645454,세탁기_트래픽_구독 페스티벌,1628465,2026.10.02.,네이버+ > 서비스 통합,35세 ~ 39세 남성,0,63,0,0,0,0.00,0,0,0,0,0,0,0,0,0,0,0,0,0,0,0,0,0,0,0,0,0,0,0,0,0,0,0,0,0,0,0,0,0,0,0,0,0,0,0,0,0,0,0,0,0,0,0.00,0,0.00,0.00
세탁기_관심사/구매의도_대용량 소구,4645454,세탁기_트래픽_구독 페스티벌,1628465,2026.10.02.,네이버+ > 서비스 통합,40세 ~ 44세 남성,0,85,0,0,0,0.00,0,0,0,0,0,0,0,0,0,0,0,0,0,0,0,0,0,0,0,0,0,0,0,0,0,0,0,0,0,0,0,0,0,0,0,0,0,0,0,0,0,0,0,0,0,0,0.00,0,0.00,0.00
세탁기_관심사/구매의도_대용량 소구,4645454,세탁기_트래픽_구독 페스티벌,1628465,2026.10.02.,네이버+ > 서비스 통합,45세 ~ 49세 남성,0,102,0,0,0,0.00,0,0,0,0,0,0,0,0,0,0,0,0,0,0,0,0,0,0,0,0,0,0,0,0,0,0,0,0,0,0,0,0,0,0,0,0,0,0,0,0,0,0,0,0,0,0,0.00,0,0.00,0.00
세탁기_관심사/구매의도_대용량 소구,4645454,세탁기_트래픽_구독 페스티벌,1628465,2026.10.02.,네이버+ > 서비스 통합,50세 ~ 54세 남성,0,131,0,0,0,0.00,0,0,0,0,0,0,0,0,0,0,0,0,0,0,0,0,0,0,0,0,0,0,0,0,0,0,0,0,0,0,0,0,0,0,0,0,0,0,0,0,0,0,0,0,0,0,0.00,0,0.00,0.00
세탁기_관심사/구매의도_대용량 소구,4645454,세탁기_트래픽_구독 페스티벌,1628465,2026.10.02.,네이버+ > 서비스 통합,55세 ~ 59세 남성,241,202,1192,1,241,0.50,0,0,0,0,0,0,0,0,0,0,0,0,0,0,0,0,0,0,0,0,0,0,0,0,0,0,0,0,0,0,0,0,0,0,0,0,0,0,0,0,0,0,0,0,0,0,0.00,0,0.00,0.00
세탁기_관심사/구매의도_대용량 소구,4645454,세탁기_트래픽_구독 페스티벌,1628465,2026.10.02.,네이버+ > 서비스 통합,60세 ~ 99세 남성,215,686,314,1,215,0.15,0,0,0,0,0,0,0,0,0,0,0,0,0,0,0,0,0,0,0,0,0,0,0,0,0,0,0,0,0,0,0,0,0,0,0,0,0,0,0,0,0,0,0,0,0,0,0.00,0,0.00,0.00
세탁기_관심사/구매의도_대용량 소구,4645454,세탁기_트래픽_구독 페스티벌,1628465,2026.10.02.,네이버+ > 서비스 통합,연령 알 수 없음 남성,0,128,0,0,0,0.00,0,0,0,0,0,0,0,0,0,0,0,0,0,0,0,0,0,0,0,0,0,0,0,0,0,0,0,0,0,0,0,0,0,0,0,0,0,0,0,0,0,0,0,0,0,0,0.00,0,0.00,0.00
세탁기_관심사/구매의도_대용량 소구,4645454,세탁기_트래픽_구독 페스티벌,1628465,2026.10.02.,네이버+ > 서비스 통합,25세 ~ 29세 성별 알 수 없음,0,1,0,0,0,0.00,0,0,0,0,0,0,0,0,0,0,0,0,0,0,0,0,0,0,0,0,0,0,0,0,0,0,0,0,0,0,0,0,0,0,0,0,0,0,0,0,0,0,0,0,0,0,0.00,0,0.00,0.00
세탁기_관심사/구매의도_대용량 소구,4645454,세탁기_트래픽_구독 페스티벌,1628465,2026.10.02.,네이버+ > 서비스 통합,30세 ~ 34세 성별 알 수 없음,0,1,0,0,0,0.00,0,0,0,0,0,0,0,0,0,0,0,0,0,0,0,0,0,0,0,0,0,0,0,0,0,0,0,0,0,0,0,0,0,0,0,0,0,0,0,0,0,0,0,0,0,0,0.00,0,0.00,0.00
세탁기_관심사/구매의도_대용량 소구,4645454,세탁기_트래픽_구독 페스티벌,1628465,2026.10.02.,네이버+ > 서비스 통합,35세 ~ 39세 성별 알 수 없음,0,3,0,0,0,0.00,0,0,0,0,0,0,0,0,0,0,0,0,0,0,0,0,0,0,0,0,0,0,0,0,0,0,0,0,0,0,0,0,0,0,0,0,0,0,0,0,0,0,0,0,0,0,0.00,0,0.00,0.00
세탁기_관심사/구매의도_대용량 소구,4645454,세탁기_트래픽_구독 페스티벌,1628465,2026.10.02.,네이버+ > 서비스 통합,40세 ~ 44세 성별 알 수 없음,0,3,0,0,0,0.00,0,0,0,0,0,0,0,0,0,0,0,0,0,0,0,0,0,0,0,0,0,0,0,0,0,0,0,0,0,0,0,0,0,0,0,0,0,0,0,0,0,0,0,0,0,0,0.00,0,0.00,0.00
세탁기_관심사/구매의도_대용량 소구,4645454,세탁기_트래픽_구독 페스티벌,1628465,2026.10.02.,네이버+ > 서비스 통합,45세 ~ 49세 성별 알 수 없음,0,1,0,0,0,0.00,0,0,0,0,0,0,0,0,0,0,0,0,0,0,0,0,0,0,0,0,0,0,0,0,0,0,0,0,0,0,0,0,0,0,0,0,0,0,0,0,0,0,0,0,0,0,0.00,0,0.00,0.00
세탁기_관심사/구매의도_대용량 소구,4645454,세탁기_트래픽_구독 페스티벌,1628465,2026.10.02.,네이버+ > 서비스 통합,50세 ~ 54세 성별 알 수 없음,0,2,0,0,0,0.00,0,0,0,0,0,0,0,0,0,0,0,0,0,0,0,0,0,0,0,0,0,0,0,0,0,0,0,0,0,0,0,0,0,0,0,0,0,0,0,0,0,0,0,0,0,0,0.00,0,0.00,0.00
세탁기_관심사/구매의도_대용량 소구,4645454,세탁기_트래픽_구독 페스티벌,1628465,2026.10.02.,네이버+ > 서비스 통합,55세 ~ 59세 성별 알 수 없음,0,3,0,0,0,0.00,0,0,0,0,0,0,0,0,0,0,0,0,0,0,0,0,0,0,0,0,0,0,0,0,0,0,0,0,0,0,0,0,0,0,0,0,0,0,0,0,0,0,0,0,0,0,0.00,0,0.00,0.00
세탁기_관심사/구매의도_대용량 소구,4645454,세탁기_트래픽_구독 페스티벌,1628465,2026.10.02.,네이버+ > 서비스 통합,60세 ~ 99세 성별 알 수 없음,0,11,0,0,0,0.00,0,0,0,0,0,0,0,0,0,0,0,0,0,0,0,0,0,0,0,0,0,0,0,0,0,0,0,0,0,0,0,0,0,0,0,0,0,0,0,0,0,0,0,0,0,0,0.00,0,0.00,0.00
세탁기_관심사/구매의도_대용량 소구,4645454,세탁기_트래픽_구독 페스티벌,1628465,2026.10.02.,네이버+ > 서비스 통합,알 수 없음,493,1134,435,3,164,0.26,0,0,0,0,0,0,0,0,0,0,0,0,0,0,0,0,0,0,0,0,0,0,0,0,0,0,0,0,0,0,0,0,0,0,0,0,0,0,0,0,0,0,0,0,0,0,0.00,0,0.00,0.00
세탁기_관심사/구매의도_대용량 소구,4645454,세탁기_트래픽_구독 페스티벌,1628465,2026.10.02.,네이버 퍼포먼스 네트워크 > 서비스 통합,14세 ~ 18세 여성,225,807,279,2,112,0.25,0,0,0,0,0,0,0,0,0,0,0,0,0,0,0,0,0,0,0,0,0,0,0,0,0,0,0,0,0,0,0,0,0,0,0,0,0,0,0,0,0,0,0,0,0,0,0.00,0,0.00,0.00
세탁기_관심사/구매의도_대용량 소구,4645454,세탁기_트래픽_구독 페스티벌,1628465,2026.10.02.,네이버 퍼포먼스 네트워크 > 서비스 통합,19세 ~ 24세 여성,358,1035,346,4,89,0.39,0,0,0,0,0,0,0,0,0,0,0,0,0,0,0,0,0,0,0,0,0,0,0,0,0,0,0,0,0,0,0,0,0,0,0,0,0,0,0,0,0,0,0,0,0,0,0.00,0,0.00,0.00
세탁기_관심사/구매의도_대용량 소구,4645454,세탁기_트래픽_구독 페스티벌,1628465,2026.10.02.,네이버 퍼포먼스 네트워크 > 서비스 통합,25세 ~ 29세 여성,0,605,0,0,0,0.00,0,0,0,0,0,0,0,0,0,0,0,0,0,0,0,0,0,0,0,0,0,0,0,0,0,0,0,0,0,0,0,0,0,0,0,0,0,0,0,0,0,0,0,0,0,0,0.00,0,0.00,0.00
세탁기_관심사/구매의도_대용량 소구,4645454,세탁기_트래픽_구독 페스티벌,1628465,2026.10.02.,네이버 퍼포먼스 네트워크 > 서비스 통합,30세 ~ 34세 여성,0,550,0,0,0,0.00,0,0,0,0,0,0,0,0,0,0,0,0,0,0,0,0,0,0,0,0,0,0,0,0,0,0,0,0,0,0,0,0,0,0,0,0,0,0,0,0,0,0,0,0,0,0,0.00,0,0.00,0.00
세탁기_관심사/구매의도_대용량 소구,4645454,세탁기_트래픽_구독 페스티벌,1628465,2026.10.02.,네이버 퍼포먼스 네트워크 > 서비스 통합,35세 ~ 39세 여성,458,529,867,2,229,0.38,0,0,0,0,0,0,0,0,0,0,0,0,0,0,0,0,0,0,0,0,0,0,0,0,0,0,0,0,0,0,0,0,0,0,0,0,0,0,0,0,0,0,0,0,0,0,0.00,0,0.00,0.00
세탁기_관심사/구매의도_대용량 소구,4645454,세탁기_트래픽_구독 페스티벌,1628465,2026.10.02.,네이버 퍼포먼스 네트워크 > 서비스 통합,40세 ~ 44세 여성,984,675,1458,5,197,0.74,0,0,0,0,0,0,0,0,0,0,0,0,0,0,0,0,0,0,0,0,0,0,0,0,0,0,0,0,0,0,0,0,0,0,0,0,0,0,0,0,0,0,0,0,0,0,0.00,0,0.00,0.00
세탁기_관심사/구매의도_대용량 소구,4645454,세탁기_트래픽_구독 페스티벌,1628465,2026.10.02.,네이버 퍼포먼스 네트워크 > 서비스 통합,45세 ~ 49세 여성,2186,1916,1141,15,146,0.78,0,0,0,0,0,0,0,0,0,0,0,0,0,0,0,0,0,0,0,0,0,0,0,0,0,0,0,0,0,0,0,0,0,0,0,0,0,0,0,0,0,0,0,0,0,0,0.00,0,0.00,0.00
세탁기_관심사/구매의도_대용량 소구,4645454,세탁기_트래픽_구독 페스티벌,1628465,2026.10.02.,네이버 퍼포먼스 네트워크 > 서비스 통합,50세 ~ 54세 여성,878,1579,556,7,125,0.44,0,0,0,0,0,0,0,0,0,0,0,0,0,0,0,0,0,0,0,0,0,0,0,0,0,0,0,0,0,0,0,0,0,0,0,0,0,0,0,0,0,0,0,0,0,0,0.00,0,0.00,0.00
세탁기_관심사/구매의도_대용량 소구,4645454,세탁기_트래픽_구독 페스티벌,1628465,2026.10.02.,네이버 퍼포먼스 네트워크 > 서비스 통합,55세 ~ 59세 여성,2220,2319,957,17,131,0.73,0,0,0,0,0,0,0,0,0,0,0,0,0,0,0,0,0,0,0,0,0,0,0,0,0,0,0,0,0,0,0,0,0,0,0,0,0,0,0,0,0,0,0,0,0,0,0.00,0,0.00,0.00
세탁기_관심사/구매의도_대용량 소구,4645454,세탁기_트래픽_구독 페스티벌,1628465,2026.10.02.,네이버 퍼포먼스 네트워크 > 서비스 통합,60세 ~ 99세 여성,7780,11054,704,69,113,0.62,0,0,0,0,0,0,0,0,0,0,0,0,0,0,0,0,0,0,0,0,0,0,0,0,0,0,0,0,0,0,0,0,0,0,0,0,0,0,0,0,0,0,0,0,0,0,0.00,0,0.00,0.00
세탁기_관심사/구매의도_대용량 소구,4645454,세탁기_트래픽_구독 페스티벌,1628465,2026.10.02.,네이버 퍼포먼스 네트워크 > 서비스 통합,"연령 알 수 없음 여성 ",0,670,0,0,0,0.00,0,0,0,0,0,0,0,0,0,0,0,0,0,0,0,0,0,0,0,0,0,0,0,0,0,0,0,0,0,0,0,0,0,0,0,0,0,0,0,0,0,0,0,0,0,0,0.00,0,0.00,0.00
세탁기_관심사/구매의도_대용량 소구,4645454,세탁기_트래픽_구독 페스티벌,1628465,2026.10.02.,네이버 퍼포먼스 네트워크 > 서비스 통합,14세 ~ 18세 남성,185,1360,136,2,93,0.15,0,0,0,0,0,0,0,0,0,0,0,0,0,0,0,0,0,0,0,0,0,0,0,0,0,0,0,0,0,0,0,0,0,0,0,0,0,0,0,0,0,0,0,0,0,0,0.00,0,0.00,0.00
세탁기_관심사/구매의도_대용량 소구,4645454,세탁기_트래픽_구독 페스티벌,1628465,2026.10.02.,네이버 퍼포먼스 네트워크 > 서비스 통합,19세 ~ 24세 남성,83,2755,30,1,83,0.04,0,0,0,0,0,0,0,0,0,0,0,0,0,0,0,0,0,0,0,0,0,0,0,0,0,0,0,0,0,0,0,0,0,0,0,0,0,0,0,0,0,0,0,0,0,0,0.00,0,0.00,0.00
세탁기_관심사/구매의도_대용량 소구,4645454,세탁기_트래픽_구독 페스티벌,1628465,2026.10.02.,네이버 퍼포먼스 네트워크 > 서비스 통합,25세 ~ 29세 남성,54,2903,18,1,54,0.03,0,0,0,0,0,0,0,0,0,0,0,0,0,0,0,0,0,0,0,0,0,0,0,0,0,0,0,0,0,0,0,0,0,0,0,0,0,0,0,0,0,0,0,0,0,0,0.00,0,0.00,0.00
세탁기_관심사/구매의도_대용량 소구,4645454,세탁기_트래픽_구독 페스티벌,1628465,2026.10.02.,네이버 퍼포먼스 네트워크 > 서비스 통합,30세 ~ 34세 남성,419,3059,137,3,140,0.10,0,0,0,0,0,0,0,0,0,0,0,0,0,0,0,0,0,0,0,0,0,0,0,0,0,0,0,0,0,0,0,0,0,0,0,0,0,0,0,0,0,0,0,0,0,0,0.00,0,0.00,0.00
세탁기_관심사/구매의도_대용량 소구,4645454,세탁기_트래픽_구독 페스티벌,1628465,2026.10.02.,네이버 퍼포먼스 네트워크 > 서비스 통합,35세 ~ 39세 남성,0,1812,0,0,0,0.00,0,0,0,0,0,0,0,0,0,0,0,0,0,0,0,0,0,0,0,0,0,0,0,0,0,0,0,0,0,0,0,0,0,0,0,0,0,0,0,0,0,0,0,0,0,0,0.00,0,0.00,0.00
세탁기_관심사/구매의도_대용량 소구,4645454,세탁기_트래픽_구독 페스티벌,1628465,2026.10.02.,네이버 퍼포먼스 네트워크 > 서비스 통합,40세 ~ 44세 남성,274,1261,217,2,137,0.16,0,0,0,0,0,0,0,0,0,0,0,0,0,0,0,0,0,0,0,0,0,0,0,0,0,0,0,0,0,0,0,0,0,0,0,0,0,0,0,0,0,0,0,0,0,0,0.00,0,0.00,0.00
세탁기_관심사/구매의도_대용량 소구,4645454,세탁기_트래픽_구독 페스티벌,1628465,2026.10.02.,네이버 퍼포먼스 네트워크 > 서비스 통합,45세 ~ 49세 남성,1462,1102,1326,10,146,0.91,0,0,0,0,0,0,0,0,0,0,0,0,0,0,0,0,0,0,0,0,0,0,0,0,0,0,0,0,0,0,0,0,0,0,0,0,0,0,0,0,0,0,0,0,0,0,0.00,0,0.00,0.00
세탁기_관심사/구매의도_대용량 소구,4645454,세탁기_트래픽_구독 페스티벌,1628465,2026.10.02.,네이버 퍼포먼스 네트워크 > 서비스 통합,50세 ~ 54세 남성,649,1294,501,5,130,0.39,0,0,0,0,0,0,0,0,0,0,0,0,0,0,0,0,0,0,0,0,0,0,0,0,0,0,0,0,0,0,0,0,0,0,0,0,0,0,0,0,0,0,0,0,0,0,0.00,0,0.00,0.00
세탁기_관심사/구매의도_대용량 소구,4645454,세탁기_트래픽_구독 페스티벌,1628465,2026.10.02.,네이버 퍼포먼스 네트워크 > 서비스 통합,55세 ~ 59세 남성,429,1504,285,4,107,0.27,0,0,0,0,0,0,0,0,0,0,0,0,0,0,0,0,0,0,0,0,0,0,0,0,0,0,0,0,0,0,0,0,0,0,0,0,0,0,0,0,0,0,0,0,0,0,0.00,0,0.00,0.00
세탁기_관심사/구매의도_대용량 소구,4645454,세탁기_트래픽_구독 페스티벌,1628465,2026.10.02.,네이버 퍼포먼스 네트워크 > 서비스 통합,60세 ~ 99세 남성,3763,6566,573,30,125,0.46,0,0,0,0,0,0,0,0,0,0,0,0,0,0,0,0,0,0,0,0,0,0,0,0,0,0,0,0,0,0,0,0,0,0,0,0,0,0,0,0,0,0,0,0,0,0,0.00,0,0.00,0.00
세탁기_관심사/구매의도_대용량 소구,4645454,세탁기_트래픽_구독 페스티벌,1628465,2026.10.02.,네이버 퍼포먼스 네트워크 > 서비스 통합,연령 알 수 없음 남성,405,4157,97,3,135,0.07,0,0,0,0,0,0,0,0,0,0,0,0,0,0,0,0,0,0,0,0,0,0,0,0,0,0,0,0,0,0,0,0,0,0,0,0,0,0,0,0,0,0,0,0,0,0,0.00,0,0.00,0.00
세탁기_관심사/구매의도_대용량 소구,4645454,세탁기_트래픽_구독 페스티벌,1628465,2026.10.02.,네이버 퍼포먼스 네트워크 > 서비스 통합,14세 ~ 18세 성별 알 수 없음,0,74,0,0,0,0.00,0,0,0,0,0,0,0,0,0,0,0,0,0,0,0,0,0,0,0,0,0,0,0,0,0,0,0,0,0,0,0,0,0,0,0,0,0,0,0,0,0,0,0,0,0,0,0.00,0,0.00,0.00
세탁기_관심사/구매의도_대용량 소구,4645454,세탁기_트래픽_구독 페스티벌,1628465,2026.10.02.,네이버 퍼포먼스 네트워크 > 서비스 통합,19세 ~ 24세 성별 알 수 없음,0,90,0,0,0,0.00,0,0,0,0,0,0,0,0,0,0,0,0,0,0,0,0,0,0,0,0,0,0,0,0,0,0,0,0,0,0,0,0,0,0,0,0,0,0,0,0,0,0,0,0,0,0,0.00,0,0.00,0.00
세탁기_관심사/구매의도_대용량 소구,4645454,세탁기_트래픽_구독 페스티벌,1628465,2026.10.02.,네이버 퍼포먼스 네트워크 > 서비스 통합,25세 ~ 29세 성별 알 수 없음,0,89,0,0,0,0.00,0,0,0,0,0,0,0,0,0,0,0,0,0,0,0,0,0,0,0,0,0,0,0,0,0,0,0,0,0,0,0,0,0,0,0,0,0,0,0,0,0,0,0,0,0,0,0.00,0,0.00,0.00
세탁기_관심사/구매의도_대용량 소구,4645454,세탁기_트래픽_구독 페스티벌,1628465,2026.10.02.,네이버 퍼포먼스 네트워크 > 서비스 통합,30세 ~ 34세 성별 알 수 없음,0,114,0,0,0,0.00,0,0,0,0,0,0,0,0,0,0,0,0,0,0,0,0,0,0,0,0,0,0,0,0,0,0,0,0,0,0,0,0,0,0,0,0,0,0,0,0,0,0,0,0,0,0,0.00,0,0.00,0.00
세탁기_관심사/구매의도_대용량 소구,4645454,세탁기_트래픽_구독 페스티벌,1628465,2026.10.02.,네이버 퍼포먼스 네트워크 > 서비스 통합,35세 ~ 39세 성별 알 수 없음,0,37,0,0,0,0.00,0,0,0,0,0,0,0,0,0,0,0,0,0,0,0,0,0,0,0,0,0,0,0,0,0,0,0,0,0,0,0,0,0,0,0,0,0,0,0,0,0,0,0,0,0,0,0.00,0,0.00,0.00
세탁기_관심사/구매의도_대용량 소구,4645454,세탁기_트래픽_구독 페스티벌,1628465,2026.10.02.,네이버 퍼포먼스 네트워크 > 서비스 통합,40세 ~ 44세 성별 알 수 없음,0,31,0,0,0,0.00,0,0,0,0,0,0,0,0,0,0,0,0,0,0,0,0,0,0,0,0,0,0,0,0,0,0,0,0,0,0,0,0,0,0,0,0,0,0,0,0,0,0,0,0,0,0,0.00,0,0.00,0.00
세탁기_관심사/구매의도_대용량 소구,4645454,세탁기_트래픽_구독 페스티벌,1628465,2026.10.02.,네이버 퍼포먼스 네트워크 > 서비스 통합,45세 ~ 49세 성별 알 수 없음,0,15,0,0,0,0.00,0,0,0,0,0,0,0,0,0,0,0,0,0,0,0,0,0,0,0,0,0,0,0,0,0,0,0,0,0,0,0,0,0,0,0,0,0,0,0,0,0,0,0,0,0,0,0.00,0,0.00,0.00
세탁기_관심사/구매의도_대용량 소구,4645454,세탁기_트래픽_구독 페스티벌,1628465,2026.10.02.,네이버 퍼포먼스 네트워크 > 서비스 통합,50세 ~ 54세 성별 알 수 없음,0,20,0,0,0,0.00,0,0,0,0,0,0,0,0,0,0,0,0,0,0,0,0,0,0,0,0,0,0,0,0,0,0,0,0,0,0,0,0,0,0,0,0,0,0,0,0,0,0,0,0,0,0,0.00,0,0.00,0.00
세탁기_관심사/구매의도_대용량 소구,4645454,세탁기_트래픽_구독 페스티벌,1628465,2026.10.02.,네이버 퍼포먼스 네트워크 > 서비스 통합,55세 ~ 59세 성별 알 수 없음,0,27,0,0,0,0.00,0,0,0,0,0,0,0,0,0,0,0,0,0,0,0,0,0,0,0,0,0,0,0,0,0,0,0,0,0,0,0,0,0,0,0,0,0,0,0,0,0,0,0,0,0,0,0.00,0,0.00,0.00
세탁기_관심사/구매의도_대용량 소구,4645454,세탁기_트래픽_구독 페스티벌,1628465,2026.10.02.,네이버 퍼포먼스 네트워크 > 서비스 통합,60세 ~ 99세 성별 알 수 없음,227,193,1178,2,114,1.04,0,0,0,0,0,0,0,0,0,0,0,0,0,0,0,0,0,0,0,0,0,0,0,0,0,0,0,0,0,0,0,0,0,0,0,0,0,0,0,0,0,0,0,0,0,0,0.00,0,0.00,0.00
세탁기_관심사/구매의도_대용량 소구,4645454,세탁기_트래픽_구독 페스티벌,1628465,2026.10.02.,네이버 퍼포먼스 네트워크 > 서비스 통합,알 수 없음,921,9099,101,9,102,0.10,0,0,0,0,0,0,0,0,0,0,0,0,0,0,0,0,0,0,0,0,0,0,0,0,0,0,0,0,0,0,0,0,0,0,0,0,0,0,0,0,0,0,0,0,0,0,0.00,0,0.00,0.00
세탁기_관심사/구매의도_대용량 소구,4645454,세탁기_트래픽_구독 페스티벌,1628465,2026.10.02.,네이버 퍼포먼스 네트워크 > 피드,14세 ~ 18세 여성,0,1,0,0,0,0.00,0,0,0,0,0,0,0,0,0,0,0,0,0,0,0,0,0,0,0,0,0,0,0,0,0,0,0,0,0,0,0,0,0,0,0,0,0,0,0,0,0,0,0,0,0,0,0.00,0,0.00,0.00
세탁기_관심사/구매의도_대용량 소구,4645454,세탁기_트래픽_구독 페스티벌,1628465,2026.10.02.,네이버 퍼포먼스 네트워크 > 피드,19세 ~ 24세 여성,0,4,0,0,0,0.00,0,0,0,0,0,0,0,0,0,0,0,0,0,0,0,0,0,0,0,0,0,0,0,0,0,0,0,0,0,0,0,0,0,0,0,0,0,0,0,0,0,0,0,0,0,0,0.00,0,0.00,0.00
세탁기_관심사/구매의도_대용량 소구,4645454,세탁기_트래픽_구독 페스티벌,1628465,2026.10.02.,네이버 퍼포먼스 네트워크 > 피드,45세 ~ 49세 여성,0,6,0,0,0,0.00,0,0,0,0,0,0,0,0,0,0,0,0,0,0,0,0,0,0,0,0,0,0,0,0,0,0,0,0,0,0,0,0,0,0,0,0,0,0,0,0,0,0,0,0,0,0,0.00,0,0.00,0.00
세탁기_관심사/구매의도_대용량 소구,4645454,세탁기_트래픽_구독 페스티벌,1628465,2026.10.02.,네이버 퍼포먼스 네트워크 > 피드,50세 ~ 54세 여성,0,7,0,0,0,0.00,0,0,0,0,0,0,0,0,0,0,0,0,0,0,0,0,0,0,0,0,0,0,0,0,0,0,0,0,0,0,0,0,0,0,0,0,0,0,0,0,0,0,0,0,0,0,0.00,0,0.00,0.00
세탁기_관심사/구매의도_대용량 소구,4645454,세탁기_트래픽_구독 페스티벌,1628465,2026.10.02.,네이버 퍼포먼스 네트워크 > 피드,55세 ~ 59세 여성,0,4,0,0,0,0.00,0,0,0,0,0,0,0,0,0,0,0,0,0,0,0,0,0,0,0,0,0,0,0,0,0,0,0,0,0,0,0,0,0,0,0,0,0,0,0,0,0,0,0,0,0,0,0.00,0,0.00,0.00
세탁기_관심사/구매의도_대용량 소구,4645454,세탁기_트래픽_구독 페스티벌,1628465,2026.10.02.,네이버 퍼포먼스 네트워크 > 피드,60세 ~ 99세 여성,0,46,0,0,0,0.00,0,0,0,0,0,0,0,0,0,0,0,0,0,0,0,0,0,0,0,0,0,0,0,0,0,0,0,0,0,0,0,0,0,0,0,0,0,0,0,0,0,0,0,0,0,0,0.00,0,0.00,0.00
세탁기_관심사/구매의도_대용량 소구,4645454,세탁기_트래픽_구독 페스티벌,1628465,2026.10.02.,네이버 퍼포먼스 네트워크 > 피드,14세 ~ 18세 남성,0,1,0,0,0,0.00,0,0,0,0,0,0,0,0,0,0,0,0,0,0,0,0,0,0,0,0,0,0,0,0,0,0,0,0,0,0,0,0,0,0,0,0,0,0,0,0,0,0,0,0,0,0,0.00,0,0.00,0.00
세탁기_관심사/구매의도_대용량 소구,4645454,세탁기_트래픽_구독 페스티벌,1628465,2026.10.02.,네이버 퍼포먼스 네트워크 > 피드,40세 ~ 44세 남성,0,1,0,0,0,0.00,0,0,0,0,0,0,0,0,0,0,0,0,0,0,0,0,0,0,0,0,0,0,0,0,0,0,0,0,0,0,0,0,0,0,0,0,0,0,0,0,0,0,0,0,0,0,0.00,0,0.00,0.00
세탁기_관심사/구매의도_대용량 소구,4645454,세탁기_트래픽_구독 페스티벌,1628465,2026.10.02.,네이버 퍼포먼스 네트워크 > 피드,45세 ~ 49세 남성,0,2,0,0,0,0.00,0,0,0,0,0,0,0,0,0,0,0,0,0,0,0,0,0,0,0,0,0,0,0,0,0,0,0,0,0,0,0,0,0,0,0,0,0,0,0,0,0,0,0,0,0,0,0.00,0,0.00,0.00
세탁기_관심사/구매의도_대용량 소구,4645454,세탁기_트래픽_구독 페스티벌,1628465,2026.10.02.,네이버 퍼포먼스 네트워크 > 피드,50세 ~ 54세 남성,0,4,0,0,0,0.00,0,0,0,0,0,0,0,0,0,0,0,0,0,0,0,0,0,0,0,0,0,0,0,0,0,0,0,0,0,0,0,0,0,0,0,0,0,0,0,0,0,0,0,0,0,0,0.00,0,0.00,0.00
세탁기_관심사/구매의도_대용량 소구,4645454,세탁기_트래픽_구독 페스티벌,1628465,2026.10.02.,네이버 퍼포먼스 네트워크 > 피드,55세 ~ 59세 남성,0,1,0,0,0,0.00,0,0,0,0,0,0,0,0,0,0,0,0,0,0,0,0,0,0,0,0,0,0,0,0,0,0,0,0,0,0,0,0,0,0,0,0,0,0,0,0,0,0,0,0,0,0,0.00,0,0.00,0.00
세탁기_관심사/구매의도_대용량 소구,4645454,세탁기_트래픽_구독 페스티벌,1628465,2026.10.02.,네이버 퍼포먼스 네트워크 > 피드,60세 ~ 99세 남성,0,40,0,0,0,0.00,0,0,0,0,0,0,0,0,0,0,0,0,0,0,0,0,0,0,0,0,0,0,0,0,0,0,0,0,0,0,0,0,0,0,0,0,0,0,0,0,0,0,0,0,0,0,0.00,0,0.00,0.00
세탁기_관심사/구매의도_대용량 소구,4645454,세탁기_트래픽_구독 페스티벌,1628465,2026.10.02.,네이버 퍼포먼스 네트워크 > 피드,알 수 없음,0,1,0,0,0,0.00,0,0,0,0,0,0,0,0,0,0,0,0,0,0,0,0,0,0,0,0,0,0,0,0,0,0,0,0,0,0,0,0,0,0,0,0,0,0,0,0,0,0,0,0,0,0,0.00,0,0.00,0.00
세탁기_맞춤타겟_신혼부부,4640765,세탁기_트래픽_구독 페스티벌,1628465,2026.10.07.,네이버+ > 피드,30세 ~ 34세 여성,4411,769,5736,5,882,0.65,0,0,0,0,0,0,0,0,0,0,0,0,0,0,0,0,0,0,0,0,0,0,0,0,0,0,0,0,0,0,0,0,0,0,0,0,0,0,0,0,0,0,0,0,0,0,0.00,0,0.00,0.00
세탁기_맞춤타겟_신혼부부,4640765,세탁기_트래픽_구독 페스티벌,1628465,2026.10.07.,네이버+ > 피드,35세 ~ 39세 여성,1514,340,4452,2,757,0.59,0,0,0,0,0,0,0,0,0,0,0,0,0,0,0,0,0,0,0,0,0,0,0,0,0,0,0,0,0,0,0,0,0,0,0,0,0,0,0,0,0,0,0,0,0,0,0.00,0,0.00,0.00
세탁기_맞춤타겟_신혼부부,4640765,세탁기_트래픽_구독 페스티벌,1628465,2026.10.07.,네이버+ > 피드,40세 ~ 44세 여성,0,275,0,0,0,0.00,0,0,0,0,0,0,0,0,0,0,0,0,0,0,0,0,0,0,0,0,0,0,0,0,0,0,0,0,0,0,0,0,0,0,0,0,0,0,0,0,0,0,0,0,0,0,0.00,0,0.00,0.00
세탁기_맞춤타겟_신혼부부,4640765,세탁기_트래픽_구독 페스티벌,1628465,2026.10.07.,네이버+ > 피드,45세 ~ 49세 여성,775,235,3297,1,775,0.43,0,0,0,0,0,0,0,0,0,0,0,0,0,0,0,0,0,0,0,0,0,0,0,0,0,0,0,0,0,0,0,0,0,0,0,0,0,0,0,0,0,0,0,0,0,0,0.00,0,0.00,0.00
세탁기_맞춤타겟_신혼부부,4640765,세탁기_트래픽_구독 페스티벌,1628465,2026.10.07.,네이버+ > 피드,"연령 알 수 없음 여성 ",0,1,0,0,0,0.00,0,0,0,0,0,0,0,0,0,0,0,0,0,0,0,0,0,0,0,0,0,0,0,0,0,0,0,0,0,0,0,0,0,0,0,0,0,0,0,0,0,0,0,0,0,0,0.00,0,0.00,0.00
세탁기_맞춤타겟_신혼부부,4640765,세탁기_트래픽_구독 페스티벌,1628465,2026.10.07.,네이버+ > 피드,30세 ~ 34세 남성,3629,403,9004,4,907,0.99,0,0,0,0,0,0,0,0,0,0,0,0,0,0,0,0,0,0,0,0,0,0,0,0,0,0,0,0,0,0,0,0,0,0,0,0,0,0,0,0,0,0,0,0,0,0,0.00,0,0.00,0.00
세탁기_맞춤타겟_신혼부부,4640765,세탁기_트래픽_구독 페스티벌,1628465,2026.10.07.,네이버+ > 피드,35세 ~ 39세 남성,1572,345,4556,3,524,0.87,0,0,0,0,0,0,0,0,0,0,0,0,0,0,0,0,0,0,0,0,0,0,0,0,0,0,0,0,0,0,0,0,0,0,0,0,0,0,0,0,0,0,0,0,0,0,0.00,0,0.00,0.00
세탁기_맞춤타겟_신혼부부,4640765,세탁기_트래픽_구독 페스티벌,1628465,2026.10.07.,네이버+ > 피드,40세 ~ 44세 남성,1769,305,5799,3,590,0.98,0,0,0,0,0,0,0,0,0,0,0,0,0,0,0,0,0,0,0,0,0,0,0,0,0,0,0,0,0,0,0,0,0,0,0,0,0,0,0,0,0,0,0,0,0,0,0.00,0,0.00,0.00
세탁기_맞춤타겟_신혼부부,4640765,세탁기_트래픽_구독 페스티벌,1628465,2026.10.07.,네이버+ > 피드,45세 ~ 49세 남성,2332,333,7002,3,777,0.90,0,0,0,0,0,0,0,0,0,0,0,0,0,0,0,0,0,0,0,0,0,0,0,0,0,0,0,0,0,0,0,0,0,0,0,0,0,0,0,0,0,0,0,0,0,0,0.00,0,0.00,0.00
세탁기_맞춤타겟_신혼부부,4640765,세탁기_트래픽_구독 페스티벌,1628465,2026.10.07.,네이버+ > 피드,연령 알 수 없음 남성,0,1,0,0,0,0.00,0,0,0,0,0,0,0,0,0,0,0,0,0,0,0,0,0,0,0,0,0,0,0,0,0,0,0,0,0,0,0,0,0,0,0,0,0,0,0,0,0,0,0,0,0,0,0.00,0,0.00,0.00
세탁기_맞춤타겟_신혼부부,4640765,세탁기_트래픽_구독 페스티벌,1628465,2026.10.07.,네이버+ > 피드,알 수 없음,0,17,0,0,0,0.00,0,0,0,0,0,0,0,0,0,0,0,0,0,0,0,0,0,0,0,0,0,0,0,0,0,0,0,0,0,0,0,0,0,0,0,0,0,0,0,0,0,0,0,0,0,0,0.00,0,0.00,0.00
세탁기_맞춤타겟_신혼부부,4640765,세탁기_트래픽_구독 페스티벌,1628465,2026.10.07.,네이버+ > 네이버 메인,30세 ~ 34세 여성,0,314,0,0,0,0.00,0,0,0,0,0,0,0,0,0,0,0,0,0,0,0,0,0,0,0,0,0,0,0,0,0,0,0,0,0,0,0,0,0,0,0,0,0,0,0,0,0,0,0,0,0,0,0.00,0,0.00,0.00
세탁기_맞춤타겟_신혼부부,4640765,세탁기_트래픽_구독 페스티벌,1628465,2026.10.07.,네이버+ > 네이버 메인,35세 ~ 39세 여성,0,129,0,0,0,0.00,0,0,0,0,0,0,0,0,0,0,0,0,0,0,0,0,0,0,0,0,0,0,0,0,0,0,0,0,0,0,0,0,0,0,0,0,0,0,0,0,0,0,0,0,0,0,0.00,0,0.00,0.00
세탁기_맞춤타겟_신혼부부,4640765,세탁기_트래픽_구독 페스티벌,1628465,2026.10.07.,네이버+ > 네이버 메인,40세 ~ 44세 여성,0,58,0,0,0,0.00,0,0,0,0,0,0,0,0,0,0,0,0,0,0,0,0,0,0,0,0,0,0,0,0,0,0,0,0,0,0,0,0,0,0,0,0,0,0,0,0,0,0,0,0,0,0,0.00,0,0.00,0.00
세탁기_맞춤타겟_신혼부부,4640765,세탁기_트래픽_구독 페스티벌,1628465,2026.10.07.,네이버+ > 네이버 메인,45세 ~ 49세 여성,0,76,0,0,0,0.00,0,0,0,0,0,0,0,0,0,0,0,0,0,0,0,0,0,0,0,0,0,0,0,0,0,0,0,0,0,0,0,0,0,0,0,0,0,0,0,0,0,0,0,0,0,0,0.00,0,0.00,0.00
세탁기_맞춤타겟_신혼부부,4640765,세탁기_트래픽_구독 페스티벌,1628465,2026.10.07.,네이버+ > 네이버 메인,30세 ~ 34세 남성,1102,822,1341,2,551,0.24,0,0,0,0,0,0,0,0,0,0,0,0,0,0,0,0,0,0,0,0,0,0,0,0,0,0,0,0,0,0,0,0,0,0,0,0,0,0,0,0,0,0,0,0,0,0,0.00,0,0.00,0.00
세탁기_맞춤타겟_신혼부부,4640765,세탁기_트래픽_구독 페스티벌,1628465,2026.10.07.,네이버+ > 네이버 메인,35세 ~ 39세 남성,0,484,0,0,0,0.00,0,0,0,0,0,0,0,0,0,0,0,0,0,0,0,0,0,0,0,0,0,0,0,0,0,0,0,0,0,0,0,0,0,0,0,0,0,0,0,0,0,0,0,0,0,0,0.00,0,0.00,0.00
세탁기_맞춤타겟_신혼부부,4640765,세탁기_트래픽_구독 페스티벌,1628465,2026.10.07.,네이버+ > 네이버 메인,40세 ~ 44세 남성,819,363,2257,1,819,0.28,0,0,0,0,0,0,0,0,0,0,0,0,0,0,0,0,0,0,0,0,0,0,0,0,0,0,0,0,0,0,0,0,0,0,0,0,0,0,0,0,0,0,0,0,0,0,0.00,0,0.00,0.00
세탁기_맞춤타겟_신혼부부,4640765,세탁기_트래픽_구독 페스티벌,1628465,2026.10.07.,네이버+ > 네이버 메인,45세 ~ 49세 남성,592,311,1904,1,592,0.32,0,0,0,0,0,0,0,0,0,0,0,0,0,0,0,0,0,0,0,0,0,0,0,0,0,0,0,0,0,0,0,0,0,0,0,0,0,0,0,0,0,0,0,0,0,0,0.00,0,0.00,0.00
세탁기_맞춤타겟_신혼부부,4640765,세탁기_트래픽_구독 페스티벌,1628465,2026.10.07.,네이버+ > 네이버 메인,30세 ~ 34세 성별 알 수 없음,0,1,0,0,0,0.00,0,0,0,0,0,0,0,0,0,0,0,0,0,0,0,0,0,0,0,0,0,0,0,0,0,0,0,0,0,0,0,0,0,0,0,0,0,0,0,0,0,0,0,0,0,0,0.00,0,0.00,0.00
세탁기_맞춤타겟_신혼부부,4640765,세탁기_트래픽_구독 페스티벌,1628465,2026.10.07.,네이버+ > 네이버 메인,40세 ~ 44세 성별 알 수 없음,0,1,0,0,0,0.00,0,0,0,0,0,0,0,0,0,0,0,0,0,0,0,0,0,0,0,0,0,0,0,0,0,0,0,0,0,0,0,0,0,0,0,0,0,0,0,0,0,0,0,0,0,0,0.00,0,0.00,0.00
세탁기_맞춤타겟_신혼부부,4640765,세탁기_트래픽_구독 페스티벌,1628465,2026.10.07.,네이버+ > 네이버 메인,알 수 없음,0,379,0,0,0,0.00,0,0,0,0,0,0,0,0,0,0,0,0,0,0,0,0,0,0,0,0,0,0,0,0,0,0,0,0,0,0,0,0,0,0,0,0,0,0,0,0,0,0,0,0,0,0,0.00,0,0.00,0.00
세탁기_맞춤타겟_신혼부부,4640765,세탁기_트래픽_구독 페스티벌,1628465,2026.10.07.,네이버+ > 서비스 통합,30세 ~ 34세 여성,1269,2232,569,2,635,0.09,0,0,0,0,0,0,0,0,0,0,0,0,0,0,0,0,0,0,0,0,0,0,0,0,0,0,0,0,0,0,0,0,0,0,0,0,0,0,0,0,0,0,0,0,0,0,0.00,0,0.00,0.00
세탁기_맞춤타겟_신혼부부,4640765,세탁기_트래픽_구독 페스티벌,1628465,2026.10.07.,네이버+ > 서비스 통합,35세 ~ 39세 여성,2796,1142,2448,5,559,0.44,0,0,0,0,0,0,0,0,0,0,0,0,0,0,0,0,0,0,0,0,0,0,0,0,0,0,0,0,0,0,0,0,0,0,0,0,0,0,0,0,0,0,0,0,0,0,0.00,0,0.00,0.00
세탁기_맞춤타겟_신혼부부,4640765,세탁기_트래픽_구독 페스티벌,1628465,2026.10.07.,네이버+ > 서비스 통합,40세 ~ 44세 여성,2784,959,2903,4,696,0.42,0,0,0,0,0,0,0,0,0,0,0,0,0,0,0,0,0,0,0,0,0,0,0,0,0,0,0,0,0,0,0,0,0,0,0,0,0,0,0,0,0,0,0,0,0,0,0.00,0,0.00,0.00
세탁기_맞춤타겟_신혼부부,4640765,세탁기_트래픽_구독 페스티벌,1628465,2026.10.07.,네이버+ > 서비스 통합,45세 ~ 49세 여성,3053,889,3434,4,763,0.45,0,0,0,0,0,0,0,0,0,0,0,0,0,0,0,0,0,0,0,0,0,0,0,0,0,0,0,0,0,0,0,0,0,0,0,0,0,0,0,0,0,0,0,0,0,0,0.00,0,0.00,0.00
세탁기_맞춤타겟_신혼부부,4640765,세탁기_트래픽_구독 페스티벌,1628465,2026.10.07.,네이버+ > 서비스 통합,30세 ~ 34세 남성,1489,2497,596,3,496,0.12,0,0,0,0,0,0,0,0,0,0,0,0,0,0,0,0,0,0,0,0,0,0,0,0,0,0,0,0,0,0,0,0,0,0,0,0,0,0,0,0,0,0,0,0,0,0,0.00,0,0.00,0.00
세탁기_맞춤타겟_신혼부부,4640765,세탁기_트래픽_구독 페스티벌,1628465,2026.10.07.,네이버+ > 서비스 통합,35세 ~ 39세 남성,5353,1862,2875,8,669,0.43,0,0,0,0,0,0,0,0,0,0,0,0,0,0,0,0,0,0,0,0,0,0,0,0,0,0,0,0,0,0,0,0,0,0,0,0,0,0,0,0,0,0,0,0,0,0,0.00,0,0.00,0.00
세탁기_맞춤타겟_신혼부부,4640765,세탁기_트래픽_구독 페스티벌,1628465,2026.10.07.,네이버+ > 서비스 통합,40세 ~ 44세 남성,1275,1400,911,2,638,0.14,0,0,0,0,0,0,0,0,0,0,0,0,0,0,0,0,0,0,0,0,0,0,0,0,0,0,0,0,0,0,0,0,0,0,0,0,0,0,0,0,0,0,0,0,0,0,0.00,0,0.00,0.00
세탁기_맞춤타겟_신혼부부,4640765,세탁기_트래픽_구독 페스티벌,1628465,2026.10.07.,네이버+ > 서비스 통합,45세 ~ 49세 남성,637,1181,539,1,637,0.08,0,0,0,0,0,0,0,0,0,0,0,0,0,0,0,0,0,0,0,0,0,0,0,0,0,0,0,0,0,0,0,0,0,0,0,0,0,0,0,0,0,0,0,0,0,0,0.00,0,0.00,0.00
세탁기_맞춤타겟_신혼부부,4640765,세탁기_트래픽_구독 페스티벌,1628465,2026.10.07.,네이버+ > 서비스 통합,35세 ~ 39세 성별 알 수 없음,0,3,0,0,0,0.00,0,0,0,0,0,0,0,0,0,0,0,0,0,0,0,0,0,0,0,0,0,0,0,0,0,0,0,0,0,0,0,0,0,0,0,0,0,0,0,0,0,0,0,0,0,0,0.00,0,0.00,0.00
세탁기_맞춤타겟_신혼부부,4640765,세탁기_트래픽_구독 페스티벌,1628465,2026.10.07.,네이버+ > 서비스 통합,40세 ~ 44세 성별 알 수 없음,0,1,0,0,0,0.00,0,0,0,0,0,0,0,0,0,0,0,0,0,0,0,0,0,0,0,0,0,0,0,0,0,0,0,0,0,0,0,0,0,0,0,0,0,0,0,0,0,0,0,0,0,0,0.00,0,0.00,0.00
세탁기_맞춤타겟_신혼부부,4640765,세탁기_트래픽_구독 페스티벌,1628465,2026.10.07.,네이버+ > 서비스 통합,45세 ~ 49세 성별 알 수 없음,0,2,0,0,0,0.00,0,0,0,0,0,0,0,0,0,0,0,0,0,0,0,0,0,0,0,0,0,0,0,0,0,0,0,0,0,0,0,0,0,0,0,0,0,0,0,0,0,0,0,0,0,0,0.00,0,0.00,0.00
세탁기_맞춤타겟_신혼부부,4640765,세탁기_트래픽_구독 페스티벌,1628465,2026.10.07.,네이버+ > 서비스 통합,알 수 없음,0,698,0,0,0,0.00,0,0,0,0,0,0,0,0,0,0,0,0,0,0,0,0,0,0,0,0,0,0,0,0,0,0,0,0,0,0,0,0,0,0,0,0,0,0,0,0,0,0,0,0,0,0,0.00,0,0.00,0.00
세탁기_맞춤타겟_신혼부부,4640765,세탁기_트래픽_구독 페스티벌,1628465,2026.10.06.,네이버+ > 피드,30세 ~ 34세 여성,1703,938,1816,2,852,0.21,0,0,0,0,0,0,0,0,0,0,0,0,0,0,0,0,0,0,0,0,0,0,0,0,0,0,0,0,0,0,0,0,0,0,0,0,0,0,0,0,0,0,0,0,0,0,0.00,0,0.00,0.00
세탁기_맞춤타겟_신혼부부,4640765,세탁기_트래픽_구독 페스티벌,1628465,2026.10.06.,네이버+ > 피드,35세 ~ 39세 여성,1919,441,4352,3,640,0.68,0,0,0,0,0,0,0,0,0,0,0,0,0,0,0,0,0,0,0,0,0,0,0,0,0,0,0,0,0,0,0,0,0,0,0,0,0,0,0,0,0,0,0,0,0,0,0.00,0,0.00,0.00
세탁기_맞춤타겟_신혼부부,4640765,세탁기_트래픽_구독 페스티벌,1628465,2026.10.06.,네이버+ > 피드,40세 ~ 44세 여성,1069,337,3173,1,1069,0.30,0,0,0,0,0,0,0,0,0,0,0,0,0,0,0,0,0,0,0,0,0,0,0,0,0,0,0,0,0,0,0,0,0,0,0,0,0,0,0,0,0,0,0,0,0,0,0.00,0,0.00,0.00
세탁기_맞춤타겟_신혼부부,4640765,세탁기_트래픽_구독 페스티벌,1628465,2026.10.06.,네이버+ > 피드,45세 ~ 49세 여성,3565,298,11964,5,713,1.68,0,0,0,0,0,0,0,0,0,0,0,0,0,0,0,0,0,0,0,0,0,0,0,0,0,0,0,0,0,0,0,0,0,0,0,0,0,0,0,0,0,0,0,0,0,0,0.00,0,0.00,0.00
세탁기_맞춤타겟_신혼부부,4640765,세탁기_트래픽_구독 페스티벌,1628465,2026.10.06.,네이버+ > 피드,30세 ~ 34세 남성,5214,547,9531,6,869,1.10,0,0,0,0,0,0,0,0,0,0,0,0,0,0,0,0,0,0,0,0,0,0,0,0,0,0,0,0,0,0,0,0,0,0,0,0,0,0,0,0,0,0,0,0,0,0,0.00,0,0.00,0.00
세탁기_맞춤타겟_신혼부부,4640765,세탁기_트래픽_구독 페스티벌,1628465,2026.10.06.,네이버+ > 피드,35세 ~ 39세 남성,4301,425,10119,5,860,1.18,0,0,0,0,0,0,0,0,0,0,0,0,0,0,0,0,0,0,0,0,0,0,0,0,0,0,0,0,0,0,0,0,0,0,0,0,0,0,0,0,0,0,0,0,0,0,0.00,0,0.00,0.00
세탁기_맞춤타겟_신혼부부,4640765,세탁기_트래픽_구독 페스티벌,1628465,2026.10.06.,네이버+ > 피드,40세 ~ 44세 남성,4156,386,10766,5,831,1.30,0,0,0,0,0,0,0,0,0,0,0,0,0,0,0,0,0,0,0,0,0,0,0,0,0,0,0,0,0,0,0,0,0,0,0,0,0,0,0,0,0,0,0,0,0,0,0.00,0,0.00,0.00
세탁기_맞춤타겟_신혼부부,4640765,세탁기_트래픽_구독 페스티벌,1628465,2026.10.06.,네이버+ > 피드,45세 ~ 49세 남성,2626,311,8443,3,875,0.96,0,0,0,0,0,0,0,0,0,0,0,0,0,0,0,0,0,0,0,0,0,0,0,0,0,0,0,0,0,0,0,0,0,0,0,0,0,0,0,0,0,0,0,0,0,0,0.00,0,0.00,0.00
세탁기_맞춤타겟_신혼부부,4640765,세탁기_트래픽_구독 페스티벌,1628465,2026.10.06.,네이버+ > 피드,알 수 없음,0,8,0,0,0,0.00,0,0,0,0,0,0,0,0,0,0,0,0,0,0,0,0,0,0,0,0,0,0,0,0,0,0,0,0,0,0,0,0,0,0,0,0,0,0,0,0,0,0,0,0,0,0,0.00,0,0.00,0.00
세탁기_맞춤타겟_신혼부부,4640765,세탁기_트래픽_구독 페스티벌,1628465,2026.10.06.,네이버+ > 네이버 메인,30세 ~ 34세 여성,891,600,1484,1,891,0.17,0,0,0,0,0,0,0,0,0,0,0,0,0,0,0,0,0,0,0,0,0,0,0,0,0,0,0,0,0,0,0,0,0,0,0,0,0,0,0,0,0,0,0,0,0,0,0.00,0,0.00,0.00
세탁기_맞춤타겟_신혼부부,4640765,세탁기_트래픽_구독 페스티벌,1628465,2026.10.06.,네이버+ > 네이버 메인,35세 ~ 39세 여성,0,218,0,0,0,0.00,0,0,0,0,0,0,0,0,0,0,0,0,0,0,0,0,0,0,0,0,0,0,0,0,0,0,0,0,0,0,0,0,0,0,0,0,0,0,0,0,0,0,0,0,0,0,0.00,0,0.00,0.00
세탁기_맞춤타겟_신혼부부,4640765,세탁기_트래픽_구독 페스티벌,1628465,2026.10.06.,네이버+ > 네이버 메인,40세 ~ 44세 여성,0,72,0,0,0,0.00,0,0,0,0,0,0,0,0,0,0,0,0,0,0,0,0,0,0,0,0,0,0,0,0,0,0,0,0,0,0,0,0,0,0,0,0,0,0,0,0,0,0,0,0,0,0,0.00,0,0.00,0.00
세탁기_맞춤타겟_신혼부부,4640765,세탁기_트래픽_구독 페스티벌,1628465,2026.10.06.,네이버+ > 네이버 메인,45세 ~ 49세 여성,0,60,0,0,0,0.00,0,0,0,0,0,0,0,0,0,0,0,0,0,0,0,0,0,0,0,0,0,0,0,0,0,0,0,0,0,0,0,0,0,0,0,0,0,0,0,0,0,0,0,0,0,0,0.00,0,0.00,0.00
세탁기_맞춤타겟_신혼부부,4640765,세탁기_트래픽_구독 페스티벌,1628465,2026.10.06.,네이버+ > 네이버 메인,30세 ~ 34세 남성,804,1007,798,1,804,0.10,0,0,0,0,0,0,0,0,0,0,0,0,0,0,0,0,0,0,0,0,0,0,0,0,0,0,0,0,0,0,0,0,0,0,0,0,0,0,0,0,0,0,0,0,0,0,0.00,0,0.00,0.00
세탁기_맞춤타겟_신혼부부,4640765,세탁기_트래픽_구독 페스티벌,1628465,2026.10.06.,네이버+ > 네이버 메인,35세 ~ 39세 남성,0,582,0,0,0,0.00,0,0,0,0,0,0,0,0,0,0,0,0,0,0,0,0,0,0,0,0,0,0,0,0,0,0,0,0,0,0,0,0,0,0,0,0,0,0,0,0,0,0,0,0,0,0,0.00,0,0.00,0.00
세탁기_맞춤타겟_신혼부부,4640765,세탁기_트래픽_구독 페스티벌,1628465,2026.10.06.,네이버+ > 네이버 메인,40세 ~ 44세 남성,557,317,1757,1,557,0.32,0,0,0,0,0,0,0,0,0,0,0,0,0,0,0,0,0,0,0,0,0,0,0,0,0,0,0,0,0,0,0,0,0,0,0,0,0,0,0,0,0,0,0,0,0,0,0.00,0,0.00,0.00
세탁기_맞춤타겟_신혼부부,4640765,세탁기_트래픽_구독 페스티벌,1628465,2026.10.06.,네이버+ > 네이버 메인,45세 ~ 49세 남성,0,184,0,0,0,0.00,0,0,0,0,0,0,0,0,0,0,0,0,0,0,0,0,0,0,0,0,0,0,0,0,0,0,0,0,0,0,0,0,0,0,0,0,0,0,0,0,0,0,0,0,0,0,0.00,0,0.00,0.00
세탁기_맞춤타겟_신혼부부,4640765,세탁기_트래픽_구독 페스티벌,1628465,2026.10.06.,네이버+ > 네이버 메인,알 수 없음,649,346,1875,1,649,0.29,0,0,0,0,0,0,0,0,0,0,0,0,0,0,0,0,0,0,0,0,0,0,0,0,0,0,0,0,0,0,0,0,0,0,0,0,0,0,0,0,0,0,0,0,0,0,0.00,0,0.00,0.00
세탁기_맞춤타겟_신혼부부,4640765,세탁기_트래픽_구독 페스티벌,1628465,2026.10.06.,네이버+ > 서비스 통합,30세 ~ 34세 여성,3559,2006,1774,3,1186,0.15,0,0,0,0,0,0,0,0,0,0,0,0,0,0,0,0,0,0,0,0,0,0,0,0,0,0,0,0,0,0,0,0,0,0,0,0,0,0,0,0,0,0,0,0,0,0,0.00,0,0.00,0.00
세탁기_맞춤타겟_신혼부부,4640765,세탁기_트래픽_구독 페스티벌,1628465,2026.10.06.,네이버+ > 서비스 통합,35세 ~ 39세 여성,770,1043,738,1,770,0.10,0,0,0,0,0,0,0,0,0,0,0,0,0,0,0,0,0,0,0,0,0,0,0,0,0,0,0,0,0,0,0,0,0,0,0,0,0,0,0,0,0,0,0,0,0,0,0.00,0,0.00,0.00
세탁기_맞춤타겟_신혼부부,4640765,세탁기_트래픽_구독 페스티벌,1628465,2026.10.06.,네이버+ > 서비스 통합,40세 ~ 44세 여성,501,747,670,1,501,0.13,0,0,0,0,0,0,0,0,0,0,0,0,0,0,0,0,0,0,0,0,0,0,0,0,0,0,0,0,0,0,0,0,0,0,0,0,0,0,0,0,0,0,0,0,0,0,0.00,0,0.00,0.00
세탁기_맞춤타겟_신혼부부,4640765,세탁기_트래픽_구독 페스티벌,1628465,2026.10.06.,네이버+ > 서비스 통합,45세 ~ 49세 여성,0,670,0,0,0,0.00,0,0,0,0,0,0,0,0,0,0,0,0,0,0,0,0,0,0,0,0,0,0,0,0,0,0,0,0,0,0,0,0,0,0,0,0,0,0,0,0,0,0,0,0,0,0,0.00,0,0.00,0.00
세탁기_맞춤타겟_신혼부부,4640765,세탁기_트래픽_구독 페스티벌,1628465,2026.10.06.,네이버+ > 서비스 통합,30세 ~ 34세 남성,3376,2212,1526,5,675,0.23,0,0,0,0,0,0,0,0,0,0,0,0,0,0,0,0,0,0,0,0,0,0,0,0,0,0,0,0,0,0,0,0,0,0,0,0,0,0,0,0,0,0,0,0,0,0,0.00,0,0.00,0.00
세탁기_맞춤타겟_신혼부부,4640765,세탁기_트래픽_구독 페스티벌,1628465,2026.10.06.,네이버+ > 서비스 통합,35세 ~ 39세 남성,0,1669,0,0,0,0.00,0,0,0,0,0,0,0,0,0,0,0,0,0,0,0,0,0,0,0,0,0,0,0,0,0,0,0,0,0,0,0,0,0,0,0,0,0,0,0,0,0,0,0,0,0,0,0.00,0,0.00,0.00
세탁기_맞춤타겟_신혼부부,4640765,세탁기_트래픽_구독 페스티벌,1628465,2026.10.06.,네이버+ > 서비스 통합,40세 ~ 44세 남성,664,1042,637,1,664,0.10,0,0,0,0,0,0,0,0,0,0,0,0,0,0,0,0,0,0,0,0,0,0,0,0,0,0,0,0,0,0,0,0,0,0,0,0,0,0,0,0,0,0,0,0,0,0,0.00,0,0.00,0.00
세탁기_맞춤타겟_신혼부부,4640765,세탁기_트래픽_구독 페스티벌,1628465,2026.10.06.,네이버+ > 서비스 통합,45세 ~ 49세 남성,732,853,858,1,732,0.12,0,0,0,0,0,0,0,0,0,0,0,0,0,0,0,0,0,0,0,0,0,0,0,0,0,0,0,0,0,0,0,0,0,0,0,0,0,0,0,0,0,0,0,0,0,0,0.00,0,0.00,0.00
세탁기_맞춤타겟_신혼부부,4640765,세탁기_트래픽_구독 페스티벌,1628465,2026.10.06.,네이버+ > 서비스 통합,30세 ~ 34세 성별 알 수 없음,0,1,0,0,0,0.00,0,0,0,0,0,0,0,0,0,0,0,0,0,0,0,0,0,0,0,0,0,0,0,0,0,0,0,0,0,0,0,0,0,0,0,0,0,0,0,0,0,0,0,0,0,0,0.00,0,0.00,0.00
세탁기_맞춤타겟_신혼부부,4640765,세탁기_트래픽_구독 페스티벌,1628465,2026.10.06.,네이버+ > 서비스 통합,35세 ~ 39세 성별 알 수 없음,0,2,0,0,0,0.00,0,0,0,0,0,0,0,0,0,0,0,0,0,0,0,0,0,0,0,0,0,0,0,0,0,0,0,0,0,0,0,0,0,0,0,0,0,0,0,0,0,0,0,0,0,0,0.00,0,0.00,0.00
세탁기_맞춤타겟_신혼부부,4640765,세탁기_트래픽_구독 페스티벌,1628465,2026.10.06.,네이버+ > 서비스 통합,40세 ~ 44세 성별 알 수 없음,0,4,0,0,0,0.00,0,0,0,0,0,0,0,0,0,0,0,0,0,0,0,0,0,0,0,0,0,0,0,0,0,0,0,0,0,0,0,0,0,0,0,0,0,0,0,0,0,0,0,0,0,0,0.00,0,0.00,0.00
세탁기_맞춤타겟_신혼부부,4640765,세탁기_트래픽_구독 페스티벌,1628465,2026.10.06.,네이버+ > 서비스 통합,45세 ~ 49세 성별 알 수 없음,0,1,0,0,0,0.00,0,0,0,0,0,0,0,0,0,0,0,0,0,0,0,0,0,0,0,0,0,0,0,0,0,0,0,0,0,0,0,0,0,0,0,0,0,0,0,0,0,0,0,0,0,0,0.00,0,0.00,0.00
세탁기_맞춤타겟_신혼부부,4640765,세탁기_트래픽_구독 페스티벌,1628465,2026.10.06.,네이버+ > 서비스 통합,알 수 없음,1550,659,2352,3,517,0.46,0,0,0,0,0,0,0,0,0,0,0,0,0,0,0,0,0,0,0,0,0,0,0,0,0,0,0,0,0,0,0,0,0,0,0,0,0,0,0,0,0,0,0,0,0,0,0.00,0,0.00,0.00
세탁기_맞춤타겟_신혼부부,4640765,세탁기_트래픽_구독 페스티벌,1628465,2026.10.05.,네이버+ > 피드,30세 ~ 34세 여성,2350,2021,1163,3,783,0.15,0,0,0,0,0,0,0,0,0,0,0,0,0,0,0,0,0,0,0,0,0,0,0,0,0,0,0,0,0,0,0,0,0,0,0,0,0,0,0,0,0,0,0,0,0,0,0.00,0,0.00,0.00
세탁기_맞춤타겟_신혼부부,4640765,세탁기_트래픽_구독 페스티벌,1628465,2026.10.05.,네이버+ > 피드,35세 ~ 39세 여성,751,942,798,1,751,0.11,0,0,0,0,0,0,0,0,0,0,0,0,0,0,0,0,0,0,0,0,0,0,0,0,0,0,0,0,0,0,0,0,0,0,0,0,0,0,0,0,0,0,0,0,0,0,0.00,0,0.00,0.00
세탁기_맞춤타겟_신혼부부,4640765,세탁기_트래픽_구독 페스티벌,1628465,2026.10.05.,네이버+ > 피드,40세 ~ 44세 여성,1670,632,2642,1,1670,0.16,0,0,0,0,0,0,0,0,0,0,0,0,0,0,0,0,0,0,0,0,0,0,0,0,0,0,0,0,0,0,0,0,0,0,0,0,0,0,0,0,0,0,0,0,0,0,0.00,0,0.00,0.00
세탁기_맞춤타겟_신혼부부,4640765,세탁기_트래픽_구독 페스티벌,1628465,2026.10.05.,네이버+ > 피드,45세 ~ 49세 여성,3218,531,6060,4,804,0.75,0,0,0,0,0,0,0,0,0,0,0,0,0,0,0,0,0,0,0,0,0,0,0,0,0,0,0,0,0,0,0,0,0,0,0,0,0,0,0,0,0,0,0,0,0,0,0.00,0,0.00,0.00
세탁기_맞춤타겟_신혼부부,4640765,세탁기_트래픽_구독 페스티벌,1628465,2026.10.05.,네이버+ > 피드,"연령 알 수 없음 여성 ",0,2,0,0,0,0.00,0,0,0,0,0,0,0,0,0,0,0,0,0,0,0,0,0,0,0,0,0,0,0,0,0,0,0,0,0,0,0,0,0,0,0,0,0,0,0,0,0,0,0,0,0,0,0.00,0,0.00,0.00
세탁기_맞춤타겟_신혼부부,4640765,세탁기_트래픽_구독 페스티벌,1628465,2026.10.05.,네이버+ > 피드,30세 ~ 34세 남성,4304,1093,3938,6,717,0.55,0,0,0,0,0,0,0,0,0,0,0,0,0,0,0,0,0,0,0,0,0,0,0,0,0,0,0,0,0,0,0,0,0,0,0,0,0,0,0,0,0,0,0,0,0,0,0.00,0,0.00,0.00
세탁기_맞춤타겟_신혼부부,4640765,세탁기_트래픽_구독 페스티벌,1628465,2026.10.05.,네이버+ > 피드,35세 ~ 39세 남성,5725,800,7156,5,1145,0.63,0,0,0,0,0,0,0,0,0,0,0,0,0,0,0,0,0,0,0,0,0,0,0,0,0,0,0,0,0,0,0,0,0,0,0,0,0,0,0,0,0,0,0,0,0,0,0.00,0,0.00,0.00
세탁기_맞춤타겟_신혼부부,4640765,세탁기_트래픽_구독 페스티벌,1628465,2026.10.05.,네이버+ > 피드,40세 ~ 44세 남성,3385,643,5264,5,677,0.78,0,0,0,0,0,0,0,0,0,0,0,0,0,0,0,0,0,0,0,0,0,0,0,0,0,0,0,0,0,0,0,0,0,0,0,0,0,0,0,0,0,0,0,0,0,0,0.00,0,0.00,0.00
세탁기_맞춤타겟_신혼부부,4640765,세탁기_트래픽_구독 페스티벌,1628465,2026.10.05.,네이버+ > 피드,45세 ~ 49세 남성,1562,507,3081,2,781,0.39,0,0,0,0,0,0,0,0,0,0,0,0,0,0,0,0,0,0,0,0,0,0,0,0,0,0,0,0,0,0,0,0,0,0,0,0,0,0,0,0,0,0,0,0,0,0,0.00,0,0.00,0.00
세탁기_맞춤타겟_신혼부부,4640765,세탁기_트래픽_구독 페스티벌,1628465,2026.10.05.,네이버+ > 피드,연령 알 수 없음 남성,0,1,0,0,0,0.00,0,0,0,0,0,0,0,0,0,0,0,0,0,0,0,0,0,0,0,0,0,0,0,0,0,0,0,0,0,0,0,0,0,0,0,0,0,0,0,0,0,0,0,0,0,0,0.00,0,0.00,0.00
세탁기_맞춤타겟_신혼부부,4640765,세탁기_트래픽_구독 페스티벌,1628465,2026.10.05.,네이버+ > 피드,알 수 없음,0,19,0,0,0,0.00,0,0,0,0,0,0,0,0,0,0,0,0,0,0,0,0,0,0,0,0,0,0,0,0,0,0,0,0,0,0,0,0,0,0,0,0,0,0,0,0,0,0,0,0,0,0,0.00,0,0.00,0.00
세탁기_맞춤타겟_신혼부부,4640765,세탁기_트래픽_구독 페스티벌,1628465,2026.10.05.,네이버+ > 네이버 메인,30세 ~ 34세 여성,0,144,0,0,0,0.00,0,0,0,0,0,0,0,0,0,0,0,0,0,0,0,0,0,0,0,0,0,0,0,0,0,0,0,0,0,0,0,0,0,0,0,0,0,0,0,0,0,0,0,0,0,0,0.00,0,0.00,0.00
세탁기_맞춤타겟_신혼부부,4640765,세탁기_트래픽_구독 페스티벌,1628465,2026.10.05.,네이버+ > 네이버 메인,35세 ~ 39세 여성,0,46,0,0,0,0.00,0,0,0,0,0,0,0,0,0,0,0,0,0,0,0,0,0,0,0,0,0,0,0,0,0,0,0,0,0,0,0,0,0,0,0,0,0,0,0,0,0,0,0,0,0,0,0.00,0,0.00,0.00
세탁기_맞춤타겟_신혼부부,4640765,세탁기_트래픽_구독 페스티벌,1628465,2026.10.05.,네이버+ > 네이버 메인,40세 ~ 44세 여성,0,14,0,0,0,0.00,0,0,0,0,0,0,0,0,0,0,0,0,0,0,0,0,0,0,0,0,0,0,0,0,0,0,0,0,0,0,0,0,0,0,0,0,0,0,0,0,0,0,0,0,0,0,0.00,0,0.00,0.00
세탁기_맞춤타겟_신혼부부,4640765,세탁기_트래픽_구독 페스티벌,1628465,2026.10.05.,네이버+ > 네이버 메인,45세 ~ 49세 여성,0,22,0,0,0,0.00,0,0,0,0,0,0,0,0,0,0,0,0,0,0,0,0,0,0,0,0,0,0,0,0,0,0,0,0,0,0,0,0,0,0,0,0,0,0,0,0,0,0,0,0,0,0,0.00,0,0.00,0.00
세탁기_맞춤타겟_신혼부부,4640765,세탁기_트래픽_구독 페스티벌,1628465,2026.10.05.,네이버+ > 네이버 메인,30세 ~ 34세 남성,0,302,0,0,0,0.00,0,0,0,0,0,0,0,0,0,0,0,0,0,0,0,0,0,0,0,0,0,0,0,0,0,0,0,0,0,0,0,0,0,0,0,0,0,0,0,0,0,0,0,0,0,0,0.00,0,0.00,0.00
세탁기_맞춤타겟_신혼부부,4640765,세탁기_트래픽_구독 페스티벌,1628465,2026.10.05.,네이버+ > 네이버 메인,35세 ~ 39세 남성,0,176,0,0,0,0.00,0,0,0,0,0,0,0,0,0,0,0,0,0,0,0,0,0,0,0,0,0,0,0,0,0,0,0,0,0,0,0,0,0,0,0,0,0,0,0,0,0,0,0,0,0,0,0.00,0,0.00,0.00
세탁기_맞춤타겟_신혼부부,4640765,세탁기_트래픽_구독 페스티벌,1628465,2026.10.05.,네이버+ > 네이버 메인,40세 ~ 44세 남성,0,147,0,0,0,0.00,0,0,0,0,0,0,0,0,0,0,0,0,0,0,0,0,0,0,0,0,0,0,0,0,0,0,0,0,0,0,0,0,0,0,0,0,0,0,0,0,0,0,0,0,0,0,0.00,0,0.00,0.00
세탁기_맞춤타겟_신혼부부,4640765,세탁기_트래픽_구독 페스티벌,1628465,2026.10.05.,네이버+ > 네이버 메인,45세 ~ 49세 남성,0,117,0,0,0,0.00,0,0,0,0,0,0,0,0,0,0,0,0,0,0,0,0,0,0,0,0,0,0,0,0,0,0,0,0,0,0,0,0,0,0,0,0,0,0,0,0,0,0,0,0,0,0,0.00,0,0.00,0.00
세탁기_맞춤타겟_신혼부부,4640765,세탁기_트래픽_구독 페스티벌,1628465,2026.10.05.,네이버+ > 네이버 메인,알 수 없음,0,67,0,0,0,0.00,0,0,0,0,0,0,0,0,0,0,0,0,0,0,0,0,0,0,0,0,0,0,0,0,0,0,0,0,0,0,0,0,0,0,0,0,0,0,0,0,0,0,0,0,0,0,0.00,0,0.00,0.00
세탁기_맞춤타겟_신혼부부,4640765,세탁기_트래픽_구독 페스티벌,1628465,2026.10.05.,네이버+ > 서비스 통합,30세 ~ 34세 여성,1287,777,1656,1,1287,0.13,0,0,0,0,0,0,0,0,0,0,0,0,0,0,0,0,0,0,0,0,0,0,0,0,0,0,0,0,0,0,0,0,0,0,0,0,0,0,0,0,0,0,0,0,0,0,0.00,0,0.00,0.00
세탁기_맞춤타겟_신혼부부,4640765,세탁기_트래픽_구독 페스티벌,1628465,2026.10.05.,네이버+ > 서비스 통합,35세 ~ 39세 여성,864,427,2024,1,864,0.23,0,0,0,0,0,0,0,0,0,0,0,0,0,0,0,0,0,0,0,0,0,0,0,0,0,0,0,0,0,0,0,0,0,0,0,0,0,0,0,0,0,0,0,0,0,0,0.00,0,0.00,0.00
세탁기_맞춤타겟_신혼부부,4640765,세탁기_트래픽_구독 페스티벌,1628465,2026.10.05.,네이버+ > 서비스 통합,40세 ~ 44세 여성,1750,467,3747,2,875,0.43,0,0,0,0,0,0,0,0,0,0,0,0,0,0,0,0,0,0,0,0,0,0,0,0,0,0,0,0,0,0,0,0,0,0,0,0,0,0,0,0,0,0,0,0,0,0,0.00,0,0.00,0.00
세탁기_맞춤타겟_신혼부부,4640765,세탁기_트래픽_구독 페스티벌,1628465,2026.10.05.,네이버+ > 서비스 통합,45세 ~ 49세 여성,2166,462,4689,3,722,0.65,0,0,0,0,0,0,0,0,0,0,0,0,0,0,0,0,0,0,0,0,0,0,0,0,0,0,0,0,0,0,0,0,0,0,0,0,0,0,0,0,0,0,0,0,0,0,0.00,0,0.00,0.00
세탁기_맞춤타겟_신혼부부,4640765,세탁기_트래픽_구독 페스티벌,1628465,2026.10.05.,네이버+ > 서비스 통합,30세 ~ 34세 남성,0,1176,0,0,0,0.00,0,0,0,0,0,0,0,0,0,0,0,0,0,0,0,0,0,0,0,0,0,0,0,0,0,0,0,0,0,0,0,0,0,0,0,0,0,0,0,0,0,0,0,0,0,0,0.00,0,0.00,0.00
세탁기_맞춤타겟_신혼부부,4640765,세탁기_트래픽_구독 페스티벌,1628465,2026.10.05.,네이버+ > 서비스 통합,35세 ~ 39세 남성,1561,984,1587,2,781,0.20,0,0,0,0,0,0,0,0,0,0,0,0,0,0,0,0,0,0,0,0,0,0,0,0,0,0,0,0,0,0,0,0,0,0,0,0,0,0,0,0,0,0,0,0,0,0,0.00,0,0.00,0.00
세탁기_맞춤타겟_신혼부부,4640765,세탁기_트래픽_구독 페스티벌,1628465,2026.10.05.,네이버+ > 서비스 통합,40세 ~ 44세 남성,1154,824,1401,2,577,0.24,0,0,0,0,0,0,0,0,0,0,0,0,0,0,0,0,0,0,0,0,0,0,0,0,0,0,0,0,0,0,0,0,0,0,0,0,0,0,0,0,0,0,0,0,0,0,0.00,0,0.00,0.00
세탁기_맞춤타겟_신혼부부,4640765,세탁기_트래픽_구독 페스티벌,1628465,2026.10.05.,네이버+ > 서비스 통합,45세 ~ 49세 남성,3982,703,5665,4,996,0.57,0,0,0,0,0,0,0,0,0,0,0,0,0,0,0,0,0,0,0,0,0,0,0,0,0,0,0,0,0,0,0,0,0,0,0,0,0,0,0,0,0,0,0,0,0,0,0.00,0,0.00,0.00
세탁기_맞춤타겟_신혼부부,4640765,세탁기_트래픽_구독 페스티벌,1628465,2026.10.05.,네이버+ > 서비스 통합,30세 ~ 34세 성별 알 수 없음,0,1,0,0,0,0.00,0,0,0,0,0,0,0,0,0,0,0,0,0,0,0,0,0,0,0,0,0,0,0,0,0,0,0,0,0,0,0,0,0,0,0,0,0,0,0,0,0,0,0,0,0,0,0.00,0,0.00,0.00
세탁기_맞춤타겟_신혼부부,4640765,세탁기_트래픽_구독 페스티벌,1628465,2026.10.05.,네이버+ > 서비스 통합,알 수 없음,442,99,4460,1,442,1.01,0,0,0,0,0,0,0,0,0,0,0,0,0,0,0,0,0,0,0,0,0,0,0,0,0,0,0,0,0,0,0,0,0,0,0,0,0,0,0,0,0,0,0,0,0,0,0.00,0,0.00,0.00
세탁기_맞춤타겟_신혼부부,4640765,세탁기_트래픽_구독 페스티벌,1628465,2026.10.04.,네이버+ > 피드,30세 ~ 34세 여성,6418,1280,5014,7,917,0.55,0,0,0,0,0,0,0,0,0,0,0,0,0,0,0,0,0,0,0,0,0,0,0,0,0,0,0,0,0,0,0,0,0,0,0,0,0,0,0,0,0,0,0,0,0,0,0.00,0,0.00,0.00
세탁기_맞춤타겟_신혼부부,4640765,세탁기_트래픽_구독 페스티벌,1628465,2026.10.04.,네이버+ > 피드,35세 ~ 39세 여성,3125,633,4937,3,1042,0.47,0,0,0,0,0,0,0,0,0,0,0,0,0,0,0,0,0,0,0,0,0,0,0,0,0,0,0,0,0,0,0,0,0,0,0,0,0,0,0,0,0,0,0,0,0,0,0.00,0,0.00,0.00
세탁기_맞춤타겟_신혼부부,4640765,세탁기_트래픽_구독 페스티벌,1628465,2026.10.04.,네이버+ > 피드,40세 ~ 44세 여성,1651,546,3023,2,825,0.37,0,0,0,0,0,0,0,0,0,0,0,0,0,0,0,0,0,0,0,0,0,0,0,0,0,0,0,0,0,0,0,0,0,0,0,0,0,0,0,0,0,0,0,0,0,0,0.00,0,0.00,0.00
세탁기_맞춤타겟_신혼부부,4640765,세탁기_트래픽_구독 페스티벌,1628465,2026.10.04.,네이버+ > 피드,45세 ~ 49세 여성,3777,472,8003,4,944,0.85,0,0,0,0,0,0,0,0,0,0,0,0,0,0,0,0,0,0,0,0,0,0,0,0,0,0,0,0,0,0,0,0,0,0,0,0,0,0,0,0,0,0,0,0,0,0,0.00,0,0.00,0.00
세탁기_맞춤타겟_신혼부부,4640765,세탁기_트래픽_구독 페스티벌,1628465,2026.10.04.,네이버+ > 피드,"연령 알 수 없음 여성 ",0,1,0,0,0,0.00,0,0,0,0,0,0,0,0,0,0,0,0,0,0,0,0,0,0,0,0,0,0,0,0,0,0,0,0,0,0,0,0,0,0,0,0,0,0,0,0,0,0,0,0,0,0,0.00,0,0.00,0.00
세탁기_맞춤타겟_신혼부부,4640765,세탁기_트래픽_구독 페스티벌,1628465,2026.10.04.,네이버+ > 피드,30세 ~ 34세 남성,2274,692,3287,2,1137,0.29,0,0,0,0,0,0,0,0,0,0,0,0,0,0,0,0,0,0,0,0,0,0,0,0,0,0,0,0,0,0,0,0,0,0,0,0,0,0,0,0,0,0,0,0,0,0,0.00,0,0.00,0.00
세탁기_맞춤타겟_신혼부부,4640765,세탁기_트래픽_구독 페스티벌,1628465,2026.10.04.,네이버+ > 피드,35세 ~ 39세 남성,5686,529,10748,6,948,1.13,0,0,0,0,0,0,0,0,0,0,0,0,0,0,0,0,0,0,0,0,0,0,0,0,0,0,0,0,0,0,0,0,0,0,0,0,0,0,0,0,0,0,0,0,0,0,0.00,0,0.00,0.00
세탁기_맞춤타겟_신혼부부,4640765,세탁기_트래픽_구독 페스티벌,1628465,2026.10.04.,네이버+ > 피드,40세 ~ 44세 남성,3390,464,7307,4,848,0.86,0,0,0,0,0,0,0,0,0,0,0,0,0,0,0,0,0,0,0,0,0,0,0,0,0,0,0,0,0,0,0,0,0,0,0,0,0,0,0,0,0,0,0,0,0,0,0.00,0,0.00,0.00
세탁기_맞춤타겟_신혼부부,4640765,세탁기_트래픽_구독 페스티벌,1628465,2026.10.04.,네이버+ > 피드,45세 ~ 49세 남성,2710,402,6742,3,903,0.75,0,0,0,0,0,0,0,0,0,0,0,0,0,0,0,0,0,0,0,0,0,0,0,0,0,0,0,0,0,0,0,0,0,0,0,0,0,0,0,0,0,0,0,0,0,0,0.00,0,0.00,0.00
세탁기_맞춤타겟_신혼부부,4640765,세탁기_트래픽_구독 페스티벌,1628465,2026.10.04.,네이버+ > 피드,알 수 없음,0,11,0,0,0,0.00,0,0,0,0,0,0,0,0,0,0,0,0,0,0,0,0,0,0,0,0,0,0,0,0,0,0,0,0,0,0,0,0,0,0,0,0,0,0,0,0,0,0,0,0,0,0,0.00,0,0.00,0.00
세탁기_맞춤타겟_신혼부부,4640765,세탁기_트래픽_구독 페스티벌,1628465,2026.10.04.,네이버+ > 네이버 메인,30세 ~ 34세 여성,0,41,0,0,0,0.00,0,0,0,0,0,0,0,0,0,0,0,0,0,0,0,0,0,0,0,0,0,0,0,0,0,0,0,0,0,0,0,0,0,0,0,0,0,0,0,0,0,0,0,0,0,0,0.00,0,0.00,0.00
세탁기_맞춤타겟_신혼부부,4640765,세탁기_트래픽_구독 페스티벌,1628465,2026.10.04.,네이버+ > 네이버 메인,35세 ~ 39세 여성,0,25,0,0,0,0.00,0,0,0,0,0,0,0,0,0,0,0,0,0,0,0,0,0,0,0,0,0,0,0,0,0,0,0,0,0,0,0,0,0,0,0,0,0,0,0,0,0,0,0,0,0,0,0.00,0,0.00,0.00
세탁기_맞춤타겟_신혼부부,4640765,세탁기_트래픽_구독 페스티벌,1628465,2026.10.04.,네이버+ > 네이버 메인,40세 ~ 44세 여성,0,6,0,0,0,0.00,0,0,0,0,0,0,0,0,0,0,0,0,0,0,0,0,0,0,0,0,0,0,0,0,0,0,0,0,0,0,0,0,0,0,0,0,0,0,0,0,0,0,0,0,0,0,0.00,0,0.00,0.00
세탁기_맞춤타겟_신혼부부,4640765,세탁기_트래픽_구독 페스티벌,1628465,2026.10.04.,네이버+ > 네이버 메인,45세 ~ 49세 여성,0,18,0,0,0,0.00,0,0,0,0,0,0,0,0,0,0,0,0,0,0,0,0,0,0,0,0,0,0,0,0,0,0,0,0,0,0,0,0,0,0,0,0,0,0,0,0,0,0,0,0,0,0,0.00,0,0.00,0.00
세탁기_맞춤타겟_신혼부부,4640765,세탁기_트래픽_구독 페스티벌,1628465,2026.10.04.,네이버+ > 네이버 메인,30세 ~ 34세 남성,992,105,9448,1,992,0.95,0,0,0,0,0,0,0,0,0,0,0,0,0,0,0,0,0,0,0,0,0,0,0,0,0,0,0,0,0,0,0,0,0,0,0,0,0,0,0,0,0,0,0,0,0,0,0.00,0,0.00,0.00
세탁기_맞춤타겟_신혼부부,4640765,세탁기_트래픽_구독 페스티벌,1628465,2026.10.04.,네이버+ > 네이버 메인,35세 ~ 39세 남성,0,76,0,0,0,0.00,0,0,0,0,0,0,0,0,0,0,0,0,0,0,0,0,0,0,0,0,0,0,0,0,0,0,0,0,0,0,0,0,0,0,0,0,0,0,0,0,0,0,0,0,0,0,0.00,0,0.00,0.00
세탁기_맞춤타겟_신혼부부,4640765,세탁기_트래픽_구독 페스티벌,1628465,2026.10.04.,네이버+ > 네이버 메인,40세 ~ 44세 남성,0,41,0,0,0,0.00,0,0,0,0,0,0,0,0,0,0,0,0,0,0,0,0,0,0,0,0,0,0,0,0,0,0,0,0,0,0,0,0,0,0,0,0,0,0,0,0,0,0,0,0,0,0,0.00,0,0.00,0.00
세탁기_맞춤타겟_신혼부부,4640765,세탁기_트래픽_구독 페스티벌,1628465,2026.10.04.,네이버+ > 네이버 메인,45세 ~ 49세 남성,646,54,11959,1,646,1.85,0,0,0,0,0,0,0,0,0,0,0,0,0,0,0,0,0,0,0,0,0,0,0,0,0,0,0,0,0,0,0,0,0,0,0,0,0,0,0,0,0,0,0,0,0,0,0.00,0,0.00,0.00
세탁기_맞춤타겟_신혼부부,4640765,세탁기_트래픽_구독 페스티벌,1628465,2026.10.04.,네이버+ > 네이버 메인,알 수 없음,0,13,0,0,0,0.00,0,0,0,0,0,0,0,0,0,0,0,0,0,0,0,0,0,0,0,0,0,0,0,0,0,0,0,0,0,0,0,0,0,0,0,0,0,0,0,0,0,0,0,0,0,0,0.00,0,0.00,0.00
세탁기_맞춤타겟_신혼부부,4640765,세탁기_트래픽_구독 페스티벌,1628465,2026.10.04.,네이버+ > 서비스 통합,30세 ~ 34세 여성,1157,377,3068,1,1157,0.27,0,0,0,0,0,0,0,0,0,0,0,0,0,0,0,0,0,0,0,0,0,0,0,0,0,0,0,0,0,0,0,0,0,0,0,0,0,0,0,0,0,0,0,0,0,0,0.00,0,0.00,0.00
세탁기_맞춤타겟_신혼부부,4640765,세탁기_트래픽_구독 페스티벌,1628465,2026.10.04.,네이버+ > 서비스 통합,35세 ~ 39세 여성,0,228,0,0,0,0.00,0,0,0,0,0,0,0,0,0,0,0,0,0,0,0,0,0,0,0,0,0,0,0,0,0,0,0,0,0,0,0,0,0,0,0,0,0,0,0,0,0,0,0,0,0,0,0.00,0,0.00,0.00
세탁기_맞춤타겟_신혼부부,4640765,세탁기_트래픽_구독 페스티벌,1628465,2026.10.04.,네이버+ > 서비스 통합,40세 ~ 44세 여성,516,225,2294,1,516,0.44,0,0,0,0,0,0,0,0,0,0,0,0,0,0,0,0,0,0,0,0,0,0,0,0,0,0,0,0,0,0,0,0,0,0,0,0,0,0,0,0,0,0,0,0,0,0,0.00,0,0.00,0.00
세탁기_맞춤타겟_신혼부부,4640765,세탁기_트래픽_구독 페스티벌,1628465,2026.10.04.,네이버+ > 서비스 통합,45세 ~ 49세 여성,674,267,2523,1,674,0.37,0,0,0,0,0,0,0,0,0,0,0,0,0,0,0,0,0,0,0,0,0,0,0,0,0,0,0,0,0,0,0,0,0,0,0,0,0,0,0,0,0,0,0,0,0,0,0.00,0,0.00,0.00
세탁기_맞춤타겟_신혼부부,4640765,세탁기_트래픽_구독 페스티벌,1628465,2026.10.04.,네이버+ > 서비스 통합,30세 ~ 34세 남성,4683,543,8624,5,937,0.92,0,0,0,0,0,0,0,0,0,0,0,0,0,0,0,0,0,0,0,0,0,0,0,0,0,0,0,0,0,0,0,0,0,0,0,0,0,0,0,0,0,0,0,0,0,0,0.00,0,0.00,0.00
세탁기_맞춤타겟_신혼부부,4640765,세탁기_트래픽_구독 페스티벌,1628465,2026.10.04.,네이버+ > 서비스 통합,35세 ~ 39세 남성,951,432,2200,1,951,0.23,0,0,0,0,0,0,0,0,0,0,0,0,0,0,0,0,0,0,0,0,0,0,0,0,0,0,0,0,0,0,0,0,0,0,0,0,0,0,0,0,0,0,0,0,0,0,0.00,0,0.00,0.00
세탁기_맞춤타겟_신혼부부,4640765,세탁기_트래픽_구독 페스티벌,1628465,2026.10.04.,네이버+ > 서비스 통합,40세 ~ 44세 남성,1269,415,3059,2,635,0.48,0,0,0,0,0,0,0,0,0,0,0,0,0,0,0,0,0,0,0,0,0,0,0,0,0,0,0,0,0,0,0,0,0,0,0,0,0,0,0,0,0,0,0,0,0,0,0.00,0,0.00,0.00
세탁기_맞춤타겟_신혼부부,4640765,세탁기_트래픽_구독 페스티벌,1628465,2026.10.04.,네이버+ > 서비스 통합,45세 ~ 49세 남성,0,351,0,0,0,0.00,0,0,0,0,0,0,0,0,0,0,0,0,0,0,0,0,0,0,0,0,0,0,0,0,0,0,0,0,0,0,0,0,0,0,0,0,0,0,0,0,0,0,0,0,0,0,0.00,0,0.00,0.00
세탁기_맞춤타겟_신혼부부,4640765,세탁기_트래픽_구독 페스티벌,1628465,2026.10.04.,네이버+ > 서비스 통합,알 수 없음,0,33,0,0,0,0.00,0,0,0,0,0,0,0,0,0,0,0,0,0,0,0,0,0,0,0,0,0,0,0,0,0,0,0,0,0,0,0,0,0,0,0,0,0,0,0,0,0,0,0,0,0,0,0.00,0,0.00,0.00
세탁기_맞춤타겟_신혼부부,4640765,세탁기_트래픽_구독 페스티벌,1628465,2026.10.03.,네이버+ > 피드,30세 ~ 34세 여성,4444,1701,2613,6,741,0.35,0,0,0,0,0,0,0,0,0,0,0,0,0,0,0,0,0,0,0,0,0,0,0,0,0,0,0,0,0,0,0,0,0,0,0,0,0,0,0,0,0,0,0,0,0,0,0.00,0,0.00,0.00
세탁기_맞춤타겟_신혼부부,4640765,세탁기_트래픽_구독 페스티벌,1628465,2026.10.03.,네이버+ > 피드,35세 ~ 39세 여성,2202,755,2916,3,734,0.40,0,0,0,0,0,0,0,0,0,0,0,0,0,0,0,0,0,0,0,0,0,0,0,0,0,0,0,0,0,0,0,0,0,0,0,0,0,0,0,0,0,0,0,0,0,0,0.00,0,0.00,0.00
세탁기_맞춤타겟_신혼부부,4640765,세탁기_트래픽_구독 페스티벌,1628465,2026.10.03.,네이버+ > 피드,40세 ~ 44세 여성,5321,587,9066,4,1330,0.68,0,0,0,0,0,0,0,0,0,0,0,0,0,0,0,0,0,0,0,0,0,0,0,0,0,0,0,0,0,0,0,0,0,0,0,0,0,0,0,0,0,0,0,0,0,0,0.00,0,0.00,0.00
세탁기_맞춤타겟_신혼부부,4640765,세탁기_트래픽_구독 페스티벌,1628465,2026.10.03.,네이버+ > 피드,45세 ~ 49세 여성,3154,524,6019,4,789,0.76,0,0,0,0,0,0,0,0,0,0,0,0,0,0,0,0,0,0,0,0,0,0,0,0,0,0,0,0,0,0,0,0,0,0,0,0,0,0,0,0,0,0,0,0,0,0,0.00,0,0.00,0.00
세탁기_맞춤타겟_신혼부부,4640765,세탁기_트래픽_구독 페스티벌,1628465,2026.10.03.,네이버+ > 피드,30세 ~ 34세 남성,5175,927,5583,6,863,0.65,0,0,0,0,0,0,0,0,0,0,0,0,0,0,0,0,0,0,0,0,0,0,0,0,0,0,0,0,0,0,0,0,0,0,0,0,0,0,0,0,0,0,0,0,0,0,0.00,0,0.00,0.00
세탁기_맞춤타겟_신혼부부,4640765,세탁기_트래픽_구독 페스티벌,1628465,2026.10.03.,네이버+ > 피드,35세 ~ 39세 남성,1547,710,2179,2,773,0.28,0,0,0,0,0,0,0,0,0,0,0,0,0,0,0,0,0,0,0,0,0,0,0,0,0,0,0,0,0,0,0,0,0,0,0,0,0,0,0,0,0,0,0,0,0,0,0.00,0,0.00,0.00
세탁기_맞춤타겟_신혼부부,4640765,세탁기_트래픽_구독 페스티벌,1628465,2026.10.03.,네이버+ > 피드,40세 ~ 44세 남성,3307,609,5430,4,827,0.66,0,0,0,0,0,0,0,0,0,0,0,0,0,0,0,0,0,0,0,0,0,0,0,0,0,0,0,0,0,0,0,0,0,0,0,0,0,0,0,0,0,0,0,0,0,0,0.00,0,0.00,0.00
세탁기_맞춤타겟_신혼부부,4640765,세탁기_트래픽_구독 페스티벌,1628465,2026.10.03.,네이버+ > 피드,45세 ~ 49세 남성,3392,515,6586,4,848,0.78,0,0,0,0,0,0,0,0,0,0,0,0,0,0,0,0,0,0,0,0,0,0,0,0,0,0,0,0,0,0,0,0,0,0,0,0,0,0,0,0,0,0,0,0,0,0,0.00,0,0.00,0.00
세탁기_맞춤타겟_신혼부부,4640765,세탁기_트래픽_구독 페스티벌,1628465,2026.10.03.,네이버+ > 피드,연령 알 수 없음 남성,0,1,0,0,0,0.00,0,0,0,0,0,0,0,0,0,0,0,0,0,0,0,0,0,0,0,0,0,0,0,0,0,0,0,0,0,0,0,0,0,0,0,0,0,0,0,0,0,0,0,0,0,0,0.00,0,0.00,0.00
세탁기_맞춤타겟_신혼부부,4640765,세탁기_트래픽_구독 페스티벌,1628465,2026.10.03.,네이버+ > 피드,30세 ~ 34세 성별 알 수 없음,0,1,0,0,0,0.00,0,0,0,0,0,0,0,0,0,0,0,0,0,0,0,0,0,0,0,0,0,0,0,0,0,0,0,0,0,0,0,0,0,0,0,0,0,0,0,0,0,0,0,0,0,0,0.00,0,0.00,0.00
세탁기_맞춤타겟_신혼부부,4640765,세탁기_트래픽_구독 페스티벌,1628465,2026.10.03.,네이버+ > 피드,알 수 없음,0,19,0,0,0,0.00,0,0,0,0,0,0,0,0,0,0,0,0,0,0,0,0,0,0,0,0,0,0,0,0,0,0,0,0,0,0,0,0,0,0,0,0,0,0,0,0,0,0,0,0,0,0,0.00,0,0.00,0.00
세탁기_맞춤타겟_신혼부부,4640765,세탁기_트래픽_구독 페스티벌,1628465,2026.10.03.,네이버+ > 네이버 메인,30세 ~ 34세 여성,0,62,0,0,0,0.00,0,0,0,0,0,0,0,0,0,0,0,0,0,0,0,0,0,0,0,0,0,0,0,0,0,0,0,0,0,0,0,0,0,0,0,0,0,0,0,0,0,0,0,0,0,0,0.00,0,0.00,0.00
세탁기_맞춤타겟_신혼부부,4640765,세탁기_트래픽_구독 페스티벌,1628465,2026.10.03.,네이버+ > 네이버 메인,35세 ~ 39세 여성,0,8,0,0,0,0.00,0,0,0,0,0,0,0,0,0,0,0,0,0,0,0,0,0,0,0,0,0,0,0,0,0,0,0,0,0,0,0,0,0,0,0,0,0,0,0,0,0,0,0,0,0,0,0.00,0,0.00,0.00
세탁기_맞춤타겟_신혼부부,4640765,세탁기_트래픽_구독 페스티벌,1628465,2026.10.03.,네이버+ > 네이버 메인,40세 ~ 44세 여성,0,20,0,0,0,0.00,0,0,0,0,0,0,0,0,0,0,0,0,0,0,0,0,0,0,0,0,0,0,0,0,0,0,0,0,0,0,0,0,0,0,0,0,0,0,0,0,0,0,0,0,0,0,0.00,0,0.00,0.00
세탁기_맞춤타겟_신혼부부,4640765,세탁기_트래픽_구독 페스티벌,1628465,2026.10.03.,네이버+ > 네이버 메인,45세 ~ 49세 여성,0,17,0,0,0,0.00,0,0,0,0,0,0,0,0,0,0,0,0,0,0,0,0,0,0,0,0,0,0,0,0,0,0,0,0,0,0,0,0,0,0,0,0,0,0,0,0,0,0,0,0,0,0,0.00,0,0.00,0.00
세탁기_맞춤타겟_신혼부부,4640765,세탁기_트래픽_구독 페스티벌,1628465,2026.10.03.,네이버+ > 네이버 메인,30세 ~ 34세 남성,0,134,0,0,0,0.00,0,0,0,0,0,0,0,0,0,0,0,0,0,0,0,0,0,0,0,0,0,0,0,0,0,0,0,0,0,0,0,0,0,0,0,0,0,0,0,0,0,0,0,0,0,0,0.00,0,0.00,0.00
세탁기_맞춤타겟_신혼부부,4640765,세탁기_트래픽_구독 페스티벌,1628465,2026.10.03.,네이버+ > 네이버 메인,35세 ~ 39세 남성,0,76,0,0,0,0.00,0,0,0,0,0,0,0,0,0,0,0,0,0,0,0,0,0,0,0,0,0,0,0,0,0,0,0,0,0,0,0,0,0,0,0,0,0,0,0,0,0,0,0,0,0,0,0.00,0,0.00,0.00
세탁기_맞춤타겟_신혼부부,4640765,세탁기_트래픽_구독 페스티벌,1628465,2026.10.03.,네이버+ > 네이버 메인,40세 ~ 44세 남성,0,63,0,0,0,0.00,0,0,0,0,0,0,0,0,0,0,0,0,0,0,0,0,0,0,0,0,0,0,0,0,0,0,0,0,0,0,0,0,0,0,0,0,0,0,0,0,0,0,0,0,0,0,0.00,0,0.00,0.00
세탁기_맞춤타겟_신혼부부,4640765,세탁기_트래픽_구독 페스티벌,1628465,2026.10.03.,네이버+ > 네이버 메인,45세 ~ 49세 남성,0,95,0,0,0,0.00,0,0,0,0,0,0,0,0,0,0,0,0,0,0,0,0,0,0,0,0,0,0,0,0,0,0,0,0,0,0,0,0,0,0,0,0,0,0,0,0,0,0,0,0,0,0,0.00,0,0.00,0.00
세탁기_맞춤타겟_신혼부부,4640765,세탁기_트래픽_구독 페스티벌,1628465,2026.10.03.,네이버+ > 네이버 메인,알 수 없음,0,48,0,0,0,0.00,0,0,0,0,0,0,0,0,0,0,0,0,0,0,0,0,0,0,0,0,0,0,0,0,0,0,0,0,0,0,0,0,0,0,0,0,0,0,0,0,0,0,0,0,0,0,0.00,0,0.00,0.00
세탁기_맞춤타겟_신혼부부,4640765,세탁기_트래픽_구독 페스티벌,1628465,2026.10.03.,네이버+ > 서비스 통합,30세 ~ 34세 여성,1658,429,3864,2,829,0.47,0,0,0,0,0,0,0,0,0,0,0,0,0,0,0,0,0,0,0,0,0,0,0,0,0,0,0,0,0,0,0,0,0,0,0,0,0,0,0,0,0,0,0,0,0,0,0.00,0,0.00,0.00
세탁기_맞춤타겟_신혼부부,4640765,세탁기_트래픽_구독 페스티벌,1628465,2026.10.03.,네이버+ > 서비스 통합,35세 ~ 39세 여성,0,213,0,0,0,0.00,0,0,0,0,0,0,0,0,0,0,0,0,0,0,0,0,0,0,0,0,0,0,0,0,0,0,0,0,0,0,0,0,0,0,0,0,0,0,0,0,0,0,0,0,0,0,0.00,0,0.00,0.00
세탁기_맞춤타겟_신혼부부,4640765,세탁기_트래픽_구독 페스티벌,1628465,2026.10.03.,네이버+ > 서비스 통합,40세 ~ 44세 여성,607,285,2128,1,607,0.35,0,0,0,0,0,0,0,0,0,0,0,0,0,0,0,0,0,0,0,0,0,0,0,0,0,0,0,0,0,0,0,0,0,0,0,0,0,0,0,0,0,0,0,0,0,0,0.00,0,0.00,0.00
세탁기_맞춤타겟_신혼부부,4640765,세탁기_트래픽_구독 페스티벌,1628465,2026.10.03.,네이버+ > 서비스 통합,45세 ~ 49세 여성,851,336,2532,1,851,0.30,0,0,0,0,0,0,0,0,0,0,0,0,0,0,0,0,0,0,0,0,0,0,0,0,0,0,0,0,0,0,0,0,0,0,0,0,0,0,0,0,0,0,0,0,0,0,0.00,0,0.00,0.00
세탁기_맞춤타겟_신혼부부,4640765,세탁기_트래픽_구독 페스티벌,1628465,2026.10.03.,네이버+ > 서비스 통합,30세 ~ 34세 남성,1635,624,2619,2,817,0.32,0,0,0,0,0,0,0,0,0,0,0,0,0,0,0,0,0,0,0,0,0,0,0,0,0,0,0,0,0,0,0,0,0,0,0,0,0,0,0,0,0,0,0,0,0,0,0.00,0,0.00,0.00
세탁기_맞춤타겟_신혼부부,4640765,세탁기_트래픽_구독 페스티벌,1628465,2026.10.03.,네이버+ > 서비스 통합,35세 ~ 39세 남성,0,481,0,0,0,0.00,0,0,0,0,0,0,0,0,0,0,0,0,0,0,0,0,0,0,0,0,0,0,0,0,0,0,0,0,0,0,0,0,0,0,0,0,0,0,0,0,0,0,0,0,0,0,0.00,0,0.00,0.00
세탁기_맞춤타겟_신혼부부,4640765,세탁기_트래픽_구독 페스티벌,1628465,2026.10.03.,네이버+ > 서비스 통합,40세 ~ 44세 남성,670,516,1299,1,670,0.19,0,0,0,0,0,0,0,0,0,0,0,0,0,0,0,0,0,0,0,0,0,0,0,0,0,0,0,0,0,0,0,0,0,0,0,0,0,0,0,0,0,0,0,0,0,0,0.00,0,0.00,0.00
세탁기_맞춤타겟_신혼부부,4640765,세탁기_트래픽_구독 페스티벌,1628465,2026.10.03.,네이버+ > 서비스 통합,45세 ~ 49세 남성,628,372,1689,1,628,0.27,0,0,0,0,0,0,0,0,0,0,0,0,0,0,0,0,0,0,0,0,0,0,0,0,0,0,0,0,0,0,0,0,0,0,0,0,0,0,0,0,0,0,0,0,0,0,0.00,0,0.00,0.00
세탁기_맞춤타겟_신혼부부,4640765,세탁기_트래픽_구독 페스티벌,1628465,2026.10.03.,네이버+ > 서비스 통합,알 수 없음,392,59,6640,1,392,1.69,0,0,0,0,0,0,0,0,0,0,0,0,0,0,0,0,0,0,0,0,0,0,0,0,0,0,0,0,0,0,0,0,0,0,0,0,0,0,0,0,0,0,0,0,0,0,0.00,0,0.00,0.00
세탁기_맞춤타겟_신혼부부,4640765,세탁기_트래픽_구독 페스티벌,1628465,2026.10.02.,네이버+ > 피드,30세 ~ 34세 여성,7303,1516,4817,8,913,0.53,0,0,0,0,0,0,0,0,0,0,0,0,0,0,0,0,0,0,0,0,0,0,0,0,0,0,0,0,0,0,0,0,0,0,0,0,0,0,0,0,0,0,0,0,0,0,0.00,0,0.00,0.00
세탁기_맞춤타겟_신혼부부,4640765,세탁기_트래픽_구독 페스티벌,1628465,2026.10.02.,네이버+ > 피드,35세 ~ 39세 여성,5208,798,6527,5,1042,0.63,0,0,0,0,0,0,0,0,0,0,0,0,0,0,0,0,0,0,0,0,0,0,0,0,0,0,0,0,0,0,0,0,0,0,0,0,0,0,0,0,0,0,0,0,0,0,0.00,0,0.00,0.00
세탁기_맞춤타겟_신혼부부,4640765,세탁기_트래픽_구독 페스티벌,1628465,2026.10.02.,네이버+ > 피드,40세 ~ 44세 여성,1318,622,2118,1,1318,0.16,0,0,0,0,0,0,0,0,0,0,0,0,0,0,0,0,0,0,0,0,0,0,0,0,0,0,0,0,0,0,0,0,0,0,0,0,0,0,0,0,0,0,0,0,0,0,0.00,0,0.00,0.00
세탁기_맞춤타겟_신혼부부,4640765,세탁기_트래픽_구독 페스티벌,1628465,2026.10.02.,네이버+ > 피드,45세 ~ 49세 여성,831,557,1493,1,831,0.18,0,0,0,0,0,0,0,0,0,0,0,0,0,0,0,0,0,0,0,0,0,0,0,0,0,0,0,0,0,0,0,0,0,0,0,0,0,0,0,0,0,0,0,0,0,0,0.00,0,0.00,0.00
세탁기_맞춤타겟_신혼부부,4640765,세탁기_트래픽_구독 페스티벌,1628465,2026.10.02.,네이버+ > 피드,"연령 알 수 없음 여성 ",0,1,0,0,0,0.00,0,0,0,0,0,0,0,0,0,0,0,0,0,0,0,0,0,0,0,0,0,0,0,0,0,0,0,0,0,0,0,0,0,0,0,0,0,0,0,0,0,0,0,0,0,0,0.00,0,0.00,0.00
세탁기_맞춤타겟_신혼부부,4640765,세탁기_트래픽_구독 페스티벌,1628465,2026.10.02.,네이버+ > 피드,30세 ~ 34세 남성,824,845,976,1,824,0.12,0,0,0,0,0,0,0,0,0,0,0,0,0,0,0,0,0,0,0,0,0,0,0,0,0,0,0,0,0,0,0,0,0,0,0,0,0,0,0,0,0,0,0,0,0,0,0.00,0,0.00,0.00
세탁기_맞춤타겟_신혼부부,4640765,세탁기_트래픽_구독 페스티벌,1628465,2026.10.02.,네이버+ > 피드,35세 ~ 39세 남성,1833,761,2408,2,916,0.26,0,0,0,0,0,0,0,0,0,0,0,0,0,0,0,0,0,0,0,0,0,0,0,0,0,0,0,0,0,0,0,0,0,0,0,0,0,0,0,0,0,0,0,0,0,0,0.00,0,0.00,0.00
세탁기_맞춤타겟_신혼부부,4640765,세탁기_트래픽_구독 페스티벌,1628465,2026.10.02.,네이버+ > 피드,40세 ~ 44세 남성,5677,642,8842,5,1135,0.78,0,0,0,0,0,0,0,0,0,0,0,0,0,0,0,0,0,0,0,0,0,0,0,0,0,0,0,0,0,0,0,0,0,0,0,0,0,0,0,0,0,0,0,0,0,0,0.00,0,0.00,0.00
세탁기_맞춤타겟_신혼부부,4640765,세탁기_트래픽_구독 페스티벌,1628465,2026.10.02.,네이버+ > 피드,45세 ~ 49세 남성,3459,579,5974,4,865,0.69,0,0,0,0,0,0,0,0,0,0,0,0,0,0,0,0,0,0,0,0,0,0,0,0,0,0,0,0,0,0,0,0,0,0,0,0,0,0,0,0,0,0,0,0,0,0,0.00,0,0.00,0.00
세탁기_맞춤타겟_신혼부부,4640765,세탁기_트래픽_구독 페스티벌,1628465,2026.10.02.,네이버+ > 피드,30세 ~ 34세 성별 알 수 없음,0,3,0,0,0,0.00,0,0,0,0,0,0,0,0,0,0,0,0,0,0,0,0,0,0,0,0,0,0,0,0,0,0,0,0,0,0,0,0,0,0,0,0,0,0,0,0,0,0,0,0,0,0,0.00,0,0.00,0.00
세탁기_맞춤타겟_신혼부부,4640765,세탁기_트래픽_구독 페스티벌,1628465,2026.10.02.,네이버+ > 피드,45세 ~ 49세 성별 알 수 없음,0,1,0,0,0,0.00,0,0,0,0,0,0,0,0,0,0,0,0,0,0,0,0,0,0,0,0,0,0,0,0,0,0,0,0,0,0,0,0,0,0,0,0,0,0,0,0,0,0,0,0,0,0,0.00,0,0.00,0.00
세탁기_맞춤타겟_신혼부부,4640765,세탁기_트래픽_구독 페스티벌,1628465,2026.10.02.,네이버+ > 피드,알 수 없음,0,17,0,0,0,0.00,0,0,0,0,0,0,0,0,0,0,0,0,0,0,0,0,0,0,0,0,0,0,0,0,0,0,0,0,0,0,0,0,0,0,0,0,0,0,0,0,0,0,0,0,0,0,0.00,0,0.00,0.00
세탁기_맞춤타겟_신혼부부,4640765,세탁기_트래픽_구독 페스티벌,1628465,2026.10.02.,네이버+ > 네이버 메인,30세 ~ 34세 여성,619,1404,441,1,619,0.07,0,0,0,0,0,0,0,0,0,0,0,0,0,0,0,0,0,0,0,0,0,0,0,0,0,0,0,0,0,0,0,0,0,0,0,0,0,0,0,0,0,0,0,0,0,0,0.00,0,0.00,0.00
세탁기_맞춤타겟_신혼부부,4640765,세탁기_트래픽_구독 페스티벌,1628465,2026.10.02.,네이버+ > 네이버 메인,35세 ~ 39세 여성,525,588,893,1,525,0.17,0,0,0,0,0,0,0,0,0,0,0,0,0,0,0,0,0,0,0,0,0,0,0,0,0,0,0,0,0,0,0,0,0,0,0,0,0,0,0,0,0,0,0,0,0,0,0.00,0,0.00,0.00
세탁기_맞춤타겟_신혼부부,4640765,세탁기_트래픽_구독 페스티벌,1628465,2026.10.02.,네이버+ > 네이버 메인,40세 ~ 44세 여성,0,331,0,0,0,0.00,0,0,0,0,0,0,0,0,0,0,0,0,0,0,0,0,0,0,0,0,0,0,0,0,0,0,0,0,0,0,0,0,0,0,0,0,0,0,0,0,0,0,0,0,0,0,0.00,0,0.00,0.00
세탁기_맞춤타겟_신혼부부,4640765,세탁기_트래픽_구독 페스티벌,1628465,2026.10.02.,네이버+ > 네이버 메인,45세 ~ 49세 여성,0,320,0,0,0,0.00,0,0,0,0,0,0,0,0,0,0,0,0,0,0,0,0,0,0,0,0,0,0,0,0,0,0,0,0,0,0,0,0,0,0,0,0,0,0,0,0,0,0,0,0,0,0,0.00,0,0.00,0.00
세탁기_맞춤타겟_신혼부부,4640765,세탁기_트래픽_구독 페스티벌,1628465,2026.10.02.,네이버+ > 네이버 메인,30세 ~ 34세 남성,1454,1641,886,2,727,0.12,0,0,0,0,0,0,0,0,0,0,0,0,0,0,0,0,0,0,0,0,0,0,0,0,0,0,0,0,0,0,0,0,0,0,0,0,0,0,0,0,0,0,0,0,0,0,0.00,0,0.00,0.00
세탁기_맞춤타겟_신혼부부,4640765,세탁기_트래픽_구독 페스티벌,1628465,2026.10.02.,네이버+ > 네이버 메인,35세 ~ 39세 남성,860,1037,830,1,860,0.10,0,0,0,0,0,0,0,0,0,0,0,0,0,0,0,0,0,0,0,0,0,0,0,0,0,0,0,0,0,0,0,0,0,0,0,0,0,0,0,0,0,0,0,0,0,0,0.00,0,0.00,0.00
세탁기_맞춤타겟_신혼부부,4640765,세탁기_트래픽_구독 페스티벌,1628465,2026.10.02.,네이버+ > 네이버 메인,40세 ~ 44세 남성,1832,632,2898,2,916,0.32,0,0,0,0,0,0,0,0,0,0,0,0,0,0,0,0,0,0,0,0,0,0,0,0,0,0,0,0,0,0,0,0,0,0,0,0,0,0,0,0,0,0,0,0,0,0,0.00,0,0.00,0.00
세탁기_맞춤타겟_신혼부부,4640765,세탁기_트래픽_구독 페스티벌,1628465,2026.10.02.,네이버+ > 네이버 메인,45세 ~ 49세 남성,0,485,0,0,0,0.00,0,0,0,0,0,0,0,0,0,0,0,0,0,0,0,0,0,0,0,0,0,0,0,0,0,0,0,0,0,0,0,0,0,0,0,0,0,0,0,0,0,0,0,0,0,0,0.00,0,0.00,0.00
세탁기_맞춤타겟_신혼부부,4640765,세탁기_트래픽_구독 페스티벌,1628465,2026.10.02.,네이버+ > 네이버 메인,30세 ~ 34세 성별 알 수 없음,0,4,0,0,0,0.00,0,0,0,0,0,0,0,0,0,0,0,0,0,0,0,0,0,0,0,0,0,0,0,0,0,0,0,0,0,0,0,0,0,0,0,0,0,0,0,0,0,0,0,0,0,0,0.00,0,0.00,0.00
세탁기_맞춤타겟_신혼부부,4640765,세탁기_트래픽_구독 페스티벌,1628465,2026.10.02.,네이버+ > 네이버 메인,35세 ~ 39세 성별 알 수 없음,0,5,0,0,0,0.00,0,0,0,0,0,0,0,0,0,0,0,0,0,0,0,0,0,0,0,0,0,0,0,0,0,0,0,0,0,0,0,0,0,0,0,0,0,0,0,0,0,0,0,0,0,0,0.00,0,0.00,0.00
세탁기_맞춤타겟_신혼부부,4640765,세탁기_트래픽_구독 페스티벌,1628465,2026.10.02.,네이버+ > 네이버 메인,40세 ~ 44세 성별 알 수 없음,0,1,0,0,0,0.00,0,0,0,0,0,0,0,0,0,0,0,0,0,0,0,0,0,0,0,0,0,0,0,0,0,0,0,0,0,0,0,0,0,0,0,0,0,0,0,0,0,0,0,0,0,0,0.00,0,0.00,0.00
세탁기_맞춤타겟_신혼부부,4640765,세탁기_트래픽_구독 페스티벌,1628465,2026.10.02.,네이버+ > 네이버 메인,45세 ~ 49세 성별 알 수 없음,0,1,0,0,0,0.00,0,0,0,0,0,0,0,0,0,0,0,0,0,0,0,0,0,0,0,0,0,0,0,0,0,0,0,0,0,0,0,0,0,0,0,0,0,0,0,0,0,0,0,0,0,0,0.00,0,0.00,0.00
세탁기_맞춤타겟_신혼부부,4640765,세탁기_트래픽_구독 페스티벌,1628465,2026.10.02.,네이버+ > 네이버 메인,알 수 없음,0,543,0,0,0,0.00,0,0,0,0,0,0,0,0,0,0,0,0,0,0,0,0,0,0,0,0,0,0,0,0,0,0,0,0,0,0,0,0,0,0,0,0,0,0,0,0,0,0,0,0,0,0,0.00,0,0.00,0.00
세탁기_맞춤타겟_신혼부부,4640765,세탁기_트래픽_구독 페스티벌,1628465,2026.10.02.,네이버+ > 서비스 통합,30세 ~ 34세 여성,982,1704,576,2,491,0.12,0,0,0,0,0,0,0,0,0,0,0,0,0,0,0,0,0,0,0,0,0,0,0,0,0,0,0,0,0,0,0,0,0,0,0,0,0,0,0,0,0,0,0,0,0,0,0.00,0,0.00,0.00
세탁기_맞춤타겟_신혼부부,4640765,세탁기_트래픽_구독 페스티벌,1628465,2026.10.02.,네이버+ > 서비스 통합,35세 ~ 39세 여성,800,940,851,1,800,0.11,0,0,0,0,0,0,0,0,0,0,0,0,0,0,0,0,0,0,0,0,0,0,0,0,0,0,0,0,0,0,0,0,0,0,0,0,0,0,0,0,0,0,0,0,0,0,0.00,0,0.00,0.00
세탁기_맞춤타겟_신혼부부,4640765,세탁기_트래픽_구독 페스티벌,1628465,2026.10.02.,네이버+ > 서비스 통합,40세 ~ 44세 여성,0,735,0,0,0,0.00,0,0,0,0,0,0,0,0,0,0,0,0,0,0,0,0,0,0,0,0,0,0,0,0,0,0,0,0,0,0,0,0,0,0,0,0,0,0,0,0,0,0,0,0,0,0,0.00,0,0.00,0.00
세탁기_맞춤타겟_신혼부부,4640765,세탁기_트래픽_구독 페스티벌,1628465,2026.10.02.,네이버+ > 서비스 통합,45세 ~ 49세 여성,415,688,604,1,415,0.15,0,0,0,0,0,0,0,0,0,0,0,0,0,0,0,0,0,0,0,0,0,0,0,0,0,0,0,0,0,0,0,0,0,0,0,0,0,0,0,0,0,0,0,0,0,0,0.00,0,0.00,0.00
세탁기_맞춤타겟_신혼부부,4640765,세탁기_트래픽_구독 페스티벌,1628465,2026.10.02.,네이버+ > 서비스 통합,"연령 알 수 없음 여성 ",0,1,0,0,0,0.00,0,0,0,0,0,0,0,0,0,0,0,0,0,0,0,0,0,0,0,0,0,0,0,0,0,0,0,0,0,0,0,0,0,0,0,0,0,0,0,0,0,0,0,0,0,0,0.00,0,0.00,0.00
세탁기_맞춤타겟_신혼부부,4640765,세탁기_트래픽_구독 페스티벌,1628465,2026.10.02.,네이버+ > 서비스 통합,30세 ~ 34세 남성,1093,1566,698,2,546,0.13,0,0,0,0,0,0,0,0,0,0,0,0,0,0,0,0,0,0,0,0,0,0,0,0,0,0,0,0,0,0,0,0,0,0,0,0,0,0,0,0,0,0,0,0,0,0,0.00,0,0.00,0.00
세탁기_맞춤타겟_신혼부부,4640765,세탁기_트래픽_구독 페스티벌,1628465,2026.10.02.,네이버+ > 서비스 통합,35세 ~ 39세 남성,1029,1204,855,2,515,0.17,0,0,0,0,0,0,0,0,0,0,0,0,0,0,0,0,0,0,0,0,0,0,0,0,0,0,0,0,0,0,0,0,0,0,0,0,0,0,0,0,0,0,0,0,0,0,0.00,0,0.00,0.00
세탁기_맞춤타겟_신혼부부,4640765,세탁기_트래픽_구독 페스티벌,1628465,2026.10.02.,네이버+ > 서비스 통합,40세 ~ 44세 남성,1191,842,1414,2,595,0.24,0,0,0,0,0,0,0,0,0,0,0,0,0,0,0,0,0,0,0,0,0,0,0,0,0,0,0,0,0,0,0,0,0,0,0,0,0,0,0,0,0,0,0,0,0,0,0.00,0,0.00,0.00
세탁기_맞춤타겟_신혼부부,4640765,세탁기_트래픽_구독 페스티벌,1628465,2026.10.02.,네이버+ > 서비스 통합,45세 ~ 49세 남성,2524,700,3606,3,841,0.43,0,0,0,0,0,0,0,0,0,0,0,0,0,0,0,0,0,0,0,0,0,0,0,0,0,0,0,0,0,0,0,0,0,0,0,0,0,0,0,0,0,0,0,0,0,0,0.00,0,0.00,0.00
세탁기_맞춤타겟_신혼부부,4640765,세탁기_트래픽_구독 페스티벌,1628465,2026.10.02.,네이버+ > 서비스 통합,30세 ~ 34세 성별 알 수 없음,0,1,0,0,0,0.00,0,0,0,0,0,0,0,0,0,0,0,0,0,0,0,0,0,0,0,0,0,0,0,0,0,0,0,0,0,0,0,0,0,0,0,0,0,0,0,0,0,0,0,0,0,0,0.00,0,0.00,0.00
세탁기_맞춤타겟_신혼부부,4640765,세탁기_트래픽_구독 페스티벌,1628465,2026.10.02.,네이버+ > 서비스 통합,45세 ~ 49세 성별 알 수 없음,0,1,0,0,0,0.00,0,0,0,0,0,0,0,0,0,0,0,0,0,0,0,0,0,0,0,0,0,0,0,0,0,0,0,0,0,0,0,0,0,0,0,0,0,0,0,0,0,0,0,0,0,0,0.00,0,0.00,0.00
세탁기_맞춤타겟_신혼부부,4640765,세탁기_트래픽_구독 페스티벌,1628465,2026.10.02.,네이버+ > 서비스 통합,알 수 없음,0,361,0,0,0,0.00,0,0,0,0,0,0,0,0,0,0,0,0,0,0,0,0,0,0,0,0,0,0,0,0,0,0,0,0,0,0,0,0,0,0,0,0,0,0,0,0,0,0,0,0,0,0,0.00,0,0.00,0.00
세탁기_맞춤타겟_신혼부부,4640765,세탁기_트래픽_구독 페스티벌,1628465,2026.10.01.,네이버+ > 피드,30세 ~ 34세 여성,3116,619,5034,2,1558,0.32,0,0,0,0,0,0,0,0,0,0,0,0,0,0,0,0,0,0,0,0,0,0,0,0,0,0,0,0,0,0,0,0,0,0,0,0,0,0,0,0,0,0,0,0,0,0,0.00,0,0.00,0.00
세탁기_맞춤타겟_신혼부부,4640765,세탁기_트래픽_구독 페스티벌,1628465,2026.10.01.,네이버+ > 피드,35세 ~ 39세 여성,0,389,0,0,0,0.00,0,0,0,0,0,0,0,0,0,0,0,0,0,0,0,0,0,0,0,0,0,0,0,0,0,0,0,0,0,0,0,0,0,0,0,0,0,0,0,0,0,0,0,0,0,0,0.00,0,0.00,0.00
세탁기_맞춤타겟_신혼부부,4640765,세탁기_트래픽_구독 페스티벌,1628465,2026.10.01.,네이버+ > 피드,40세 ~ 44세 여성,1328,310,4282,1,1328,0.32,0,0,0,0,0,0,0,0,0,0,0,0,0,0,0,0,0,0,0,0,0,0,0,0,0,0,0,0,0,0,0,0,0,0,0,0,0,0,0,0,0,0,0,0,0,0,0.00,0,0.00,0.00
세탁기_맞춤타겟_신혼부부,4640765,세탁기_트래픽_구독 페스티벌,1628465,2026.10.01.,네이버+ > 피드,45세 ~ 49세 여성,3803,232,16392,3,1268,1.29,0,0,0,0,0,0,0,0,0,0,0,0,0,0,0,0,0,0,0,0,0,0,0,0,0,0,0,0,0,0,0,0,0,0,0,0,0,0,0,0,0,0,0,0,0,0,0.00,0,0.00,0.00
세탁기_맞춤타겟_신혼부부,4640765,세탁기_트래픽_구독 페스티벌,1628465,2026.10.01.,네이버+ > 피드,"연령 알 수 없음 여성 ",0,1,0,0,0,0.00,0,0,0,0,0,0,0,0,0,0,0,0,0,0,0,0,0,0,0,0,0,0,0,0,0,0,0,0,0,0,0,0,0,0,0,0,0,0,0,0,0,0,0,0,0,0,0.00,0,0.00,0.00
세탁기_맞춤타겟_신혼부부,4640765,세탁기_트래픽_구독 페스티벌,1628465,2026.10.01.,네이버+ > 피드,30세 ~ 34세 남성,1604,393,4081,2,802,0.51,0,0,0,0,0,0,0,0,0,0,0,0,0,0,0,0,0,0,0,0,0,0,0,0,0,0,0,0,0,0,0,0,0,0,0,0,0,0,0,0,0,0,0,0,0,0,0.00,0,0.00,0.00
세탁기_맞춤타겟_신혼부부,4640765,세탁기_트래픽_구독 페스티벌,1628465,2026.10.01.,네이버+ > 피드,35세 ~ 39세 남성,1121,420,2670,1,1121,0.24,0,0,0,0,0,0,0,0,0,0,0,0,0,0,0,0,0,0,0,0,0,0,0,0,0,0,0,0,0,0,0,0,0,0,0,0,0,0,0,0,0,0,0,0,0,0,0.00,0,0.00,0.00
세탁기_맞춤타겟_신혼부부,4640765,세탁기_트래픽_구독 페스티벌,1628465,2026.10.01.,네이버+ > 피드,40세 ~ 44세 남성,3836,400,9591,3,1279,0.75,0,0,0,0,0,0,0,0,0,0,0,0,0,0,0,0,0,0,0,0,0,0,0,0,0,0,0,0,0,0,0,0,0,0,0,0,0,0,0,0,0,0,0,0,0,0,0.00,0,0.00,0.00
세탁기_맞춤타겟_신혼부부,4640765,세탁기_트래픽_구독 페스티벌,1628465,2026.10.01.,네이버+ > 피드,45세 ~ 49세 남성,2277,382,5960,2,1138,0.52,0,0,0,0,0,0,0,0,0,0,0,0,0,0,0,0,0,0,0,0,0,0,0,0,0,0,0,0,0,0,0,0,0,0,0,0,0,0,0,0,0,0,0,0,0,0,0.00,0,0.00,0.00
세탁기_맞춤타겟_신혼부부,4640765,세탁기_트래픽_구독 페스티벌,1628465,2026.10.01.,네이버+ > 피드,알 수 없음,0,8,0,0,0,0.00,0,0,0,0,0,0,0,0,0,0,0,0,0,0,0,0,0,0,0,0,0,0,0,0,0,0,0,0,0,0,0,0,0,0,0,0,0,0,0,0,0,0,0,0,0,0,0.00,0,0.00,0.00
세탁기_맞춤타겟_신혼부부,4640765,세탁기_트래픽_구독 페스티벌,1628465,2026.10.01.,네이버+ > 서비스 통합,30세 ~ 34세 여성,0,35,0,0,0,0.00,0,0,0,0,0,0,0,0,0,0,0,0,0,0,0,0,0,0,0,0,0,0,0,0,0,0,0,0,0,0,0,0,0,0,0,0,0,0,0,0,0,0,0,0,0,0,0.00,0,0.00,0.00
세탁기_맞춤타겟_신혼부부,4640765,세탁기_트래픽_구독 페스티벌,1628465,2026.10.01.,네이버+ > 서비스 통합,35세 ~ 39세 여성,0,29,0,0,0,0.00,0,0,0,0,0,0,0,0,0,0,0,0,0,0,0,0,0,0,0,0,0,0,0,0,0,0,0,0,0,0,0,0,0,0,0,0,0,0,0,0,0,0,0,0,0,0,0.00,0,0.00,0.00
세탁기_맞춤타겟_신혼부부,4640765,세탁기_트래픽_구독 페스티벌,1628465,2026.10.01.,네이버+ > 서비스 통합,40세 ~ 44세 여성,0,62,0,0,0,0.00,0,0,0,0,0,0,0,0,0,0,0,0,0,0,0,0,0,0,0,0,0,0,0,0,0,0,0,0,0,0,0,0,0,0,0,0,0,0,0,0,0,0,0,0,0,0,0.00,0,0.00,0.00
세탁기_맞춤타겟_신혼부부,4640765,세탁기_트래픽_구독 페스티벌,1628465,2026.10.01.,네이버+ > 서비스 통합,45세 ~ 49세 여성,0,53,0,0,0,0.00,0,0,0,0,0,0,0,0,0,0,0,0,0,0,0,0,0,0,0,0,0,0,0,0,0,0,0,0,0,0,0,0,0,0,0,0,0,0,0,0,0,0,0,0,0,0,0.00,0,0.00,0.00
세탁기_맞춤타겟_신혼부부,4640765,세탁기_트래픽_구독 페스티벌,1628465,2026.10.01.,네이버+ > 서비스 통합,30세 ~ 34세 남성,0,18,0,0,0,0.00,0,0,0,0,0,0,0,0,0,0,0,0,0,0,0,0,0,0,0,0,0,0,0,0,0,0,0,0,0,0,0,0,0,0,0,0,0,0,0,0,0,0,0,0,0,0,0.00,0,0.00,0.00
세탁기_맞춤타겟_신혼부부,4640765,세탁기_트래픽_구독 페스티벌,1628465,2026.10.01.,네이버+ > 서비스 통합,35세 ~ 39세 남성,0,31,0,0,0,0.00,0,0,0,0,0,0,0,0,0,0,0,0,0,0,0,0,0,0,0,0,0,0,0,0,0,0,0,0,0,0,0,0,0,0,0,0,0,0,0,0,0,0,0,0,0,0,0.00,0,0.00,0.00
세탁기_맞춤타겟_신혼부부,4640765,세탁기_트래픽_구독 페스티벌,1628465,2026.10.01.,네이버+ > 서비스 통합,40세 ~ 44세 남성,0,33,0,0,0,0.00,0,0,0,0,0,0,0,0,0,0,0,0,0,0,0,0,0,0,0,0,0,0,0,0,0,0,0,0,0,0,0,0,0,0,0,0,0,0,0,0,0,0,0,0,0,0,0.00,0,0.00,0.00
세탁기_맞춤타겟_신혼부부,4640765,세탁기_트래픽_구독 페스티벌,1628465,2026.10.01.,네이버+ > 서비스 통합,45세 ~ 49세 남성,0,27,0,0,0,0.00,0,0,0,0,0,0,0,0,0,0,0,0,0,0,0,0,0,0,0,0,0,0,0,0,0,0,0,0,0,0,0,0,0,0,0,0,0,0,0,0,0,0,0,0,0,0,0.00,0,0.00,0.00
세탁기_커피소구_02,4640759,세탁기_트래픽_구독 페스티벌,1628465,2026.10.07.,네이버+ > 피드,14세 ~ 18세 여성,60,6,9967,1,60,16.67,0,0,0,0,0,0,0,0,0,0,0,0,0,0,0,0,0,0,0,0,0,0,0,0,0,0,0,0,0,0,0,0,0,0,0,0,0,0,0,0,0,0,0,0,0,0,0.00,0,0.00,0.00
세탁기_커피소구_02,4640759,세탁기_트래픽_구독 페스티벌,1628465,2026.10.07.,네이버+ > 피드,40세 ~ 44세 여성,0,1,0,0,0,0.00,0,0,0,0,0,0,0,0,0,0,0,0,0,0,0,0,0,0,0,0,0,0,0,0,0,0,0,0,0,0,0,0,0,0,0,0,0,0,0,0,0,0,0,0,0,0,0.00,0,0.00,0.00
세탁기_커피소구_02,4640759,세탁기_트래픽_구독 페스티벌,1628465,2026.10.07.,네이버+ > 피드,50세 ~ 54세 여성,0,4,0,0,0,0.00,0,0,0,0,0,0,0,0,0,0,0,0,0,0,0,0,0,0,0,0,0,0,0,0,0,0,0,0,0,0,0,0,0,0,0,0,0,0,0,0,0,0,0,0,0,0,0.00,0,0.00,0.00
세탁기_커피소구_02,4640759,세탁기_트래픽_구독 페스티벌,1628465,2026.10.07.,네이버+ > 피드,55세 ~ 59세 여성,0,19,0,0,0,0.00,0,0,0,0,0,0,0,0,0,0,0,0,0,0,0,0,0,0,0,0,0,0,0,0,0,0,0,0,0,0,0,0,0,0,0,0,0,0,0,0,0,0,0,0,0,0,0.00,0,0.00,0.00
세탁기_커피소구_02,4640759,세탁기_트래픽_구독 페스티벌,1628465,2026.10.07.,네이버+ > 피드,60세 ~ 99세 여성,565,167,3384,7,81,4.19,0,0,0,0,0,0,0,0,0,0,0,0,0,0,0,0,0,0,0,0,0,0,0,0,0,0,0,0,0,0,0,0,0,0,0,0,0,0,0,0,0,0,0,0,0,0,0.00,0,0.00,0.00
세탁기_커피소구_02,4640759,세탁기_트래픽_구독 페스티벌,1628465,2026.10.07.,네이버+ > 피드,14세 ~ 18세 남성,0,6,0,0,0,0.00,0,0,0,0,0,0,0,0,0,0,0,0,0,0,0,0,0,0,0,0,0,0,0,0,0,0,0,0,0,0,0,0,0,0,0,0,0,0,0,0,0,0,0,0,0,0,0.00,0,0.00,0.00
세탁기_커피소구_02,4640759,세탁기_트래픽_구독 페스티벌,1628465,2026.10.07.,네이버+ > 피드,19세 ~ 24세 남성,0,1,0,0,0,0.00,0,0,0,0,0,0,0,0,0,0,0,0,0,0,0,0,0,0,0,0,0,0,0,0,0,0,0,0,0,0,0,0,0,0,0,0,0,0,0,0,0,0,0,0,0,0,0.00,0,0.00,0.00
세탁기_커피소구_02,4640759,세탁기_트래픽_구독 페스티벌,1628465,2026.10.07.,네이버+ > 피드,25세 ~ 29세 남성,0,1,0,0,0,0.00,0,0,0,0,0,0,0,0,0,0,0,0,0,0,0,0,0,0,0,0,0,0,0,0,0,0,0,0,0,0,0,0,0,0,0,0,0,0,0,0,0,0,0,0,0,0,0.00,0,0.00,0.00
세탁기_커피소구_02,4640759,세탁기_트래픽_구독 페스티벌,1628465,2026.10.07.,네이버+ > 피드,50세 ~ 54세 남성,0,4,0,0,0,0.00,0,0,0,0,0,0,0,0,0,0,0,0,0,0,0,0,0,0,0,0,0,0,0,0,0,0,0,0,0,0,0,0,0,0,0,0,0,0,0,0,0,0,0,0,0,0,0.00,0,0.00,0.00
세탁기_커피소구_02,4640759,세탁기_트래픽_구독 페스티벌,1628465,2026.10.07.,네이버+ > 피드,55세 ~ 59세 남성,109,12,9095,1,109,8.33,0,0,0,0,0,0,0,0,0,0,0,0,0,0,0,0,0,0,0,0,0,0,0,0,0,0,0,0,0,0,0,0,0,0,0,0,0,0,0,0,0,0,0,0,0,0,0.00,0,0.00,0.00
세탁기_커피소구_02,4640759,세탁기_트래픽_구독 페스티벌,1628465,2026.10.07.,네이버+ > 피드,60세 ~ 99세 남성,682,172,3963,8,85,4.65,0,0,0,0,0,0,0,0,0,0,0,0,0,0,0,0,0,0,0,0,0,0,0,0,0,0,0,0,0,0,0,0,0,0,0,0,0,0,0,0,0,0,0,0,0,0,0.00,0,0.00,0.00
세탁기_커피소구_02,4640759,세탁기_트래픽_구독 페스티벌,1628465,2026.10.07.,네이버+ > 피드,40세 ~ 44세 성별 알 수 없음,0,2,0,0,0,0.00,0,0,0,0,0,0,0,0,0,0,0,0,0,0,0,0,0,0,0,0,0,0,0,0,0,0,0,0,0,0,0,0,0,0,0,0,0,0,0,0,0,0,0,0,0,0,0.00,0,0.00,0.00
세탁기_커피소구_02,4640759,세탁기_트래픽_구독 페스티벌,1628465,2026.10.07.,네이버+ > 피드,60세 ~ 99세 성별 알 수 없음,0,2,0,0,0,0.00,0,0,0,0,0,0,0,0,0,0,0,0,0,0,0,0,0,0,0,0,0,0,0,0,0,0,0,0,0,0,0,0,0,0,0,0,0,0,0,0,0,0,0,0,0,0,0.00,0,0.00,0.00
세탁기_커피소구_02,4640759,세탁기_트래픽_구독 페스티벌,1628465,2026.10.07.,네이버+ > 피드,알 수 없음,0,5,0,0,0,0.00,0,0,0,0,0,0,0,0,0,0,0,0,0,0,0,0,0,0,0,0,0,0,0,0,0,0,0,0,0,0,0,0,0,0,0,0,0,0,0,0,0,0,0,0,0,0,0.00,0,0.00,0.00
세탁기_커피소구_02,4640759,세탁기_트래픽_구독 페스티벌,1628465,2026.10.07.,네이버+ > 네이버 메인,14세 ~ 18세 여성,0,13,0,0,0,0.00,0,0,0,0,0,0,0,0,0,0,0,0,0,0,0,0,0,0,0,0,0,0,0,0,0,0,0,0,0,0,0,0,0,0,0,0,0,0,0,0,0,0,0,0,0,0,0.00,0,0.00,0.00
세탁기_커피소구_02,4640759,세탁기_트래픽_구독 페스티벌,1628465,2026.10.07.,네이버+ > 네이버 메인,19세 ~ 24세 여성,0,49,0,0,0,0.00,0,0,0,0,0,0,0,0,0,0,0,0,0,0,0,0,0,0,0,0,0,0,0,0,0,0,0,0,0,0,0,0,0,0,0,0,0,0,0,0,0,0,0,0,0,0,0.00,0,0.00,0.00
세탁기_커피소구_02,4640759,세탁기_트래픽_구독 페스티벌,1628465,2026.10.07.,네이버+ > 네이버 메인,25세 ~ 29세 여성,0,3,0,0,0,0.00,0,0,0,0,0,0,0,0,0,0,0,0,0,0,0,0,0,0,0,0,0,0,0,0,0,0,0,0,0,0,0,0,0,0,0,0,0,0,0,0,0,0,0,0,0,0,0.00,0,0.00,0.00
세탁기_커피소구_02,4640759,세탁기_트래픽_구독 페스티벌,1628465,2026.10.07.,네이버+ > 네이버 메인,35세 ~ 39세 여성,0,5,0,0,0,0.00,0,0,0,0,0,0,0,0,0,0,0,0,0,0,0,0,0,0,0,0,0,0,0,0,0,0,0,0,0,0,0,0,0,0,0,0,0,0,0,0,0,0,0,0,0,0,0.00,0,0.00,0.00
세탁기_커피소구_02,4640759,세탁기_트래픽_구독 페스티벌,1628465,2026.10.07.,네이버+ > 네이버 메인,40세 ~ 44세 여성,0,11,0,0,0,0.00,0,0,0,0,0,0,0,0,0,0,0,0,0,0,0,0,0,0,0,0,0,0,0,0,0,0,0,0,0,0,0,0,0,0,0,0,0,0,0,0,0,0,0,0,0,0,0.00,0,0.00,0.00
세탁기_커피소구_02,4640759,세탁기_트래픽_구독 페스티벌,1628465,2026.10.07.,네이버+ > 네이버 메인,45세 ~ 49세 여성,0,1,0,0,0,0.00,0,0,0,0,0,0,0,0,0,0,0,0,0,0,0,0,0,0,0,0,0,0,0,0,0,0,0,0,0,0,0,0,0,0,0,0,0,0,0,0,0,0,0,0,0,0,0.00,0,0.00,0.00
세탁기_커피소구_02,4640759,세탁기_트래픽_구독 페스티벌,1628465,2026.10.07.,네이버+ > 네이버 메인,50세 ~ 54세 여성,0,9,0,0,0,0.00,0,0,0,0,0,0,0,0,0,0,0,0,0,0,0,0,0,0,0,0,0,0,0,0,0,0,0,0,0,0,0,0,0,0,0,0,0,0,0,0,0,0,0,0,0,0,0.00,0,0.00,0.00
세탁기_커피소구_02,4640759,세탁기_트래픽_구독 페스티벌,1628465,2026.10.07.,네이버+ > 네이버 메인,55세 ~ 59세 여성,0,2,0,0,0,0.00,0,0,0,0,0,0,0,0,0,0,0,0,0,0,0,0,0,0,0,0,0,0,0,0,0,0,0,0,0,0,0,0,0,0,0,0,0,0,0,0,0,0,0,0,0,0,0.00,0,0.00,0.00
세탁기_커피소구_02,4640759,세탁기_트래픽_구독 페스티벌,1628465,2026.10.07.,네이버+ > 네이버 메인,60세 ~ 99세 여성,0,15,0,0,0,0.00,0,0,0,0,0,0,0,0,0,0,0,0,0,0,0,0,0,0,0,0,0,0,0,0,0,0,0,0,0,0,0,0,0,0,0,0,0,0,0,0,0,0,0,0,0,0,0.00,0,0.00,0.00
세탁기_커피소구_02,4640759,세탁기_트래픽_구독 페스티벌,1628465,2026.10.07.,네이버+ > 네이버 메인,"연령 알 수 없음 여성 ",0,10,0,0,0,0.00,0,0,0,0,0,0,0,0,0,0,0,0,0,0,0,0,0,0,0,0,0,0,0,0,0,0,0,0,0,0,0,0,0,0,0,0,0,0,0,0,0,0,0,0,0,0,0.00,0,0.00,0.00
세탁기_커피소구_02,4640759,세탁기_트래픽_구독 페스티벌,1628465,2026.10.07.,네이버+ > 네이버 메인,14세 ~ 18세 남성,0,72,0,0,0,0.00,0,0,0,0,0,0,0,0,0,0,0,0,0,0,0,0,0,0,0,0,0,0,0,0,0,0,0,0,0,0,0,0,0,0,0,0,0,0,0,0,0,0,0,0,0,0,0.00,0,0.00,0.00
세탁기_커피소구_02,4640759,세탁기_트래픽_구독 페스티벌,1628465,2026.10.07.,네이버+ > 네이버 메인,19세 ~ 24세 남성,0,110,0,0,0,0.00,0,0,0,0,0,0,0,0,0,0,0,0,0,0,0,0,0,0,0,0,0,0,0,0,0,0,0,0,0,0,0,0,0,0,0,0,0,0,0,0,0,0,0,0,0,0,0.00,0,0.00,0.00
세탁기_커피소구_02,4640759,세탁기_트래픽_구독 페스티벌,1628465,2026.10.07.,네이버+ > 네이버 메인,25세 ~ 29세 남성,0,92,0,0,0,0.00,0,0,0,0,0,0,0,0,0,0,0,0,0,0,0,0,0,0,0,0,0,0,0,0,0,0,0,0,0,0,0,0,0,0,0,0,0,0,0,0,0,0,0,0,0,0,0.00,0,0.00,0.00
세탁기_커피소구_02,4640759,세탁기_트래픽_구독 페스티벌,1628465,2026.10.07.,네이버+ > 네이버 메인,30세 ~ 34세 남성,0,7,0,0,0,0.00,0,0,0,0,0,0,0,0,0,0,0,0,0,0,0,0,0,0,0,0,0,0,0,0,0,0,0,0,0,0,0,0,0,0,0,0,0,0,0,0,0,0,0,0,0,0,0.00,0,0.00,0.00
세탁기_커피소구_02,4640759,세탁기_트래픽_구독 페스티벌,1628465,2026.10.07.,네이버+ > 네이버 메인,35세 ~ 39세 남성,0,39,0,0,0,0.00,0,0,0,0,0,0,0,0,0,0,0,0,0,0,0,0,0,0,0,0,0,0,0,0,0,0,0,0,0,0,0,0,0,0,0,0,0,0,0,0,0,0,0,0,0,0,0.00,0,0.00,0.00
세탁기_커피소구_02,4640759,세탁기_트래픽_구독 페스티벌,1628465,2026.10.07.,네이버+ > 네이버 메인,40세 ~ 44세 남성,0,44,0,0,0,0.00,0,0,0,0,0,0,0,0,0,0,0,0,0,0,0,0,0,0,0,0,0,0,0,0,0,0,0,0,0,0,0,0,0,0,0,0,0,0,0,0,0,0,0,0,0,0,0.00,0,0.00,0.00
세탁기_커피소구_02,4640759,세탁기_트래픽_구독 페스티벌,1628465,2026.10.07.,네이버+ > 네이버 메인,45세 ~ 49세 남성,0,66,0,0,0,0.00,0,0,0,0,0,0,0,0,0,0,0,0,0,0,0,0,0,0,0,0,0,0,0,0,0,0,0,0,0,0,0,0,0,0,0,0,0,0,0,0,0,0,0,0,0,0,0.00,0,0.00,0.00
세탁기_커피소구_02,4640759,세탁기_트래픽_구독 페스티벌,1628465,2026.10.07.,네이버+ > 네이버 메인,50세 ~ 54세 남성,0,34,0,0,0,0.00,0,0,0,0,0,0,0,0,0,0,0,0,0,0,0,0,0,0,0,0,0,0,0,0,0,0,0,0,0,0,0,0,0,0,0,0,0,0,0,0,0,0,0,0,0,0,0.00,0,0.00,0.00
세탁기_커피소구_02,4640759,세탁기_트래픽_구독 페스티벌,1628465,2026.10.07.,네이버+ > 네이버 메인,55세 ~ 59세 남성,0,56,0,0,0,0.00,0,0,0,0,0,0,0,0,0,0,0,0,0,0,0,0,0,0,0,0,0,0,0,0,0,0,0,0,0,0,0,0,0,0,0,0,0,0,0,0,0,0,0,0,0,0,0.00,0,0.00,0.00
세탁기_커피소구_02,4640759,세탁기_트래픽_구독 페스티벌,1628465,2026.10.07.,네이버+ > 네이버 메인,60세 ~ 99세 남성,0,84,0,0,0,0.00,0,0,0,0,0,0,0,0,0,0,0,0,0,0,0,0,0,0,0,0,0,0,0,0,0,0,0,0,0,0,0,0,0,0,0,0,0,0,0,0,0,0,0,0,0,0,0.00,0,0.00,0.00
세탁기_커피소구_02,4640759,세탁기_트래픽_구독 페스티벌,1628465,2026.10.07.,네이버+ > 네이버 메인,연령 알 수 없음 남성,0,92,0,0,0,0.00,0,0,0,0,0,0,0,0,0,0,0,0,0,0,0,0,0,0,0,0,0,0,0,0,0,0,0,0,0,0,0,0,0,0,0,0,0,0,0,0,0,0,0,0,0,0,0.00,0,0.00,0.00
세탁기_커피소구_02,4640759,세탁기_트래픽_구독 페스티벌,1628465,2026.10.07.,네이버+ > 네이버 메인,14세 ~ 18세 성별 알 수 없음,0,4,0,0,0,0.00,0,0,0,0,0,0,0,0,0,0,0,0,0,0,0,0,0,0,0,0,0,0,0,0,0,0,0,0,0,0,0,0,0,0,0,0,0,0,0,0,0,0,0,0,0,0,0.00,0,0.00,0.00
세탁기_커피소구_02,4640759,세탁기_트래픽_구독 페스티벌,1628465,2026.10.07.,네이버+ > 네이버 메인,19세 ~ 24세 성별 알 수 없음,0,5,0,0,0,0.00,0,0,0,0,0,0,0,0,0,0,0,0,0,0,0,0,0,0,0,0,0,0,0,0,0,0,0,0,0,0,0,0,0,0,0,0,0,0,0,0,0,0,0,0,0,0,0.00,0,0.00,0.00
세탁기_커피소구_02,4640759,세탁기_트래픽_구독 페스티벌,1628465,2026.10.07.,네이버+ > 네이버 메인,25세 ~ 29세 성별 알 수 없음,0,1,0,0,0,0.00,0,0,0,0,0,0,0,0,0,0,0,0,0,0,0,0,0,0,0,0,0,0,0,0,0,0,0,0,0,0,0,0,0,0,0,0,0,0,0,0,0,0,0,0,0,0,0.00,0,0.00,0.00
세탁기_커피소구_02,4640759,세탁기_트래픽_구독 페스티벌,1628465,2026.10.07.,네이버+ > 네이버 메인,알 수 없음,0,237,0,0,0,0.00,0,0,0,0,0,0,0,0,0,0,0,0,0,0,0,0,0,0,0,0,0,0,0,0,0,0,0,0,0,0,0,0,0,0,0,0,0,0,0,0,0,0,0,0,0,0,0.00,0,0.00,0.00
세탁기_커피소구_02,4640759,세탁기_트래픽_구독 페스티벌,1628465,2026.10.07.,네이버+ > 서비스 통합,14세 ~ 18세 여성,0,150,0,0,0,0.00,0,0,0,0,0,0,0,0,0,0,0,0,0,0,0,0,0,0,0,0,0,0,0,0,0,0,0,0,0,0,0,0,0,0,0,0,0,0,0,0,0,0,0,0,0,0,0.00,0,0.00,0.00
세탁기_커피소구_02,4640759,세탁기_트래픽_구독 페스티벌,1628465,2026.10.07.,네이버+ > 서비스 통합,19세 ~ 24세 여성,0,51,0,0,0,0.00,0,0,0,0,0,0,0,0,0,0,0,0,0,0,0,0,0,0,0,0,0,0,0,0,0,0,0,0,0,0,0,0,0,0,0,0,0,0,0,0,0,0,0,0,0,0,0.00,0,0.00,0.00
세탁기_커피소구_02,4640759,세탁기_트래픽_구독 페스티벌,1628465,2026.10.07.,네이버+ > 서비스 통합,25세 ~ 29세 여성,0,37,0,0,0,0.00,0,0,0,0,0,0,0,0,0,0,0,0,0,0,0,0,0,0,0,0,0,0,0,0,0,0,0,0,0,0,0,0,0,0,0,0,0,0,0,0,0,0,0,0,0,0,0.00,0,0.00,0.00
세탁기_커피소구_02,4640759,세탁기_트래픽_구독 페스티벌,1628465,2026.10.07.,네이버+ > 서비스 통합,30세 ~ 34세 여성,0,7,0,0,0,0.00,0,0,0,0,0,0,0,0,0,0,0,0,0,0,0,0,0,0,0,0,0,0,0,0,0,0,0,0,0,0,0,0,0,0,0,0,0,0,0,0,0,0,0,0,0,0,0.00,0,0.00,0.00
세탁기_커피소구_02,4640759,세탁기_트래픽_구독 페스티벌,1628465,2026.10.07.,네이버+ > 서비스 통합,35세 ~ 39세 여성,0,12,0,0,0,0.00,0,0,0,0,0,0,0,0,0,0,0,0,0,0,0,0,0,0,0,0,0,0,0,0,0,0,0,0,0,0,0,0,0,0,0,0,0,0,0,0,0,0,0,0,0,0,0.00,0,0.00,0.00
세탁기_커피소구_02,4640759,세탁기_트래픽_구독 페스티벌,1628465,2026.10.07.,네이버+ > 서비스 통합,40세 ~ 44세 여성,0,13,0,0,0,0.00,0,0,0,0,0,0,0,0,0,0,0,0,0,0,0,0,0,0,0,0,0,0,0,0,0,0,0,0,0,0,0,0,0,0,0,0,0,0,0,0,0,0,0,0,0,0,0.00,0,0.00,0.00
세탁기_커피소구_02,4640759,세탁기_트래픽_구독 페스티벌,1628465,2026.10.07.,네이버+ > 서비스 통합,45세 ~ 49세 여성,0,16,0,0,0,0.00,0,0,0,0,0,0,0,0,0,0,0,0,0,0,0,0,0,0,0,0,0,0,0,0,0,0,0,0,0,0,0,0,0,0,0,0,0,0,0,0,0,0,0,0,0,0,0.00,0,0.00,0.00
세탁기_커피소구_02,4640759,세탁기_트래픽_구독 페스티벌,1628465,2026.10.07.,네이버+ > 서비스 통합,50세 ~ 54세 여성,0,15,0,0,0,0.00,0,0,0,0,0,0,0,0,0,0,0,0,0,0,0,0,0,0,0,0,0,0,0,0,0,0,0,0,0,0,0,0,0,0,0,0,0,0,0,0,0,0,0,0,0,0,0.00,0,0.00,0.00
세탁기_커피소구_02,4640759,세탁기_트래픽_구독 페스티벌,1628465,2026.10.07.,네이버+ > 서비스 통합,55세 ~ 59세 여성,0,38,0,0,0,0.00,0,0,0,0,0,0,0,0,0,0,0,0,0,0,0,0,0,0,0,0,0,0,0,0,0,0,0,0,0,0,0,0,0,0,0,0,0,0,0,0,0,0,0,0,0,0,0.00,0,0.00,0.00
세탁기_커피소구_02,4640759,세탁기_트래픽_구독 페스티벌,1628465,2026.10.07.,네이버+ > 서비스 통합,60세 ~ 99세 여성,0,159,0,0,0,0.00,0,0,0,0,0,0,0,0,0,0,0,0,0,0,0,0,0,0,0,0,0,0,0,0,0,0,0,0,0,0,0,0,0,0,0,0,0,0,0,0,0,0,0,0,0,0,0.00,0,0.00,0.00
세탁기_커피소구_02,4640759,세탁기_트래픽_구독 페스티벌,1628465,2026.10.07.,네이버+ > 서비스 통합,"연령 알 수 없음 여성 ",0,30,0,0,0,0.00,0,0,0,0,0,0,0,0,0,0,0,0,0,0,0,0,0,0,0,0,0,0,0,0,0,0,0,0,0,0,0,0,0,0,0,0,0,0,0,0,0,0,0,0,0,0,0.00,0,0.00,0.00
세탁기_커피소구_02,4640759,세탁기_트래픽_구독 페스티벌,1628465,2026.10.07.,네이버+ > 서비스 통합,14세 ~ 18세 남성,220,1183,186,3,73,0.25,0,0,0,0,0,0,0,0,0,0,0,0,0,0,0,0,0,0,0,0,0,0,0,0,0,0,0,0,0,0,0,0,0,0,0,0,0,0,0,0,0,0,0,0,0,0,0.00,0,0.00,0.00
세탁기_커피소구_02,4640759,세탁기_트래픽_구독 페스티벌,1628465,2026.10.07.,네이버+ > 서비스 통합,19세 ~ 24세 남성,0,189,0,0,0,0.00,0,0,0,0,0,0,0,0,0,0,0,0,0,0,0,0,0,0,0,0,0,0,0,0,0,0,0,0,0,0,0,0,0,0,0,0,0,0,0,0,0,0,0,0,0,0,0.00,0,0.00,0.00
세탁기_커피소구_02,4640759,세탁기_트래픽_구독 페스티벌,1628465,2026.10.07.,네이버+ > 서비스 통합,25세 ~ 29세 남성,0,74,0,0,0,0.00,0,0,0,0,0,0,0,0,0,0,0,0,0,0,0,0,0,0,0,0,0,0,0,0,0,0,0,0,0,0,0,0,0,0,0,0,0,0,0,0,0,0,0,0,0,0,0.00,0,0.00,0.00
세탁기_커피소구_02,4640759,세탁기_트래픽_구독 페스티벌,1628465,2026.10.07.,네이버+ > 서비스 통합,30세 ~ 34세 남성,0,35,0,0,0,0.00,0,0,0,0,0,0,0,0,0,0,0,0,0,0,0,0,0,0,0,0,0,0,0,0,0,0,0,0,0,0,0,0,0,0,0,0,0,0,0,0,0,0,0,0,0,0,0.00,0,0.00,0.00
세탁기_커피소구_02,4640759,세탁기_트래픽_구독 페스티벌,1628465,2026.10.07.,네이버+ > 서비스 통합,35세 ~ 39세 남성,0,41,0,0,0,0.00,0,0,0,0,0,0,0,0,0,0,0,0,0,0,0,0,0,0,0,0,0,0,0,0,0,0,0,0,0,0,0,0,0,0,0,0,0,0,0,0,0,0,0,0,0,0,0.00,0,0.00,0.00
세탁기_커피소구_02,4640759,세탁기_트래픽_구독 페스티벌,1628465,2026.10.07.,네이버+ > 서비스 통합,40세 ~ 44세 남성,0,46,0,0,0,0.00,0,0,0,0,0,0,0,0,0,0,0,0,0,0,0,0,0,0,0,0,0,0,0,0,0,0,0,0,0,0,0,0,0,0,0,0,0,0,0,0,0,0,0,0,0,0,0.00,0,0.00,0.00
세탁기_커피소구_02,4640759,세탁기_트래픽_구독 페스티벌,1628465,2026.10.07.,네이버+ > 서비스 통합,45세 ~ 49세 남성,0,32,0,0,0,0.00,0,0,0,0,0,0,0,0,0,0,0,0,0,0,0,0,0,0,0,0,0,0,0,0,0,0,0,0,0,0,0,0,0,0,0,0,0,0,0,0,0,0,0,0,0,0,0.00,0,0.00,0.00
세탁기_커피소구_02,4640759,세탁기_트래픽_구독 페스티벌,1628465,2026.10.07.,네이버+ > 서비스 통합,50세 ~ 54세 남성,0,116,0,0,0,0.00,0,0,0,0,0,0,0,0,0,0,0,0,0,0,0,0,0,0,0,0,0,0,0,0,0,0,0,0,0,0,0,0,0,0,0,0,0,0,0,0,0,0,0,0,0,0,0.00,0,0.00,0.00
세탁기_커피소구_02,4640759,세탁기_트래픽_구독 페스티벌,1628465,2026.10.07.,네이버+ > 서비스 통합,55세 ~ 59세 남성,108,222,488,1,108,0.45,0,0,0,0,0,0,0,0,0,0,0,0,0,0,0,0,0,0,0,0,0,0,0,0,0,0,0,0,0,0,0,0,0,0,0,0,0,0,0,0,0,0,0,0,0,0,0.00,0,0.00,0.00
세탁기_커피소구_02,4640759,세탁기_트래픽_구독 페스티벌,1628465,2026.10.07.,네이버+ > 서비스 통합,60세 ~ 99세 남성,119,1129,105,1,119,0.09,0,0,0,0,0,0,0,0,0,0,0,0,0,0,0,0,0,0,0,0,0,0,0,0,0,0,0,0,0,0,0,0,0,0,0,0,0,0,0,0,0,0,0,0,0,0,0.00,0,0.00,0.00
세탁기_커피소구_02,4640759,세탁기_트래픽_구독 페스티벌,1628465,2026.10.07.,네이버+ > 서비스 통합,연령 알 수 없음 남성,0,190,0,0,0,0.00,0,0,0,0,0,0,0,0,0,0,0,0,0,0,0,0,0,0,0,0,0,0,0,0,0,0,0,0,0,0,0,0,0,0,0,0,0,0,0,0,0,0,0,0,0,0,0.00,0,0.00,0.00
세탁기_커피소구_02,4640759,세탁기_트래픽_구독 페스티벌,1628465,2026.10.07.,네이버+ > 서비스 통합,14세 ~ 18세 성별 알 수 없음,0,6,0,0,0,0.00,0,0,0,0,0,0,0,0,0,0,0,0,0,0,0,0,0,0,0,0,0,0,0,0,0,0,0,0,0,0,0,0,0,0,0,0,0,0,0,0,0,0,0,0,0,0,0.00,0,0.00,0.00
세탁기_커피소구_02,4640759,세탁기_트래픽_구독 페스티벌,1628465,2026.10.07.,네이버+ > 서비스 통합,19세 ~ 24세 성별 알 수 없음,0,3,0,0,0,0.00,0,0,0,0,0,0,0,0,0,0,0,0,0,0,0,0,0,0,0,0,0,0,0,0,0,0,0,0,0,0,0,0,0,0,0,0,0,0,0,0,0,0,0,0,0,0,0.00,0,0.00,0.00
세탁기_커피소구_02,4640759,세탁기_트래픽_구독 페스티벌,1628465,2026.10.07.,네이버+ > 서비스 통합,25세 ~ 29세 성별 알 수 없음,0,1,0,0,0,0.00,0,0,0,0,0,0,0,0,0,0,0,0,0,0,0,0,0,0,0,0,0,0,0,0,0,0,0,0,0,0,0,0,0,0,0,0,0,0,0,0,0,0,0,0,0,0,0.00,0,0.00,0.00
세탁기_커피소구_02,4640759,세탁기_트래픽_구독 페스티벌,1628465,2026.10.07.,네이버+ > 서비스 통합,30세 ~ 34세 성별 알 수 없음,0,1,0,0,0,0.00,0,0,0,0,0,0,0,0,0,0,0,0,0,0,0,0,0,0,0,0,0,0,0,0,0,0,0,0,0,0,0,0,0,0,0,0,0,0,0,0,0,0,0,0,0,0,0.00,0,0.00,0.00
세탁기_커피소구_02,4640759,세탁기_트래픽_구독 페스티벌,1628465,2026.10.07.,네이버+ > 서비스 통합,35세 ~ 39세 성별 알 수 없음,0,1,0,0,0,0.00,0,0,0,0,0,0,0,0,0,0,0,0,0,0,0,0,0,0,0,0,0,0,0,0,0,0,0,0,0,0,0,0,0,0,0,0,0,0,0,0,0,0,0,0,0,0,0.00,0,0.00,0.00
세탁기_커피소구_02,4640759,세탁기_트래픽_구독 페스티벌,1628465,2026.10.07.,네이버+ > 서비스 통합,50세 ~ 54세 성별 알 수 없음,0,1,0,0,0,0.00,0,0,0,0,0,0,0,0,0,0,0,0,0,0,0,0,0,0,0,0,0,0,0,0,0,0,0,0,0,0,0,0,0,0,0,0,0,0,0,0,0,0,0,0,0,0,0.00,0,0.00,0.00
세탁기_커피소구_02,4640759,세탁기_트래픽_구독 페스티벌,1628465,2026.10.07.,네이버+ > 서비스 통합,60세 ~ 99세 성별 알 수 없음,0,10,0,0,0,0.00,0,0,0,0,0,0,0,0,0,0,0,0,0,0,0,0,0,0,0,0,0,0,0,0,0,0,0,0,0,0,0,0,0,0,0,0,0,0,0,0,0,0,0,0,0,0,0.00,0,0.00,0.00
세탁기_커피소구_02,4640759,세탁기_트래픽_구독 페스티벌,1628465,2026.10.07.,네이버+ > 서비스 통합,알 수 없음,436,2581,169,4,109,0.15,0,0,0,0,0,0,0,0,0,0,0,0,0,0,0,0,0,0,0,0,0,0,0,0,0,0,0,0,0,0,0,0,0,0,0,0,0,0,0,0,0,0,0,0,0,0,0.00,0,0.00,0.00
세탁기_커피소구_02,4640759,세탁기_트래픽_구독 페스티벌,1628465,2026.10.07.,네이버 퍼포먼스 네트워크 > 서비스 통합,14세 ~ 18세 여성,453,1743,260,5,91,0.29,0,0,0,0,0,0,0,0,0,0,0,0,0,0,0,0,0,0,0,0,0,0,0,0,0,0,0,0,0,0,0,0,0,0,0,0,0,0,0,0,0,0,0,0,0,0,0.00,0,0.00,0.00
세탁기_커피소구_02,4640759,세탁기_트래픽_구독 페스티벌,1628465,2026.10.07.,네이버 퍼포먼스 네트워크 > 서비스 통합,19세 ~ 24세 여성,425,1868,227,4,106,0.21,0,0,0,0,0,0,0,0,0,0,0,0,0,0,0,0,0,0,0,0,0,0,0,0,0,0,0,0,0,0,0,0,0,0,0,0,0,0,0,0,0,0,0,0,0,0,0.00,0,0.00,0.00
세탁기_커피소구_02,4640759,세탁기_트래픽_구독 페스티벌,1628465,2026.10.07.,네이버 퍼포먼스 네트워크 > 서비스 통합,25세 ~ 29세 여성,109,1094,100,1,109,0.09,0,0,0,0,0,0,0,0,0,0,0,0,0,0,0,0,0,0,0,0,0,0,0,0,0,0,0,0,0,0,0,0,0,0,0,0,0,0,0,0,0,0,0,0,0,0,0.00,0,0.00,0.00
세탁기_커피소구_02,4640759,세탁기_트래픽_구독 페스티벌,1628465,2026.10.07.,네이버 퍼포먼스 네트워크 > 서비스 통합,30세 ~ 34세 여성,221,823,268,2,110,0.24,0,0,0,0,0,0,0,0,0,0,0,0,0,0,0,0,0,0,0,0,0,0,0,0,0,0,0,0,0,0,0,0,0,0,0,0,0,0,0,0,0,0,0,0,0,0,0.00,0,0.00,0.00
세탁기_커피소구_02,4640759,세탁기_트래픽_구독 페스티벌,1628465,2026.10.07.,네이버 퍼포먼스 네트워크 > 서비스 통합,35세 ~ 39세 여성,319,634,502,3,106,0.47,0,0,0,0,0,0,0,0,0,0,0,0,0,0,0,0,0,0,0,0,0,0,0,0,0,0,0,0,0,0,0,0,0,0,0,0,0,0,0,0,0,0,0,0,0,0,0.00,0,0.00,0.00
세탁기_커피소구_02,4640759,세탁기_트래픽_구독 페스티벌,1628465,2026.10.07.,네이버 퍼포먼스 네트워크 > 서비스 통합,40세 ~ 44세 여성,98,695,141,1,98,0.14,0,0,0,0,0,0,0,0,0,0,0,0,0,0,0,0,0,0,0,0,0,0,0,0,0,0,0,0,0,0,0,0,0,0,0,0,0,0,0,0,0,0,0,0,0,0,0.00,0,0.00,0.00
세탁기_커피소구_02,4640759,세탁기_트래픽_구독 페스티벌,1628465,2026.10.07.,네이버 퍼포먼스 네트워크 > 서비스 통합,45세 ~ 49세 여성,347,1581,220,3,116,0.19,0,0,0,0,0,0,0,0,0,0,0,0,0,0,0,0,0,0,0,0,0,0,0,0,0,0,0,0,0,0,0,0,0,0,0,0,0,0,0,0,0,0,0,0,0,0,0.00,0,0.00,0.00
세탁기_커피소구_02,4640759,세탁기_트래픽_구독 페스티벌,1628465,2026.10.07.,네이버 퍼포먼스 네트워크 > 서비스 통합,50세 ~ 54세 여성,208,2560,81,2,104,0.08,0,0,0,0,0,0,0,0,0,0,0,0,0,0,0,0,0,0,0,0,0,0,0,0,0,0,0,0,0,0,0,0,0,0,0,0,0,0,0,0,0,0,0,0,0,0,0.00,0,0.00,0.00
세탁기_커피소구_02,4640759,세탁기_트래픽_구독 페스티벌,1628465,2026.10.07.,네이버 퍼포먼스 네트워크 > 서비스 통합,55세 ~ 59세 여성,1123,4120,273,11,102,0.27,0,0,0,0,0,0,0,0,0,0,0,0,0,0,0,0,0,0,0,0,0,0,0,0,0,0,0,0,0,0,0,0,0,0,0,0,0,0,0,0,0,0,0,0,0,0,0.00,0,0.00,0.00
세탁기_커피소구_02,4640759,세탁기_트래픽_구독 페스티벌,1628465,2026.10.07.,네이버 퍼포먼스 네트워크 > 서비스 통합,60세 ~ 99세 여성,7453,19368,385,73,102,0.38,0,0,0,0,0,0,0,0,0,0,0,0,0,0,0,0,0,0,0,0,0,0,0,0,0,0,0,0,0,0,0,0,0,0,0,0,0,0,0,0,0,0,0,0,0,0,0.00,0,0.00,0.00
세탁기_커피소구_02,4640759,세탁기_트래픽_구독 페스티벌,1628465,2026.10.07.,네이버 퍼포먼스 네트워크 > 서비스 통합,"연령 알 수 없음 여성 ",208,1127,185,2,104,0.18,0,0,0,0,0,0,0,0,0,0,0,0,0,0,0,0,0,0,0,0,0,0,0,0,0,0,0,0,0,0,0,0,0,0,0,0,0,0,0,0,0,0,0,0,0,0,0.00,0,0.00,0.00
세탁기_커피소구_02,4640759,세탁기_트래픽_구독 페스티벌,1628465,2026.10.07.,네이버 퍼포먼스 네트워크 > 서비스 통합,14세 ~ 18세 남성,1207,3997,302,13,93,0.33,0,0,0,0,0,0,0,0,0,0,0,0,0,0,0,0,0,0,0,0,0,0,0,0,0,0,0,0,0,0,0,0,0,0,0,0,0,0,0,0,0,0,0,0,0,0,0.00,0,0.00,0.00
세탁기_커피소구_02,4640759,세탁기_트래픽_구독 페스티벌,1628465,2026.10.07.,네이버 퍼포먼스 네트워크 > 서비스 통합,19세 ~ 24세 남성,309,7508,41,3,103,0.04,0,0,0,0,0,0,0,0,0,0,0,0,0,0,0,0,0,0,0,0,0,0,0,0,0,0,0,0,0,0,0,0,0,0,0,0,0,0,0,0,0,0,0,0,0,0,0.00,0,0.00,0.00
세탁기_커피소구_02,4640759,세탁기_트래픽_구독 페스티벌,1628465,2026.10.07.,네이버 퍼포먼스 네트워크 > 서비스 통합,25세 ~ 29세 남성,1244,8546,146,11,113,0.13,0,0,0,0,0,0,0,0,0,0,0,0,0,0,0,0,0,0,0,0,0,0,0,0,0,0,0,0,0,0,0,0,0,0,0,0,0,0,0,0,0,0,0,0,0,0,0.00,0,0.00,0.00
세탁기_커피소구_02,4640759,세탁기_트래픽_구독 페스티벌,1628465,2026.10.07.,네이버 퍼포먼스 네트워크 > 서비스 통합,30세 ~ 34세 남성,406,7335,55,4,102,0.05,0,0,0,0,0,0,0,0,0,0,0,0,0,0,0,0,0,0,0,0,0,0,0,0,0,0,0,0,0,0,0,0,0,0,0,0,0,0,0,0,0,0,0,0,0,0,0.00,0,0.00,0.00
세탁기_커피소구_02,4640759,세탁기_트래픽_구독 페스티벌,1628465,2026.10.07.,네이버 퍼포먼스 네트워크 > 서비스 통합,35세 ~ 39세 남성,403,4925,82,4,101,0.08,0,0,0,0,0,0,0,0,0,0,0,0,0,0,0,0,0,0,0,0,0,0,0,0,0,0,0,0,0,0,0,0,0,0,0,0,0,0,0,0,0,0,0,0,0,0,0.00,0,0.00,0.00
세탁기_커피소구_02,4640759,세탁기_트래픽_구독 페스티벌,1628465,2026.10.07.,네이버 퍼포먼스 네트워크 > 서비스 통합,40세 ~ 44세 남성,126,3754,33,1,126,0.03,0,0,0,0,0,0,0,0,0,0,0,0,0,0,0,0,0,0,0,0,0,0,0,0,0,0,0,0,0,0,0,0,0,0,0,0,0,0,0,0,0,0,0,0,0,0,0.00,0,0.00,0.00
세탁기_커피소구_02,4640759,세탁기_트래픽_구독 페스티벌,1628465,2026.10.07.,네이버 퍼포먼스 네트워크 > 서비스 통합,45세 ~ 49세 남성,465,3263,143,4,116,0.12,0,0,0,0,0,0,0,0,0,0,0,0,0,0,0,0,0,0,0,0,0,0,0,0,0,0,0,0,0,0,0,0,0,0,0,0,0,0,0,0,0,0,0,0,0,0,0.00,0,0.00,0.00
세탁기_커피소구_02,4640759,세탁기_트래픽_구독 페스티벌,1628465,2026.10.07.,네이버 퍼포먼스 네트워크 > 서비스 통합,50세 ~ 54세 남성,1376,6142,224,13,106,0.21,0,0,0,0,0,0,0,0,0,0,0,0,0,0,0,0,0,0,0,0,0,0,0,0,0,0,0,0,0,0,0,0,0,0,0,0,0,0,0,0,0,0,0,0,0,0,0.00,0,0.00,0.00
세탁기_커피소구_02,4640759,세탁기_트래픽_구독 페스티벌,1628465,2026.10.07.,네이버 퍼포먼스 네트워크 > 서비스 통합,55세 ~ 59세 남성,1269,6902,184,12,106,0.17,0,0,0,0,0,0,0,0,0,0,0,0,0,0,0,0,0,0,0,0,0,0,0,0,0,0,0,0,0,0,0,0,0,0,0,0,0,0,0,0,0,0,0,0,0,0,0.00,0,0.00,0.00
세탁기_커피소구_02,4640759,세탁기_트래픽_구독 페스티벌,1628465,2026.10.07.,네이버 퍼포먼스 네트워크 > 서비스 통합,60세 ~ 99세 남성,6539,25637,255,66,99,0.26,0,0,0,0,0,0,0,0,0,0,0,0,0,0,0,0,0,0,0,0,0,0,0,0,0,0,0,0,0,0,0,0,0,0,0,0,0,0,0,0,0,0,0,0,0,0,0.00,0,0.00,0.00
세탁기_커피소구_02,4640759,세탁기_트래픽_구독 페스티벌,1628465,2026.10.07.,네이버 퍼포먼스 네트워크 > 서비스 통합,연령 알 수 없음 남성,571,11184,51,6,95,0.05,0,0,0,0,0,0,0,0,0,0,0,0,0,0,0,0,0,0,0,0,0,0,0,0,0,0,0,0,0,0,0,0,0,0,0,0,0,0,0,0,0,0,0,0,0,0,0.00,0,0.00,0.00
세탁기_커피소구_02,4640759,세탁기_트래픽_구독 페스티벌,1628465,2026.10.07.,네이버 퍼포먼스 네트워크 > 서비스 통합,14세 ~ 18세 성별 알 수 없음,0,124,0,0,0,0.00,0,0,0,0,0,0,0,0,0,0,0,0,0,0,0,0,0,0,0,0,0,0,0,0,0,0,0,0,0,0,0,0,0,0,0,0,0,0,0,0,0,0,0,0,0,0,0.00,0,0.00,0.00
세탁기_커피소구_02,4640759,세탁기_트래픽_구독 페스티벌,1628465,2026.10.07.,네이버 퍼포먼스 네트워크 > 서비스 통합,19세 ~ 24세 성별 알 수 없음,0,160,0,0,0,0.00,0,0,0,0,0,0,0,0,0,0,0,0,0,0,0,0,0,0,0,0,0,0,0,0,0,0,0,0,0,0,0,0,0,0,0,0,0,0,0,0,0,0,0,0,0,0,0.00,0,0.00,0.00
세탁기_커피소구_02,4640759,세탁기_트래픽_구독 페스티벌,1628465,2026.10.07.,네이버 퍼포먼스 네트워크 > 서비스 통합,25세 ~ 29세 성별 알 수 없음,0,236,0,0,0,0.00,0,0,0,0,0,0,0,0,0,0,0,0,0,0,0,0,0,0,0,0,0,0,0,0,0,0,0,0,0,0,0,0,0,0,0,0,0,0,0,0,0,0,0,0,0,0,0.00,0,0.00,0.00
세탁기_커피소구_02,4640759,세탁기_트래픽_구독 페스티벌,1628465,2026.10.07.,네이버 퍼포먼스 네트워크 > 서비스 통합,30세 ~ 34세 성별 알 수 없음,0,150,0,0,0,0.00,0,0,0,0,0,0,0,0,0,0,0,0,0,0,0,0,0,0,0,0,0,0,0,0,0,0,0,0,0,0,0,0,0,0,0,0,0,0,0,0,0,0,0,0,0,0,0.00,0,0.00,0.00
세탁기_커피소구_02,4640759,세탁기_트래픽_구독 페스티벌,1628465,2026.10.07.,네이버 퍼포먼스 네트워크 > 서비스 통합,35세 ~ 39세 성별 알 수 없음,0,92,0,0,0,0.00,0,0,0,0,0,0,0,0,0,0,0,0,0,0,0,0,0,0,0,0,0,0,0,0,0,0,0,0,0,0,0,0,0,0,0,0,0,0,0,0,0,0,0,0,0,0,0.00,0,0.00,0.00
세탁기_커피소구_02,4640759,세탁기_트래픽_구독 페스티벌,1628465,2026.10.07.,네이버 퍼포먼스 네트워크 > 서비스 통합,40세 ~ 44세 성별 알 수 없음,0,106,0,0,0,0.00,0,0,0,0,0,0,0,0,0,0,0,0,0,0,0,0,0,0,0,0,0,0,0,0,0,0,0,0,0,0,0,0,0,0,0,0,0,0,0,0,0,0,0,0,0,0,0.00,0,0.00,0.00
세탁기_커피소구_02,4640759,세탁기_트래픽_구독 페스티벌,1628465,2026.10.07.,네이버 퍼포먼스 네트워크 > 서비스 통합,45세 ~ 49세 성별 알 수 없음,0,70,0,0,0,0.00,0,0,0,0,0,0,0,0,0,0,0,0,0,0,0,0,0,0,0,0,0,0,0,0,0,0,0,0,0,0,0,0,0,0,0,0,0,0,0,0,0,0,0,0,0,0,0.00,0,0.00,0.00
세탁기_커피소구_02,4640759,세탁기_트래픽_구독 페스티벌,1628465,2026.10.07.,네이버 퍼포먼스 네트워크 > 서비스 통합,50세 ~ 54세 성별 알 수 없음,0,94,0,0,0,0.00,0,0,0,0,0,0,0,0,0,0,0,0,0,0,0,0,0,0,0,0,0,0,0,0,0,0,0,0,0,0,0,0,0,0,0,0,0,0,0,0,0,0,0,0,0,0,0.00,0,0.00,0.00
세탁기_커피소구_02,4640759,세탁기_트래픽_구독 페스티벌,1628465,2026.10.07.,네이버 퍼포먼스 네트워크 > 서비스 통합,55세 ~ 59세 성별 알 수 없음,0,51,0,0,0,0.00,0,0,0,0,0,0,0,0,0,0,0,0,0,0,0,0,0,0,0,0,0,0,0,0,0,0,0,0,0,0,0,0,0,0,0,0,0,0,0,0,0,0,0,0,0,0,0.00,0,0.00,0.00
세탁기_커피소구_02,4640759,세탁기_트래픽_구독 페스티벌,1628465,2026.10.07.,네이버 퍼포먼스 네트워크 > 서비스 통합,60세 ~ 99세 성별 알 수 없음,0,342,0,0,0,0.00,0,0,0,0,0,0,0,0,0,0,0,0,0,0,0,0,0,0,0,0,0,0,0,0,0,0,0,0,0,0,0,0,0,0,0,0,0,0,0,0,0,0,0,0,0,0,0.00,0,0.00,0.00
세탁기_커피소구_02,4640759,세탁기_트래픽_구독 페스티벌,1628465,2026.10.07.,네이버 퍼포먼스 네트워크 > 서비스 통합,알 수 없음,894,9086,98,10,89,0.11,0,0,0,0,0,0,0,0,0,0,0,0,0,0,0,0,0,0,0,0,0,0,0,0,0,0,0,0,0,0,0,0,0,0,0,0,0,0,0,0,0,0,0,0,0,0,0.00,0,0.00,0.00
세탁기_커피소구_02,4640759,세탁기_트래픽_구독 페스티벌,1628465,2026.10.07.,네이버 퍼포먼스 네트워크 > 피드,14세 ~ 18세 여성,0,12,0,0,0,0.00,0,0,0,0,0,0,0,0,0,0,0,0,0,0,0,0,0,0,0,0,0,0,0,0,0,0,0,0,0,0,0,0,0,0,0,0,0,0,0,0,0,0,0,0,0,0,0.00,0,0.00,0.00
세탁기_커피소구_02,4640759,세탁기_트래픽_구독 페스티벌,1628465,2026.10.07.,네이버 퍼포먼스 네트워크 > 피드,19세 ~ 24세 여성,0,3,0,0,0,0.00,0,0,0,0,0,0,0,0,0,0,0,0,0,0,0,0,0,0,0,0,0,0,0,0,0,0,0,0,0,0,0,0,0,0,0,0,0,0,0,0,0,0,0,0,0,0,0.00,0,0.00,0.00
세탁기_커피소구_02,4640759,세탁기_트래픽_구독 페스티벌,1628465,2026.10.07.,네이버 퍼포먼스 네트워크 > 피드,40세 ~ 44세 여성,0,3,0,0,0,0.00,0,0,0,0,0,0,0,0,0,0,0,0,0,0,0,0,0,0,0,0,0,0,0,0,0,0,0,0,0,0,0,0,0,0,0,0,0,0,0,0,0,0,0,0,0,0,0.00,0,0.00,0.00
세탁기_커피소구_02,4640759,세탁기_트래픽_구독 페스티벌,1628465,2026.10.07.,네이버 퍼포먼스 네트워크 > 피드,45세 ~ 49세 여성,0,29,0,0,0,0.00,0,0,0,0,0,0,0,0,0,0,0,0,0,0,0,0,0,0,0,0,0,0,0,0,0,0,0,0,0,0,0,0,0,0,0,0,0,0,0,0,0,0,0,0,0,0,0.00,0,0.00,0.00
세탁기_커피소구_02,4640759,세탁기_트래픽_구독 페스티벌,1628465,2026.10.07.,네이버 퍼포먼스 네트워크 > 피드,50세 ~ 54세 여성,0,11,0,0,0,0.00,0,0,0,0,0,0,0,0,0,0,0,0,0,0,0,0,0,0,0,0,0,0,0,0,0,0,0,0,0,0,0,0,0,0,0,0,0,0,0,0,0,0,0,0,0,0,0.00,0,0.00,0.00
세탁기_커피소구_02,4640759,세탁기_트래픽_구독 페스티벌,1628465,2026.10.07.,네이버 퍼포먼스 네트워크 > 피드,55세 ~ 59세 여성,0,11,0,0,0,0.00,0,0,0,0,0,0,0,0,0,0,0,0,0,0,0,0,0,0,0,0,0,0,0,0,0,0,0,0,0,0,0,0,0,0,0,0,0,0,0,0,0,0,0,0,0,0,0.00,0,0.00,0.00
세탁기_커피소구_02,4640759,세탁기_트래픽_구독 페스티벌,1628465,2026.10.07.,네이버 퍼포먼스 네트워크 > 피드,60세 ~ 99세 여성,236,106,2222,2,118,1.89,0,0,0,0,0,0,0,0,0,0,0,0,0,0,0,0,0,0,0,0,0,0,0,0,0,0,0,0,0,0,0,0,0,0,0,0,0,0,0,0,0,0,0,0,0,0,0.00,0,0.00,0.00
세탁기_커피소구_02,4640759,세탁기_트래픽_구독 페스티벌,1628465,2026.10.07.,네이버 퍼포먼스 네트워크 > 피드,14세 ~ 18세 남성,0,13,0,0,0,0.00,0,0,0,0,0,0,0,0,0,0,0,0,0,0,0,0,0,0,0,0,0,0,0,0,0,0,0,0,0,0,0,0,0,0,0,0,0,0,0,0,0,0,0,0,0,0,0.00,0,0.00,0.00
세탁기_커피소구_02,4640759,세탁기_트래픽_구독 페스티벌,1628465,2026.10.07.,네이버 퍼포먼스 네트워크 > 피드,19세 ~ 24세 남성,0,4,0,0,0,0.00,0,0,0,0,0,0,0,0,0,0,0,0,0,0,0,0,0,0,0,0,0,0,0,0,0,0,0,0,0,0,0,0,0,0,0,0,0,0,0,0,0,0,0,0,0,0,0.00,0,0.00,0.00
세탁기_커피소구_02,4640759,세탁기_트래픽_구독 페스티벌,1628465,2026.10.07.,네이버 퍼포먼스 네트워크 > 피드,25세 ~ 29세 남성,0,1,0,0,0,0.00,0,0,0,0,0,0,0,0,0,0,0,0,0,0,0,0,0,0,0,0,0,0,0,0,0,0,0,0,0,0,0,0,0,0,0,0,0,0,0,0,0,0,0,0,0,0,0.00,0,0.00,0.00
세탁기_커피소구_02,4640759,세탁기_트래픽_구독 페스티벌,1628465,2026.10.07.,네이버 퍼포먼스 네트워크 > 피드,30세 ~ 34세 남성,0,2,0,0,0,0.00,0,0,0,0,0,0,0,0,0,0,0,0,0,0,0,0,0,0,0,0,0,0,0,0,0,0,0,0,0,0,0,0,0,0,0,0,0,0,0,0,0,0,0,0,0,0,0.00,0,0.00,0.00
세탁기_커피소구_02,4640759,세탁기_트래픽_구독 페스티벌,1628465,2026.10.07.,네이버 퍼포먼스 네트워크 > 피드,35세 ~ 39세 남성,0,1,0,0,0,0.00,0,0,0,0,0,0,0,0,0,0,0,0,0,0,0,0,0,0,0,0,0,0,0,0,0,0,0,0,0,0,0,0,0,0,0,0,0,0,0,0,0,0,0,0,0,0,0.00,0,0.00,0.00
세탁기_커피소구_02,4640759,세탁기_트래픽_구독 페스티벌,1628465,2026.10.07.,네이버 퍼포먼스 네트워크 > 피드,40세 ~ 44세 남성,0,1,0,0,0,0.00,0,0,0,0,0,0,0,0,0,0,0,0,0,0,0,0,0,0,0,0,0,0,0,0,0,0,0,0,0,0,0,0,0,0,0,0,0,0,0,0,0,0,0,0,0,0,0.00,0,0.00,0.00
세탁기_커피소구_02,4640759,세탁기_트래픽_구독 페스티벌,1628465,2026.10.07.,네이버 퍼포먼스 네트워크 > 피드,45세 ~ 49세 남성,0,19,0,0,0,0.00,0,0,0,0,0,0,0,0,0,0,0,0,0,0,0,0,0,0,0,0,0,0,0,0,0,0,0,0,0,0,0,0,0,0,0,0,0,0,0,0,0,0,0,0,0,0,0.00,0,0.00,0.00
세탁기_커피소구_02,4640759,세탁기_트래픽_구독 페스티벌,1628465,2026.10.07.,네이버 퍼포먼스 네트워크 > 피드,50세 ~ 54세 남성,0,9,0,0,0,0.00,0,0,0,0,0,0,0,0,0,0,0,0,0,0,0,0,0,0,0,0,0,0,0,0,0,0,0,0,0,0,0,0,0,0,0,0,0,0,0,0,0,0,0,0,0,0,0.00,0,0.00,0.00
세탁기_커피소구_02,4640759,세탁기_트래픽_구독 페스티벌,1628465,2026.10.07.,네이버 퍼포먼스 네트워크 > 피드,55세 ~ 59세 남성,0,15,0,0,0,0.00,0,0,0,0,0,0,0,0,0,0,0,0,0,0,0,0,0,0,0,0,0,0,0,0,0,0,0,0,0,0,0,0,0,0,0,0,0,0,0,0,0,0,0,0,0,0,0.00,0,0.00,0.00
세탁기_커피소구_02,4640759,세탁기_트래픽_구독 페스티벌,1628465,2026.10.07.,네이버 퍼포먼스 네트워크 > 피드,60세 ~ 99세 남성,0,62,0,0,0,0.00,0,0,0,0,0,0,0,0,0,0,0,0,0,0,0,0,0,0,0,0,0,0,0,0,0,0,0,0,0,0,0,0,0,0,0,0,0,0,0,0,0,0,0,0,0,0,0.00,0,0.00,0.00
세탁기_커피소구_02,4640759,세탁기_트래픽_구독 페스티벌,1628465,2026.10.07.,네이버 퍼포먼스 네트워크 > 피드,알 수 없음,0,30,0,0,0,0.00,0,0,0,0,0,0,0,0,0,0,0,0,0,0,0,0,0,0,0,0,0,0,0,0,0,0,0,0,0,0,0,0,0,0,0,0,0,0,0,0,0,0,0,0,0,0,0.00,0,0.00,0.00
세탁기_커피소구_02,4640759,세탁기_트래픽_구독 페스티벌,1628465,2026.10.06.,네이버+ > 피드,14세 ~ 18세 여성,0,2,0,0,0,0.00,0,0,0,0,0,0,0,0,0,0,0,0,0,0,0,0,0,0,0,0,0,0,0,0,0,0,0,0,0,0,0,0,0,0,0,0,0,0,0,0,0,0,0,0,0,0,0.00,0,0.00,0.00
세탁기_커피소구_02,4640759,세탁기_트래픽_구독 페스티벌,1628465,2026.10.06.,네이버+ > 피드,35세 ~ 39세 여성,0,1,0,0,0,0.00,0,0,0,0,0,0,0,0,0,0,0,0,0,0,0,0,0,0,0,0,0,0,0,0,0,0,0,0,0,0,0,0,0,0,0,0,0,0,0,0,0,0,0,0,0,0,0.00,0,0.00,0.00
세탁기_커피소구_02,4640759,세탁기_트래픽_구독 페스티벌,1628465,2026.10.06.,네이버+ > 피드,40세 ~ 44세 여성,105,5,20950,1,105,20.00,0,0,0,0,0,0,0,0,0,0,0,0,0,0,0,0,0,0,0,0,0,0,0,0,0,0,0,0,0,0,0,0,0,0,0,0,0,0,0,0,0,0,0,0,0,0,0.00,0,0.00,0.00
세탁기_커피소구_02,4640759,세탁기_트래픽_구독 페스티벌,1628465,2026.10.06.,네이버+ > 피드,45세 ~ 49세 여성,0,4,0,0,0,0.00,0,0,0,0,0,0,0,0,0,0,0,0,0,0,0,0,0,0,0,0,0,0,0,0,0,0,0,0,0,0,0,0,0,0,0,0,0,0,0,0,0,0,0,0,0,0,0.00,0,0.00,0.00
세탁기_커피소구_02,4640759,세탁기_트래픽_구독 페스티벌,1628465,2026.10.06.,네이버+ > 피드,50세 ~ 54세 여성,0,9,0,0,0,0.00,0,0,0,0,0,0,0,0,0,0,0,0,0,0,0,0,0,0,0,0,0,0,0,0,0,0,0,0,0,0,0,0,0,0,0,0,0,0,0,0,0,0,0,0,0,0,0.00,0,0.00,0.00
세탁기_커피소구_02,4640759,세탁기_트래픽_구독 페스티벌,1628465,2026.10.06.,네이버+ > 피드,55세 ~ 59세 여성,0,19,0,0,0,0.00,0,0,0,0,0,0,0,0,0,0,0,0,0,0,0,0,0,0,0,0,0,0,0,0,0,0,0,0,0,0,0,0,0,0,0,0,0,0,0,0,0,0,0,0,0,0,0.00,0,0.00,0.00
세탁기_커피소구_02,4640759,세탁기_트래픽_구독 페스티벌,1628465,2026.10.06.,네이버+ > 피드,60세 ~ 99세 여성,695,375,1854,8,87,2.13,0,0,0,0,0,0,0,0,0,0,0,0,0,0,0,0,0,0,0,0,0,0,0,0,0,0,0,0,0,0,0,0,0,0,0,0,0,0,0,0,0,0,0,0,0,0,0.00,0,0.00,0.00
세탁기_커피소구_02,4640759,세탁기_트래픽_구독 페스티벌,1628465,2026.10.06.,네이버+ > 피드,"연령 알 수 없음 여성 ",0,1,0,0,0,0.00,0,0,0,0,0,0,0,0,0,0,0,0,0,0,0,0,0,0,0,0,0,0,0,0,0,0,0,0,0,0,0,0,0,0,0,0,0,0,0,0,0,0,0,0,0,0,0.00,0,0.00,0.00
세탁기_커피소구_02,4640759,세탁기_트래픽_구독 페스티벌,1628465,2026.10.06.,네이버+ > 피드,14세 ~ 18세 남성,0,2,0,0,0,0.00,0,0,0,0,0,0,0,0,0,0,0,0,0,0,0,0,0,0,0,0,0,0,0,0,0,0,0,0,0,0,0,0,0,0,0,0,0,0,0,0,0,0,0,0,0,0,0.00,0,0.00,0.00
세탁기_커피소구_02,4640759,세탁기_트래픽_구독 페스티벌,1628465,2026.10.06.,네이버+ > 피드,35세 ~ 39세 남성,0,1,0,0,0,0.00,0,0,0,0,0,0,0,0,0,0,0,0,0,0,0,0,0,0,0,0,0,0,0,0,0,0,0,0,0,0,0,0,0,0,0,0,0,0,0,0,0,0,0,0,0,0,0.00,0,0.00,0.00
세탁기_커피소구_02,4640759,세탁기_트래픽_구독 페스티벌,1628465,2026.10.06.,네이버+ > 피드,45세 ~ 49세 남성,0,1,0,0,0,0.00,0,0,0,0,0,0,0,0,0,0,0,0,0,0,0,0,0,0,0,0,0,0,0,0,0,0,0,0,0,0,0,0,0,0,0,0,0,0,0,0,0,0,0,0,0,0,0.00,0,0.00,0.00
세탁기_커피소구_02,4640759,세탁기_트래픽_구독 페스티벌,1628465,2026.10.06.,네이버+ > 피드,50세 ~ 54세 남성,0,2,0,0,0,0.00,0,0,0,0,0,0,0,0,0,0,0,0,0,0,0,0,0,0,0,0,0,0,0,0,0,0,0,0,0,0,0,0,0,0,0,0,0,0,0,0,0,0,0,0,0,0,0.00,0,0.00,0.00
세탁기_커피소구_02,4640759,세탁기_트래픽_구독 페스티벌,1628465,2026.10.06.,네이버+ > 피드,55세 ~ 59세 남성,216,13,16644,2,108,15.38,0,0,0,0,0,0,0,0,0,0,0,0,0,0,0,0,0,0,0,0,0,0,0,0,0,0,0,0,0,0,0,0,0,0,0,0,0,0,0,0,0,0,0,0,0,0,0.00,0,0.00,0.00
세탁기_커피소구_02,4640759,세탁기_트래픽_구독 페스티벌,1628465,2026.10.06.,네이버+ > 피드,60세 ~ 99세 남성,291,180,1619,3,97,1.67,0,0,0,0,0,0,0,0,0,0,0,0,0,0,0,0,0,0,0,0,0,0,0,0,0,0,0,0,0,0,0,0,0,0,0,0,0,0,0,0,0,0,0,0,0,0,0.00,0,0.00,0.00
세탁기_커피소구_02,4640759,세탁기_트래픽_구독 페스티벌,1628465,2026.10.06.,네이버+ > 피드,55세 ~ 59세 성별 알 수 없음,0,2,0,0,0,0.00,0,0,0,0,0,0,0,0,0,0,0,0,0,0,0,0,0,0,0,0,0,0,0,0,0,0,0,0,0,0,0,0,0,0,0,0,0,0,0,0,0,0,0,0,0,0,0.00,0,0.00,0.00
세탁기_커피소구_02,4640759,세탁기_트래픽_구독 페스티벌,1628465,2026.10.06.,네이버+ > 피드,60세 ~ 99세 성별 알 수 없음,0,3,0,0,0,0.00,0,0,0,0,0,0,0,0,0,0,0,0,0,0,0,0,0,0,0,0,0,0,0,0,0,0,0,0,0,0,0,0,0,0,0,0,0,0,0,0,0,0,0,0,0,0,0.00,0,0.00,0.00
세탁기_커피소구_02,4640759,세탁기_트래픽_구독 페스티벌,1628465,2026.10.06.,네이버+ > 피드,알 수 없음,92,8,11481,1,92,12.50,0,0,0,0,0,0,0,0,0,0,0,0,0,0,0,0,0,0,0,0,0,0,0,0,0,0,0,0,0,0,0,0,0,0,0,0,0,0,0,0,0,0,0,0,0,0,0.00,0,0.00,0.00
세탁기_커피소구_02,4640759,세탁기_트래픽_구독 페스티벌,1628465,2026.10.06.,네이버+ > 네이버 메인,14세 ~ 18세 여성,0,144,0,0,0,0.00,0,0,0,0,0,0,0,0,0,0,0,0,0,0,0,0,0,0,0,0,0,0,0,0,0,0,0,0,0,0,0,0,0,0,0,0,0,0,0,0,0,0,0,0,0,0,0.00,0,0.00,0.00
세탁기_커피소구_02,4640759,세탁기_트래픽_구독 페스티벌,1628465,2026.10.06.,네이버+ > 네이버 메인,19세 ~ 24세 여성,0,527,0,0,0,0.00,0,0,0,0,0,0,0,0,0,0,0,0,0,0,0,0,0,0,0,0,0,0,0,0,0,0,0,0,0,0,0,0,0,0,0,0,0,0,0,0,0,0,0,0,0,0,0.00,0,0.00,0.00
세탁기_커피소구_02,4640759,세탁기_트래픽_구독 페스티벌,1628465,2026.10.06.,네이버+ > 네이버 메인,25세 ~ 29세 여성,0,121,0,0,0,0.00,0,0,0,0,0,0,0,0,0,0,0,0,0,0,0,0,0,0,0,0,0,0,0,0,0,0,0,0,0,0,0,0,0,0,0,0,0,0,0,0,0,0,0,0,0,0,0.00,0,0.00,0.00
세탁기_커피소구_02,4640759,세탁기_트래픽_구독 페스티벌,1628465,2026.10.06.,네이버+ > 네이버 메인,30세 ~ 34세 여성,0,25,0,0,0,0.00,0,0,0,0,0,0,0,0,0,0,0,0,0,0,0,0,0,0,0,0,0,0,0,0,0,0,0,0,0,0,0,0,0,0,0,0,0,0,0,0,0,0,0,0,0,0,0.00,0,0.00,0.00
세탁기_커피소구_02,4640759,세탁기_트래픽_구독 페스티벌,1628465,2026.10.06.,네이버+ > 네이버 메인,35세 ~ 39세 여성,0,23,0,0,0,0.00,0,0,0,0,0,0,0,0,0,0,0,0,0,0,0,0,0,0,0,0,0,0,0,0,0,0,0,0,0,0,0,0,0,0,0,0,0,0,0,0,0,0,0,0,0,0,0.00,0,0.00,0.00
세탁기_커피소구_02,4640759,세탁기_트래픽_구독 페스티벌,1628465,2026.10.06.,네이버+ > 네이버 메인,40세 ~ 44세 여성,0,15,0,0,0,0.00,0,0,0,0,0,0,0,0,0,0,0,0,0,0,0,0,0,0,0,0,0,0,0,0,0,0,0,0,0,0,0,0,0,0,0,0,0,0,0,0,0,0,0,0,0,0,0.00,0,0.00,0.00
세탁기_커피소구_02,4640759,세탁기_트래픽_구독 페스티벌,1628465,2026.10.06.,네이버+ > 네이버 메인,45세 ~ 49세 여성,0,10,0,0,0,0.00,0,0,0,0,0,0,0,0,0,0,0,0,0,0,0,0,0,0,0,0,0,0,0,0,0,0,0,0,0,0,0,0,0,0,0,0,0,0,0,0,0,0,0,0,0,0,0.00,0,0.00,0.00
세탁기_커피소구_02,4640759,세탁기_트래픽_구독 페스티벌,1628465,2026.10.06.,네이버+ > 네이버 메인,50세 ~ 54세 여성,0,10,0,0,0,0.00,0,0,0,0,0,0,0,0,0,0,0,0,0,0,0,0,0,0,0,0,0,0,0,0,0,0,0,0,0,0,0,0,0,0,0,0,0,0,0,0,0,0,0,0,0,0,0.00,0,0.00,0.00
세탁기_커피소구_02,4640759,세탁기_트래픽_구독 페스티벌,1628465,2026.10.06.,네이버+ > 네이버 메인,55세 ~ 59세 여성,119,19,6274,1,119,5.26,0,0,0,0,0,0,0,0,0,0,0,0,0,0,0,0,0,0,0,0,0,0,0,0,0,0,0,0,0,0,0,0,0,0,0,0,0,0,0,0,0,0,0,0,0,0,0.00,0,0.00,0.00
세탁기_커피소구_02,4640759,세탁기_트래픽_구독 페스티벌,1628465,2026.10.06.,네이버+ > 네이버 메인,60세 ~ 99세 여성,0,119,0,0,0,0.00,0,0,0,0,0,0,0,0,0,0,0,0,0,0,0,0,0,0,0,0,0,0,0,0,0,0,0,0,0,0,0,0,0,0,0,0,0,0,0,0,0,0,0,0,0,0,0.00,0,0.00,0.00
세탁기_커피소구_02,4640759,세탁기_트래픽_구독 페스티벌,1628465,2026.10.06.,네이버+ > 네이버 메인,"연령 알 수 없음 여성 ",0,479,0,0,0,0.00,0,0,0,0,0,0,0,0,0,0,0,0,0,0,0,0,0,0,0,0,0,0,0,0,0,0,0,0,0,0,0,0,0,0,0,0,0,0,0,0,0,0,0,0,0,0,0.00,0,0.00,0.00
세탁기_커피소구_02,4640759,세탁기_트래픽_구독 페스티벌,1628465,2026.10.06.,네이버+ > 네이버 메인,14세 ~ 18세 남성,0,213,0,0,0,0.00,0,0,0,0,0,0,0,0,0,0,0,0,0,0,0,0,0,0,0,0,0,0,0,0,0,0,0,0,0,0,0,0,0,0,0,0,0,0,0,0,0,0,0,0,0,0,0.00,0,0.00,0.00
세탁기_커피소구_02,4640759,세탁기_트래픽_구독 페스티벌,1628465,2026.10.06.,네이버+ > 네이버 메인,19세 ~ 24세 남성,0,445,0,0,0,0.00,0,0,0,0,0,0,0,0,0,0,0,0,0,0,0,0,0,0,0,0,0,0,0,0,0,0,0,0,0,0,0,0,0,0,0,0,0,0,0,0,0,0,0,0,0,0,0.00,0,0.00,0.00
세탁기_커피소구_02,4640759,세탁기_트래픽_구독 페스티벌,1628465,2026.10.06.,네이버+ > 네이버 메인,25세 ~ 29세 남성,0,239,0,0,0,0.00,0,0,0,0,0,0,0,0,0,0,0,0,0,0,0,0,0,0,0,0,0,0,0,0,0,0,0,0,0,0,0,0,0,0,0,0,0,0,0,0,0,0,0,0,0,0,0.00,0,0.00,0.00
세탁기_커피소구_02,4640759,세탁기_트래픽_구독 페스티벌,1628465,2026.10.06.,네이버+ > 네이버 메인,30세 ~ 34세 남성,0,90,0,0,0,0.00,0,0,0,0,0,0,0,0,0,0,0,0,0,0,0,0,0,0,0,0,0,0,0,0,0,0,0,0,0,0,0,0,0,0,0,0,0,0,0,0,0,0,0,0,0,0,0.00,0,0.00,0.00
세탁기_커피소구_02,4640759,세탁기_트래픽_구독 페스티벌,1628465,2026.10.06.,네이버+ > 네이버 메인,35세 ~ 39세 남성,0,94,0,0,0,0.00,0,0,0,0,0,0,0,0,0,0,0,0,0,0,0,0,0,0,0,0,0,0,0,0,0,0,0,0,0,0,0,0,0,0,0,0,0,0,0,0,0,0,0,0,0,0,0.00,0,0.00,0.00
세탁기_커피소구_02,4640759,세탁기_트래픽_구독 페스티벌,1628465,2026.10.06.,네이버+ > 네이버 메인,40세 ~ 44세 남성,0,82,0,0,0,0.00,0,0,0,0,0,0,0,0,0,0,0,0,0,0,0,0,0,0,0,0,0,0,0,0,0,0,0,0,0,0,0,0,0,0,0,0,0,0,0,0,0,0,0,0,0,0,0.00,0,0.00,0.00
세탁기_커피소구_02,4640759,세탁기_트래픽_구독 페스티벌,1628465,2026.10.06.,네이버+ > 네이버 메인,45세 ~ 49세 남성,0,111,0,0,0,0.00,0,0,0,0,0,0,0,0,0,0,0,0,0,0,0,0,0,0,0,0,0,0,0,0,0,0,0,0,0,0,0,0,0,0,0,0,0,0,0,0,0,0,0,0,0,0,0.00,0,0.00,0.00
세탁기_커피소구_02,4640759,세탁기_트래픽_구독 페스티벌,1628465,2026.10.06.,네이버+ > 네이버 메인,50세 ~ 54세 남성,0,89,0,0,0,0.00,0,0,0,0,0,0,0,0,0,0,0,0,0,0,0,0,0,0,0,0,0,0,0,0,0,0,0,0,0,0,0,0,0,0,0,0,0,0,0,0,0,0,0,0,0,0,0.00,0,0.00,0.00
세탁기_커피소구_02,4640759,세탁기_트래픽_구독 페스티벌,1628465,2026.10.06.,네이버+ > 네이버 메인,55세 ~ 59세 남성,0,106,0,0,0,0.00,0,0,0,0,0,0,0,0,0,0,0,0,0,0,0,0,0,0,0,0,0,0,0,0,0,0,0,0,0,0,0,0,0,0,0,0,0,0,0,0,0,0,0,0,0,0,0.00,0,0.00,0.00
세탁기_커피소구_02,4640759,세탁기_트래픽_구독 페스티벌,1628465,2026.10.06.,네이버+ > 네이버 메인,60세 ~ 99세 남성,0,395,0,0,0,0.00,0,0,0,0,0,0,0,0,0,0,0,0,0,0,0,0,0,0,0,0,0,0,0,0,0,0,0,0,0,0,0,0,0,0,0,0,0,0,0,0,0,0,0,0,0,0,0.00,0,0.00,0.00
세탁기_커피소구_02,4640759,세탁기_트래픽_구독 페스티벌,1628465,2026.10.06.,네이버+ > 네이버 메인,연령 알 수 없음 남성,0,791,0,0,0,0.00,0,0,0,0,0,0,0,0,0,0,0,0,0,0,0,0,0,0,0,0,0,0,0,0,0,0,0,0,0,0,0,0,0,0,0,0,0,0,0,0,0,0,0,0,0,0,0.00,0,0.00,0.00
세탁기_커피소구_02,4640759,세탁기_트래픽_구독 페스티벌,1628465,2026.10.06.,네이버+ > 네이버 메인,14세 ~ 18세 성별 알 수 없음,0,7,0,0,0,0.00,0,0,0,0,0,0,0,0,0,0,0,0,0,0,0,0,0,0,0,0,0,0,0,0,0,0,0,0,0,0,0,0,0,0,0,0,0,0,0,0,0,0,0,0,0,0,0.00,0,0.00,0.00
세탁기_커피소구_02,4640759,세탁기_트래픽_구독 페스티벌,1628465,2026.10.06.,네이버+ > 네이버 메인,19세 ~ 24세 성별 알 수 없음,0,29,0,0,0,0.00,0,0,0,0,0,0,0,0,0,0,0,0,0,0,0,0,0,0,0,0,0,0,0,0,0,0,0,0,0,0,0,0,0,0,0,0,0,0,0,0,0,0,0,0,0,0,0.00,0,0.00,0.00
세탁기_커피소구_02,4640759,세탁기_트래픽_구독 페스티벌,1628465,2026.10.06.,네이버+ > 네이버 메인,25세 ~ 29세 성별 알 수 없음,0,3,0,0,0,0.00,0,0,0,0,0,0,0,0,0,0,0,0,0,0,0,0,0,0,0,0,0,0,0,0,0,0,0,0,0,0,0,0,0,0,0,0,0,0,0,0,0,0,0,0,0,0,0.00,0,0.00,0.00
세탁기_커피소구_02,4640759,세탁기_트래픽_구독 페스티벌,1628465,2026.10.06.,네이버+ > 네이버 메인,30세 ~ 34세 성별 알 수 없음,0,3,0,0,0,0.00,0,0,0,0,0,0,0,0,0,0,0,0,0,0,0,0,0,0,0,0,0,0,0,0,0,0,0,0,0,0,0,0,0,0,0,0,0,0,0,0,0,0,0,0,0,0,0.00,0,0.00,0.00
세탁기_커피소구_02,4640759,세탁기_트래픽_구독 페스티벌,1628465,2026.10.06.,네이버+ > 네이버 메인,35세 ~ 39세 성별 알 수 없음,0,1,0,0,0,0.00,0,0,0,0,0,0,0,0,0,0,0,0,0,0,0,0,0,0,0,0,0,0,0,0,0,0,0,0,0,0,0,0,0,0,0,0,0,0,0,0,0,0,0,0,0,0,0.00,0,0.00,0.00
세탁기_커피소구_02,4640759,세탁기_트래픽_구독 페스티벌,1628465,2026.10.06.,네이버+ > 네이버 메인,40세 ~ 44세 성별 알 수 없음,0,7,0,0,0,0.00,0,0,0,0,0,0,0,0,0,0,0,0,0,0,0,0,0,0,0,0,0,0,0,0,0,0,0,0,0,0,0,0,0,0,0,0,0,0,0,0,0,0,0,0,0,0,0.00,0,0.00,0.00
세탁기_커피소구_02,4640759,세탁기_트래픽_구독 페스티벌,1628465,2026.10.06.,네이버+ > 네이버 메인,50세 ~ 54세 성별 알 수 없음,0,5,0,0,0,0.00,0,0,0,0,0,0,0,0,0,0,0,0,0,0,0,0,0,0,0,0,0,0,0,0,0,0,0,0,0,0,0,0,0,0,0,0,0,0,0,0,0,0,0,0,0,0,0.00,0,0.00,0.00
세탁기_커피소구_02,4640759,세탁기_트래픽_구독 페스티벌,1628465,2026.10.06.,네이버+ > 네이버 메인,60세 ~ 99세 성별 알 수 없음,0,11,0,0,0,0.00,0,0,0,0,0,0,0,0,0,0,0,0,0,0,0,0,0,0,0,0,0,0,0,0,0,0,0,0,0,0,0,0,0,0,0,0,0,0,0,0,0,0,0,0,0,0,0.00,0,0.00,0.00
세탁기_커피소구_02,4640759,세탁기_트래픽_구독 페스티벌,1628465,2026.10.06.,네이버+ > 네이버 메인,알 수 없음,303,3831,79,3,101,0.08,0,0,0,0,0,0,0,0,0,0,0,0,0,0,0,0,0,0,0,0,0,0,0,0,0,0,0,0,0,0,0,0,0,0,0,0,0,0,0,0,0,0,0,0,0,0,0.00,0,0.00,0.00
세탁기_커피소구_02,4640759,세탁기_트래픽_구독 페스티벌,1628465,2026.10.06.,네이버+ > 서비스 통합,14세 ~ 18세 여성,0,362,0,0,0,0.00,0,0,0,0,0,0,0,0,0,0,0,0,0,0,0,0,0,0,0,0,0,0,0,0,0,0,0,0,0,0,0,0,0,0,0,0,0,0,0,0,0,0,0,0,0,0,0.00,0,0.00,0.00
세탁기_커피소구_02,4640759,세탁기_트래픽_구독 페스티벌,1628465,2026.10.06.,네이버+ > 서비스 통합,19세 ~ 24세 여성,0,305,0,0,0,0.00,0,0,0,0,0,0,0,0,0,0,0,0,0,0,0,0,0,0,0,0,0,0,0,0,0,0,0,0,0,0,0,0,0,0,0,0,0,0,0,0,0,0,0,0,0,0,0.00,0,0.00,0.00
세탁기_커피소구_02,4640759,세탁기_트래픽_구독 페스티벌,1628465,2026.10.06.,네이버+ > 서비스 통합,25세 ~ 29세 여성,0,181,0,0,0,0.00,0,0,0,0,0,0,0,0,0,0,0,0,0,0,0,0,0,0,0,0,0,0,0,0,0,0,0,0,0,0,0,0,0,0,0,0,0,0,0,0,0,0,0,0,0,0,0.00,0,0.00,0.00
세탁기_커피소구_02,4640759,세탁기_트래픽_구독 페스티벌,1628465,2026.10.06.,네이버+ > 서비스 통합,30세 ~ 34세 여성,0,61,0,0,0,0.00,0,0,0,0,0,0,0,0,0,0,0,0,0,0,0,0,0,0,0,0,0,0,0,0,0,0,0,0,0,0,0,0,0,0,0,0,0,0,0,0,0,0,0,0,0,0,0.00,0,0.00,0.00
세탁기_커피소구_02,4640759,세탁기_트래픽_구독 페스티벌,1628465,2026.10.06.,네이버+ > 서비스 통합,35세 ~ 39세 여성,0,47,0,0,0,0.00,0,0,0,0,0,0,0,0,0,0,0,0,0,0,0,0,0,0,0,0,0,0,0,0,0,0,0,0,0,0,0,0,0,0,0,0,0,0,0,0,0,0,0,0,0,0,0.00,0,0.00,0.00
세탁기_커피소구_02,4640759,세탁기_트래픽_구독 페스티벌,1628465,2026.10.06.,네이버+ > 서비스 통합,40세 ~ 44세 여성,0,37,0,0,0,0.00,0,0,0,0,0,0,0,0,0,0,0,0,0,0,0,0,0,0,0,0,0,0,0,0,0,0,0,0,0,0,0,0,0,0,0,0,0,0,0,0,0,0,0,0,0,0,0.00,0,0.00,0.00
세탁기_커피소구_02,4640759,세탁기_트래픽_구독 페스티벌,1628465,2026.10.06.,네이버+ > 서비스 통합,45세 ~ 49세 여성,0,43,0,0,0,0.00,0,0,0,0,0,0,0,0,0,0,0,0,0,0,0,0,0,0,0,0,0,0,0,0,0,0,0,0,0,0,0,0,0,0,0,0,0,0,0,0,0,0,0,0,0,0,0.00,0,0.00,0.00
세탁기_커피소구_02,4640759,세탁기_트래픽_구독 페스티벌,1628465,2026.10.06.,네이버+ > 서비스 통합,50세 ~ 54세 여성,0,63,0,0,0,0.00,0,0,0,0,0,0,0,0,0,0,0,0,0,0,0,0,0,0,0,0,0,0,0,0,0,0,0,0,0,0,0,0,0,0,0,0,0,0,0,0,0,0,0,0,0,0,0.00,0,0.00,0.00
세탁기_커피소구_02,4640759,세탁기_트래픽_구독 페스티벌,1628465,2026.10.06.,네이버+ > 서비스 통합,55세 ~ 59세 여성,0,115,0,0,0,0.00,0,0,0,0,0,0,0,0,0,0,0,0,0,0,0,0,0,0,0,0,0,0,0,0,0,0,0,0,0,0,0,0,0,0,0,0,0,0,0,0,0,0,0,0,0,0,0.00,0,0.00,0.00
세탁기_커피소구_02,4640759,세탁기_트래픽_구독 페스티벌,1628465,2026.10.06.,네이버+ > 서비스 통합,60세 ~ 99세 여성,0,440,0,0,0,0.00,0,0,0,0,0,0,0,0,0,0,0,0,0,0,0,0,0,0,0,0,0,0,0,0,0,0,0,0,0,0,0,0,0,0,0,0,0,0,0,0,0,0,0,0,0,0,0.00,0,0.00,0.00
세탁기_커피소구_02,4640759,세탁기_트래픽_구독 페스티벌,1628465,2026.10.06.,네이버+ > 서비스 통합,"연령 알 수 없음 여성 ",0,302,0,0,0,0.00,0,0,0,0,0,0,0,0,0,0,0,0,0,0,0,0,0,0,0,0,0,0,0,0,0,0,0,0,0,0,0,0,0,0,0,0,0,0,0,0,0,0,0,0,0,0,0.00,0,0.00,0.00
세탁기_커피소구_02,4640759,세탁기_트래픽_구독 페스티벌,1628465,2026.10.06.,네이버+ > 서비스 통합,14세 ~ 18세 남성,314,1394,225,3,105,0.22,0,0,0,0,0,0,0,0,0,0,0,0,0,0,0,0,0,0,0,0,0,0,0,0,0,0,0,0,0,0,0,0,0,0,0,0,0,0,0,0,0,0,0,0,0,0,0.00,0,0.00,0.00
세탁기_커피소구_02,4640759,세탁기_트래픽_구독 페스티벌,1628465,2026.10.06.,네이버+ > 서비스 통합,19세 ~ 24세 남성,0,477,0,0,0,0.00,0,0,0,0,0,0,0,0,0,0,0,0,0,0,0,0,0,0,0,0,0,0,0,0,0,0,0,0,0,0,0,0,0,0,0,0,0,0,0,0,0,0,0,0,0,0,0.00,0,0.00,0.00
세탁기_커피소구_02,4640759,세탁기_트래픽_구독 페스티벌,1628465,2026.10.06.,네이버+ > 서비스 통합,25세 ~ 29세 남성,125,452,277,1,125,0.22,0,0,0,0,0,0,0,0,0,0,0,0,0,0,0,0,0,0,0,0,0,0,0,0,0,0,0,0,0,0,0,0,0,0,0,0,0,0,0,0,0,0,0,0,0,0,0.00,0,0.00,0.00
세탁기_커피소구_02,4640759,세탁기_트래픽_구독 페스티벌,1628465,2026.10.06.,네이버+ > 서비스 통합,30세 ~ 34세 남성,119,172,693,1,119,0.58,0,0,0,0,0,0,0,0,0,0,0,0,0,0,0,0,0,0,0,0,0,0,0,0,0,0,0,0,0,0,0,0,0,0,0,0,0,0,0,0,0,0,0,0,0,0,0.00,0,0.00,0.00
세탁기_커피소구_02,4640759,세탁기_트래픽_구독 페스티벌,1628465,2026.10.06.,네이버+ > 서비스 통합,35세 ~ 39세 남성,0,142,0,0,0,0.00,0,0,0,0,0,0,0,0,0,0,0,0,0,0,0,0,0,0,0,0,0,0,0,0,0,0,0,0,0,0,0,0,0,0,0,0,0,0,0,0,0,0,0,0,0,0,0.00,0,0.00,0.00
세탁기_커피소구_02,4640759,세탁기_트래픽_구독 페스티벌,1628465,2026.10.06.,네이버+ > 서비스 통합,40세 ~ 44세 남성,0,134,0,0,0,0.00,0,0,0,0,0,0,0,0,0,0,0,0,0,0,0,0,0,0,0,0,0,0,0,0,0,0,0,0,0,0,0,0,0,0,0,0,0,0,0,0,0,0,0,0,0,0,0.00,0,0.00,0.00
세탁기_커피소구_02,4640759,세탁기_트래픽_구독 페스티벌,1628465,2026.10.06.,네이버+ > 서비스 통합,45세 ~ 49세 남성,121,133,908,1,121,0.75,0,0,0,0,0,0,0,0,0,0,0,0,0,0,0,0,0,0,0,0,0,0,0,0,0,0,0,0,0,0,0,0,0,0,0,0,0,0,0,0,0,0,0,0,0,0,0.00,0,0.00,0.00
세탁기_커피소구_02,4640759,세탁기_트래픽_구독 페스티벌,1628465,2026.10.06.,네이버+ > 서비스 통합,50세 ~ 54세 남성,0,280,0,0,0,0.00,0,0,0,0,0,0,0,0,0,0,0,0,0,0,0,0,0,0,0,0,0,0,0,0,0,0,0,0,0,0,0,0,0,0,0,0,0,0,0,0,0,0,0,0,0,0,0.00,0,0.00,0.00
세탁기_커피소구_02,4640759,세탁기_트래픽_구독 페스티벌,1628465,2026.10.06.,네이버+ > 서비스 통합,55세 ~ 59세 남성,0,411,0,0,0,0.00,0,0,0,0,0,0,0,0,0,0,0,0,0,0,0,0,0,0,0,0,0,0,0,0,0,0,0,0,0,0,0,0,0,0,0,0,0,0,0,0,0,0,0,0,0,0,0.00,0,0.00,0.00
세탁기_커피소구_02,4640759,세탁기_트래픽_구독 페스티벌,1628465,2026.10.06.,네이버+ > 서비스 통합,60세 ~ 99세 남성,118,2018,58,1,118,0.05,0,0,0,0,0,0,0,0,0,0,0,0,0,0,0,0,0,0,0,0,0,0,0,0,0,0,0,0,0,0,0,0,0,0,0,0,0,0,0,0,0,0,0,0,0,0,0.00,0,0.00,0.00
세탁기_커피소구_02,4640759,세탁기_트래픽_구독 페스티벌,1628465,2026.10.06.,네이버+ > 서비스 통합,연령 알 수 없음 남성,0,1121,0,0,0,0.00,0,0,0,0,0,0,0,0,0,0,0,0,0,0,0,0,0,0,0,0,0,0,0,0,0,0,0,0,0,0,0,0,0,0,0,0,0,0,0,0,0,0,0,0,0,0,0.00,0,0.00,0.00
세탁기_커피소구_02,4640759,세탁기_트래픽_구독 페스티벌,1628465,2026.10.06.,네이버+ > 서비스 통합,14세 ~ 18세 성별 알 수 없음,0,18,0,0,0,0.00,0,0,0,0,0,0,0,0,0,0,0,0,0,0,0,0,0,0,0,0,0,0,0,0,0,0,0,0,0,0,0,0,0,0,0,0,0,0,0,0,0,0,0,0,0,0,0.00,0,0.00,0.00
세탁기_커피소구_02,4640759,세탁기_트래픽_구독 페스티벌,1628465,2026.10.06.,네이버+ > 서비스 통합,19세 ~ 24세 성별 알 수 없음,0,19,0,0,0,0.00,0,0,0,0,0,0,0,0,0,0,0,0,0,0,0,0,0,0,0,0,0,0,0,0,0,0,0,0,0,0,0,0,0,0,0,0,0,0,0,0,0,0,0,0,0,0,0.00,0,0.00,0.00
세탁기_커피소구_02,4640759,세탁기_트래픽_구독 페스티벌,1628465,2026.10.06.,네이버+ > 서비스 통합,25세 ~ 29세 성별 알 수 없음,0,24,0,0,0,0.00,0,0,0,0,0,0,0,0,0,0,0,0,0,0,0,0,0,0,0,0,0,0,0,0,0,0,0,0,0,0,0,0,0,0,0,0,0,0,0,0,0,0,0,0,0,0,0.00,0,0.00,0.00
세탁기_커피소구_02,4640759,세탁기_트래픽_구독 페스티벌,1628465,2026.10.06.,네이버+ > 서비스 통합,30세 ~ 34세 성별 알 수 없음,0,12,0,0,0,0.00,0,0,0,0,0,0,0,0,0,0,0,0,0,0,0,0,0,0,0,0,0,0,0,0,0,0,0,0,0,0,0,0,0,0,0,0,0,0,0,0,0,0,0,0,0,0,0.00,0,0.00,0.00
세탁기_커피소구_02,4640759,세탁기_트래픽_구독 페스티벌,1628465,2026.10.06.,네이버+ > 서비스 통합,35세 ~ 39세 성별 알 수 없음,0,12,0,0,0,0.00,0,0,0,0,0,0,0,0,0,0,0,0,0,0,0,0,0,0,0,0,0,0,0,0,0,0,0,0,0,0,0,0,0,0,0,0,0,0,0,0,0,0,0,0,0,0,0.00,0,0.00,0.00
세탁기_커피소구_02,4640759,세탁기_트래픽_구독 페스티벌,1628465,2026.10.06.,네이버+ > 서비스 통합,40세 ~ 44세 성별 알 수 없음,0,11,0,0,0,0.00,0,0,0,0,0,0,0,0,0,0,0,0,0,0,0,0,0,0,0,0,0,0,0,0,0,0,0,0,0,0,0,0,0,0,0,0,0,0,0,0,0,0,0,0,0,0,0.00,0,0.00,0.00
세탁기_커피소구_02,4640759,세탁기_트래픽_구독 페스티벌,1628465,2026.10.06.,네이버+ > 서비스 통합,45세 ~ 49세 성별 알 수 없음,0,8,0,0,0,0.00,0,0,0,0,0,0,0,0,0,0,0,0,0,0,0,0,0,0,0,0,0,0,0,0,0,0,0,0,0,0,0,0,0,0,0,0,0,0,0,0,0,0,0,0,0,0,0.00,0,0.00,0.00
세탁기_커피소구_02,4640759,세탁기_트래픽_구독 페스티벌,1628465,2026.10.06.,네이버+ > 서비스 통합,50세 ~ 54세 성별 알 수 없음,0,5,0,0,0,0.00,0,0,0,0,0,0,0,0,0,0,0,0,0,0,0,0,0,0,0,0,0,0,0,0,0,0,0,0,0,0,0,0,0,0,0,0,0,0,0,0,0,0,0,0,0,0,0.00,0,0.00,0.00
세탁기_커피소구_02,4640759,세탁기_트래픽_구독 페스티벌,1628465,2026.10.06.,네이버+ > 서비스 통합,55세 ~ 59세 성별 알 수 없음,0,15,0,0,0,0.00,0,0,0,0,0,0,0,0,0,0,0,0,0,0,0,0,0,0,0,0,0,0,0,0,0,0,0,0,0,0,0,0,0,0,0,0,0,0,0,0,0,0,0,0,0,0,0.00,0,0.00,0.00
세탁기_커피소구_02,4640759,세탁기_트래픽_구독 페스티벌,1628465,2026.10.06.,네이버+ > 서비스 통합,60세 ~ 99세 성별 알 수 없음,0,21,0,0,0,0.00,0,0,0,0,0,0,0,0,0,0,0,0,0,0,0,0,0,0,0,0,0,0,0,0,0,0,0,0,0,0,0,0,0,0,0,0,0,0,0,0,0,0,0,0,0,0,0.00,0,0.00,0.00
세탁기_커피소구_02,4640759,세탁기_트래픽_구독 페스티벌,1628465,2026.10.06.,네이버+ > 서비스 통합,알 수 없음,0,3861,0,0,0,0.00,0,0,0,0,0,0,0,0,0,0,0,0,0,0,0,0,0,0,0,0,0,0,0,0,0,0,0,0,0,0,0,0,0,0,0,0,0,0,0,0,0,0,0,0,0,0,0.00,0,0.00,0.00
세탁기_커피소구_02,4640759,세탁기_트래픽_구독 페스티벌,1628465,2026.10.06.,네이버 퍼포먼스 네트워크 > 서비스 통합,14세 ~ 18세 여성,650,1972,329,6,108,0.30,0,0,0,0,0,0,0,0,0,0,0,0,0,0,0,0,0,0,0,0,0,0,0,0,0,0,0,0,0,0,0,0,0,0,0,0,0,0,0,0,0,0,0,0,0,0,0.00,0,0.00,0.00
세탁기_커피소구_02,4640759,세탁기_트래픽_구독 페스티벌,1628465,2026.10.06.,네이버 퍼포먼스 네트워크 > 서비스 통합,19세 ~ 24세 여성,113,1565,72,1,113,0.06,0,0,0,0,0,0,0,0,0,0,0,0,0,0,0,0,0,0,0,0,0,0,0,0,0,0,0,0,0,0,0,0,0,0,0,0,0,0,0,0,0,0,0,0,0,0,0.00,0,0.00,0.00
세탁기_커피소구_02,4640759,세탁기_트래픽_구독 페스티벌,1628465,2026.10.06.,네이버 퍼포먼스 네트워크 > 서비스 통합,25세 ~ 29세 여성,121,1275,95,1,121,0.08,0,0,0,0,0,0,0,0,0,0,0,0,0,0,0,0,0,0,0,0,0,0,0,0,0,0,0,0,0,0,0,0,0,0,0,0,0,0,0,0,0,0,0,0,0,0,0.00,0,0.00,0.00
세탁기_커피소구_02,4640759,세탁기_트래픽_구독 페스티벌,1628465,2026.10.06.,네이버 퍼포먼스 네트워크 > 서비스 통합,30세 ~ 34세 여성,98,1004,98,1,98,0.10,0,0,0,0,0,0,0,0,0,0,0,0,0,0,0,0,0,0,0,0,0,0,0,0,0,0,0,0,0,0,0,0,0,0,0,0,0,0,0,0,0,0,0,0,0,0,0.00,0,0.00,0.00
세탁기_커피소구_02,4640759,세탁기_트래픽_구독 페스티벌,1628465,2026.10.06.,네이버 퍼포먼스 네트워크 > 서비스 통합,35세 ~ 39세 여성,0,824,0,0,0,0.00,0,0,0,0,0,0,0,0,0,0,0,0,0,0,0,0,0,0,0,0,0,0,0,0,0,0,0,0,0,0,0,0,0,0,0,0,0,0,0,0,0,0,0,0,0,0,0.00,0,0.00,0.00
세탁기_커피소구_02,4640759,세탁기_트래픽_구독 페스티벌,1628465,2026.10.06.,네이버 퍼포먼스 네트워크 > 서비스 통합,40세 ~ 44세 여성,243,994,245,2,122,0.20,0,0,0,0,0,0,0,0,0,0,0,0,0,0,0,0,0,0,0,0,0,0,0,0,0,0,0,0,0,0,0,0,0,0,0,0,0,0,0,0,0,0,0,0,0,0,0.00,0,0.00,0.00
세탁기_커피소구_02,4640759,세탁기_트래픽_구독 페스티벌,1628465,2026.10.06.,네이버 퍼포먼스 네트워크 > 서비스 통합,45세 ~ 49세 여성,302,1990,152,3,101,0.15,0,0,0,0,0,0,0,0,0,0,0,0,0,0,0,0,0,0,0,0,0,0,0,0,0,0,0,0,0,0,0,0,0,0,0,0,0,0,0,0,0,0,0,0,0,0,0.00,0,0.00,0.00
세탁기_커피소구_02,4640759,세탁기_트래픽_구독 페스티벌,1628465,2026.10.06.,네이버 퍼포먼스 네트워크 > 서비스 통합,50세 ~ 54세 여성,816,3072,266,7,117,0.23,0,0,0,0,0,0,0,0,0,0,0,0,0,0,0,0,0,0,0,0,0,0,0,0,0,0,0,0,0,0,0,0,0,0,0,0,0,0,0,0,0,0,0,0,0,0,0.00,0,0.00,0.00
세탁기_커피소구_02,4640759,세탁기_트래픽_구독 페스티벌,1628465,2026.10.06.,네이버 퍼포먼스 네트워크 > 서비스 통합,55세 ~ 59세 여성,1213,5806,209,11,110,0.19,0,0,0,0,0,0,0,0,0,0,0,0,0,0,0,0,0,0,0,0,0,0,0,0,0,0,0,0,0,0,0,0,0,0,0,0,0,0,0,0,0,0,0,0,0,0,0.00,0,0.00,0.00
세탁기_커피소구_02,4640759,세탁기_트래픽_구독 페스티벌,1628465,2026.10.06.,네이버 퍼포먼스 네트워크 > 서비스 통합,60세 ~ 99세 여성,9362,21585,434,93,101,0.43,0,0,0,0,0,0,0,0,0,0,0,0,0,0,0,0,0,0,0,0,0,0,0,0,0,0,0,0,0,0,0,0,0,0,0,0,0,0,0,0,0,0,0,0,0,0,0.00,0,0.00,0.00
세탁기_커피소구_02,4640759,세탁기_트래픽_구독 페스티벌,1628465,2026.10.06.,네이버 퍼포먼스 네트워크 > 서비스 통합,"연령 알 수 없음 여성 ",0,1539,0,0,0,0.00,0,0,0,0,0,0,0,0,0,0,0,0,0,0,0,0,0,0,0,0,0,0,0,0,0,0,0,0,0,0,0,0,0,0,0,0,0,0,0,0,0,0,0,0,0,0,0.00,0,0.00,0.00
세탁기_커피소구_02,4640759,세탁기_트래픽_구독 페스티벌,1628465,2026.10.06.,네이버 퍼포먼스 네트워크 > 서비스 통합,14세 ~ 18세 남성,1078,4191,257,10,108,0.24,0,0,0,0,0,0,0,0,0,0,0,0,0,0,0,0,0,0,0,0,0,0,0,0,0,0,0,0,0,0,0,0,0,0,0,0,0,0,0,0,0,0,0,0,0,0,0.00,0,0.00,0.00
세탁기_커피소구_02,4640759,세탁기_트래픽_구독 페스티벌,1628465,2026.10.06.,네이버 퍼포먼스 네트워크 > 서비스 통합,19세 ~ 24세 남성,547,6328,86,5,109,0.08,0,0,0,0,0,0,0,0,0,0,0,0,0,0,0,0,0,0,0,0,0,0,0,0,0,0,0,0,0,0,0,0,0,0,0,0,0,0,0,0,0,0,0,0,0,0,0.00,0,0.00,0.00
세탁기_커피소구_02,4640759,세탁기_트래픽_구독 페스티벌,1628465,2026.10.06.,네이버 퍼포먼스 네트워크 > 서비스 통합,25세 ~ 29세 남성,565,9243,61,5,113,0.05,0,0,0,0,0,0,0,0,0,0,0,0,0,0,0,0,0,0,0,0,0,0,0,0,0,0,0,0,0,0,0,0,0,0,0,0,0,0,0,0,0,0,0,0,0,0,0.00,0,0.00,0.00
세탁기_커피소구_02,4640759,세탁기_트래픽_구독 페스티벌,1628465,2026.10.06.,네이버 퍼포먼스 네트워크 > 서비스 통합,30세 ~ 34세 남성,534,9332,57,5,107,0.05,0,0,0,0,0,0,0,0,0,0,0,0,0,0,0,0,0,0,0,0,0,0,0,0,0,0,0,0,0,0,0,0,0,0,0,0,0,0,0,0,0,0,0,0,0,0,0.00,0,0.00,0.00
세탁기_커피소구_02,4640759,세탁기_트래픽_구독 페스티벌,1628465,2026.10.06.,네이버 퍼포먼스 네트워크 > 서비스 통합,35세 ~ 39세 남성,453,5795,78,4,113,0.07,0,0,0,0,0,0,0,0,0,0,0,0,0,0,0,0,0,0,0,0,0,0,0,0,0,0,0,0,0,0,0,0,0,0,0,0,0,0,0,0,0,0,0,0,0,0,0.00,0,0.00,0.00
세탁기_커피소구_02,4640759,세탁기_트래픽_구독 페스티벌,1628465,2026.10.06.,네이버 퍼포먼스 네트워크 > 서비스 통합,40세 ~ 44세 남성,637,4143,154,6,106,0.14,0,0,0,0,0,0,0,0,0,0,0,0,0,0,0,0,0,0,0,0,0,0,0,0,0,0,0,0,0,0,0,0,0,0,0,0,0,0,0,0,0,0,0,0,0,0,0.00,0,0.00,0.00
세탁기_커피소구_02,4640759,세탁기_트래픽_구독 페스티벌,1628465,2026.10.06.,네이버 퍼포먼스 네트워크 > 서비스 통합,45세 ~ 49세 남성,160,3016,53,2,80,0.07,0,0,0,0,0,0,0,0,0,0,0,0,0,0,0,0,0,0,0,0,0,0,0,0,0,0,0,0,0,0,0,0,0,0,0,0,0,0,0,0,0,0,0,0,0,0,0.00,0,0.00,0.00
세탁기_커피소구_02,4640759,세탁기_트래픽_구독 페스티벌,1628465,2026.10.06.,네이버 퍼포먼스 네트워크 > 서비스 통합,50세 ~ 54세 남성,459,4522,101,4,115,0.09,0,0,0,0,0,0,0,0,0,0,0,0,0,0,0,0,0,0,0,0,0,0,0,0,0,0,0,0,0,0,0,0,0,0,0,0,0,0,0,0,0,0,0,0,0,0,0.00,0,0.00,0.00
세탁기_커피소구_02,4640759,세탁기_트래픽_구독 페스티벌,1628465,2026.10.06.,네이버 퍼포먼스 네트워크 > 서비스 통합,55세 ~ 59세 남성,765,4979,154,7,109,0.14,0,0,0,0,0,0,0,0,0,0,0,0,0,0,0,0,0,0,0,0,0,0,0,0,0,0,0,0,0,0,0,0,0,0,0,0,0,0,0,0,0,0,0,0,0,0,0.00,0,0.00,0.00
세탁기_커피소구_02,4640759,세탁기_트래픽_구독 페스티벌,1628465,2026.10.06.,네이버 퍼포먼스 네트워크 > 서비스 통합,60세 ~ 99세 남성,6588,18190,362,65,101,0.36,0,0,0,0,0,0,0,0,0,0,0,0,0,0,0,0,0,0,0,0,0,0,0,0,0,0,0,0,0,0,0,0,0,0,0,0,0,0,0,0,0,0,0,0,0,0,0.00,0,0.00,0.00
세탁기_커피소구_02,4640759,세탁기_트래픽_구독 페스티벌,1628465,2026.10.06.,네이버 퍼포먼스 네트워크 > 서비스 통합,연령 알 수 없음 남성,118,10926,11,1,118,0.01,0,0,0,0,0,0,0,0,0,0,0,0,0,0,0,0,0,0,0,0,0,0,0,0,0,0,0,0,0,0,0,0,0,0,0,0,0,0,0,0,0,0,0,0,0,0,0.00,0,0.00,0.00
세탁기_커피소구_02,4640759,세탁기_트래픽_구독 페스티벌,1628465,2026.10.06.,네이버 퍼포먼스 네트워크 > 서비스 통합,14세 ~ 18세 성별 알 수 없음,0,175,0,0,0,0.00,0,0,0,0,0,0,0,0,0,0,0,0,0,0,0,0,0,0,0,0,0,0,0,0,0,0,0,0,0,0,0,0,0,0,0,0,0,0,0,0,0,0,0,0,0,0,0.00,0,0.00,0.00
세탁기_커피소구_02,4640759,세탁기_트래픽_구독 페스티벌,1628465,2026.10.06.,네이버 퍼포먼스 네트워크 > 서비스 통합,19세 ~ 24세 성별 알 수 없음,0,164,0,0,0,0.00,0,0,0,0,0,0,0,0,0,0,0,0,0,0,0,0,0,0,0,0,0,0,0,0,0,0,0,0,0,0,0,0,0,0,0,0,0,0,0,0,0,0,0,0,0,0,0.00,0,0.00,0.00
세탁기_커피소구_02,4640759,세탁기_트래픽_구독 페스티벌,1628465,2026.10.06.,네이버 퍼포먼스 네트워크 > 서비스 통합,25세 ~ 29세 성별 알 수 없음,100,303,329,1,100,0.33,0,0,0,0,0,0,0,0,0,0,0,0,0,0,0,0,0,0,0,0,0,0,0,0,0,0,0,0,0,0,0,0,0,0,0,0,0,0,0,0,0,0,0,0,0,0,0.00,0,0.00,0.00
세탁기_커피소구_02,4640759,세탁기_트래픽_구독 페스티벌,1628465,2026.10.06.,네이버 퍼포먼스 네트워크 > 서비스 통합,30세 ~ 34세 성별 알 수 없음,0,195,0,0,0,0.00,0,0,0,0,0,0,0,0,0,0,0,0,0,0,0,0,0,0,0,0,0,0,0,0,0,0,0,0,0,0,0,0,0,0,0,0,0,0,0,0,0,0,0,0,0,0,0.00,0,0.00,0.00
세탁기_커피소구_02,4640759,세탁기_트래픽_구독 페스티벌,1628465,2026.10.06.,네이버 퍼포먼스 네트워크 > 서비스 통합,35세 ~ 39세 성별 알 수 없음,0,150,0,0,0,0.00,0,0,0,0,0,0,0,0,0,0,0,0,0,0,0,0,0,0,0,0,0,0,0,0,0,0,0,0,0,0,0,0,0,0,0,0,0,0,0,0,0,0,0,0,0,0,0.00,0,0.00,0.00
세탁기_커피소구_02,4640759,세탁기_트래픽_구독 페스티벌,1628465,2026.10.06.,네이버 퍼포먼스 네트워크 > 서비스 통합,40세 ~ 44세 성별 알 수 없음,0,181,0,0,0,0.00,0,0,0,0,0,0,0,0,0,0,0,0,0,0,0,0,0,0,0,0,0,0,0,0,0,0,0,0,0,0,0,0,0,0,0,0,0,0,0,0,0,0,0,0,0,0,0.00,0,0.00,0.00
세탁기_커피소구_02,4640759,세탁기_트래픽_구독 페스티벌,1628465,2026.10.06.,네이버 퍼포먼스 네트워크 > 서비스 통합,45세 ~ 49세 성별 알 수 없음,0,79,0,0,0,0.00,0,0,0,0,0,0,0,0,0,0,0,0,0,0,0,0,0,0,0,0,0,0,0,0,0,0,0,0,0,0,0,0,0,0,0,0,0,0,0,0,0,0,0,0,0,0,0.00,0,0.00,0.00
세탁기_커피소구_02,4640759,세탁기_트래픽_구독 페스티벌,1628465,2026.10.06.,네이버 퍼포먼스 네트워크 > 서비스 통합,50세 ~ 54세 성별 알 수 없음,0,106,0,0,0,0.00,0,0,0,0,0,0,0,0,0,0,0,0,0,0,0,0,0,0,0,0,0,0,0,0,0,0,0,0,0,0,0,0,0,0,0,0,0,0,0,0,0,0,0,0,0,0,0.00,0,0.00,0.00
세탁기_커피소구_02,4640759,세탁기_트래픽_구독 페스티벌,1628465,2026.10.06.,네이버 퍼포먼스 네트워크 > 서비스 통합,55세 ~ 59세 성별 알 수 없음,0,92,0,0,0,0.00,0,0,0,0,0,0,0,0,0,0,0,0,0,0,0,0,0,0,0,0,0,0,0,0,0,0,0,0,0,0,0,0,0,0,0,0,0,0,0,0,0,0,0,0,0,0,0.00,0,0.00,0.00
세탁기_커피소구_02,4640759,세탁기_트래픽_구독 페스티벌,1628465,2026.10.06.,네이버 퍼포먼스 네트워크 > 서비스 통합,60세 ~ 99세 성별 알 수 없음,109,406,269,1,109,0.25,0,0,0,0,0,0,0,0,0,0,0,0,0,0,0,0,0,0,0,0,0,0,0,0,0,0,0,0,0,0,0,0,0,0,0,0,0,0,0,0,0,0,0,0,0,0,0.00,0,0.00,0.00
세탁기_커피소구_02,4640759,세탁기_트래픽_구독 페스티벌,1628465,2026.10.06.,네이버 퍼포먼스 네트워크 > 서비스 통합,알 수 없음,349,9800,36,3,116,0.03,0,0,0,0,0,0,0,0,0,0,0,0,0,0,0,0,0,0,0,0,0,0,0,0,0,0,0,0,0,0,0,0,0,0,0,0,0,0,0,0,0,0,0,0,0,0,0.00,0,0.00,0.00
세탁기_커피소구_02,4640759,세탁기_트래픽_구독 페스티벌,1628465,2026.10.06.,네이버 퍼포먼스 네트워크 > 피드,14세 ~ 18세 여성,0,11,0,0,0,0.00,0,0,0,0,0,0,0,0,0,0,0,0,0,0,0,0,0,0,0,0,0,0,0,0,0,0,0,0,0,0,0,0,0,0,0,0,0,0,0,0,0,0,0,0,0,0,0.00,0,0.00,0.00
세탁기_커피소구_02,4640759,세탁기_트래픽_구독 페스티벌,1628465,2026.10.06.,네이버 퍼포먼스 네트워크 > 피드,19세 ~ 24세 여성,0,11,0,0,0,0.00,0,0,0,0,0,0,0,0,0,0,0,0,0,0,0,0,0,0,0,0,0,0,0,0,0,0,0,0,0,0,0,0,0,0,0,0,0,0,0,0,0,0,0,0,0,0,0.00,0,0.00,0.00
세탁기_커피소구_02,4640759,세탁기_트래픽_구독 페스티벌,1628465,2026.10.06.,네이버 퍼포먼스 네트워크 > 피드,25세 ~ 29세 여성,0,2,0,0,0,0.00,0,0,0,0,0,0,0,0,0,0,0,0,0,0,0,0,0,0,0,0,0,0,0,0,0,0,0,0,0,0,0,0,0,0,0,0,0,0,0,0,0,0,0,0,0,0,0.00,0,0.00,0.00
세탁기_커피소구_02,4640759,세탁기_트래픽_구독 페스티벌,1628465,2026.10.06.,네이버 퍼포먼스 네트워크 > 피드,30세 ~ 34세 여성,0,3,0,0,0,0.00,0,0,0,0,0,0,0,0,0,0,0,0,0,0,0,0,0,0,0,0,0,0,0,0,0,0,0,0,0,0,0,0,0,0,0,0,0,0,0,0,0,0,0,0,0,0,0.00,0,0.00,0.00
세탁기_커피소구_02,4640759,세탁기_트래픽_구독 페스티벌,1628465,2026.10.06.,네이버 퍼포먼스 네트워크 > 피드,35세 ~ 39세 여성,0,2,0,0,0,0.00,0,0,0,0,0,0,0,0,0,0,0,0,0,0,0,0,0,0,0,0,0,0,0,0,0,0,0,0,0,0,0,0,0,0,0,0,0,0,0,0,0,0,0,0,0,0,0.00,0,0.00,0.00
세탁기_커피소구_02,4640759,세탁기_트래픽_구독 페스티벌,1628465,2026.10.06.,네이버 퍼포먼스 네트워크 > 피드,40세 ~ 44세 여성,0,10,0,0,0,0.00,0,0,0,0,0,0,0,0,0,0,0,0,0,0,0,0,0,0,0,0,0,0,0,0,0,0,0,0,0,0,0,0,0,0,0,0,0,0,0,0,0,0,0,0,0,0,0.00,0,0.00,0.00
세탁기_커피소구_02,4640759,세탁기_트래픽_구독 페스티벌,1628465,2026.10.06.,네이버 퍼포먼스 네트워크 > 피드,45세 ~ 49세 여성,0,54,0,0,0,0.00,0,0,0,0,0,0,0,0,0,0,0,0,0,0,0,0,0,0,0,0,0,0,0,0,0,0,0,0,0,0,0,0,0,0,0,0,0,0,0,0,0,0,0,0,0,0,0.00,0,0.00,0.00
세탁기_커피소구_02,4640759,세탁기_트래픽_구독 페스티벌,1628465,2026.10.06.,네이버 퍼포먼스 네트워크 > 피드,50세 ~ 54세 여성,0,15,0,0,0,0.00,0,0,0,0,0,0,0,0,0,0,0,0,0,0,0,0,0,0,0,0,0,0,0,0,0,0,0,0,0,0,0,0,0,0,0,0,0,0,0,0,0,0,0,0,0,0,0.00,0,0.00,0.00
세탁기_커피소구_02,4640759,세탁기_트래픽_구독 페스티벌,1628465,2026.10.06.,네이버 퍼포먼스 네트워크 > 피드,55세 ~ 59세 여성,0,19,0,0,0,0.00,0,0,0,0,0,0,0,0,0,0,0,0,0,0,0,0,0,0,0,0,0,0,0,0,0,0,0,0,0,0,0,0,0,0,0,0,0,0,0,0,0,0,0,0,0,0,0.00,0,0.00,0.00
세탁기_커피소구_02,4640759,세탁기_트래픽_구독 페스티벌,1628465,2026.10.06.,네이버 퍼포먼스 네트워크 > 피드,60세 ~ 99세 여성,113,233,483,1,113,0.43,0,0,0,0,0,0,0,0,0,0,0,0,0,0,0,0,0,0,0,0,0,0,0,0,0,0,0,0,0,0,0,0,0,0,0,0,0,0,0,0,0,0,0,0,0,0,0.00,0,0.00,0.00
세탁기_커피소구_02,4640759,세탁기_트래픽_구독 페스티벌,1628465,2026.10.06.,네이버 퍼포먼스 네트워크 > 피드,14세 ~ 18세 남성,0,11,0,0,0,0.00,0,0,0,0,0,0,0,0,0,0,0,0,0,0,0,0,0,0,0,0,0,0,0,0,0,0,0,0,0,0,0,0,0,0,0,0,0,0,0,0,0,0,0,0,0,0,0.00,0,0.00,0.00
세탁기_커피소구_02,4640759,세탁기_트래픽_구독 페스티벌,1628465,2026.10.06.,네이버 퍼포먼스 네트워크 > 피드,19세 ~ 24세 남성,106,6,17672,1,106,16.67,0,0,0,0,0,0,0,0,0,0,0,0,0,0,0,0,0,0,0,0,0,0,0,0,0,0,0,0,0,0,0,0,0,0,0,0,0,0,0,0,0,0,0,0,0,0,0.00,0,0.00,0.00
세탁기_커피소구_02,4640759,세탁기_트래픽_구독 페스티벌,1628465,2026.10.06.,네이버 퍼포먼스 네트워크 > 피드,25세 ~ 29세 남성,0,2,0,0,0,0.00,0,0,0,0,0,0,0,0,0,0,0,0,0,0,0,0,0,0,0,0,0,0,0,0,0,0,0,0,0,0,0,0,0,0,0,0,0,0,0,0,0,0,0,0,0,0,0.00,0,0.00,0.00
세탁기_커피소구_02,4640759,세탁기_트래픽_구독 페스티벌,1628465,2026.10.06.,네이버 퍼포먼스 네트워크 > 피드,30세 ~ 34세 남성,0,1,0,0,0,0.00,0,0,0,0,0,0,0,0,0,0,0,0,0,0,0,0,0,0,0,0,0,0,0,0,0,0,0,0,0,0,0,0,0,0,0,0,0,0,0,0,0,0,0,0,0,0,0.00,0,0.00,0.00
세탁기_커피소구_02,4640759,세탁기_트래픽_구독 페스티벌,1628465,2026.10.06.,네이버 퍼포먼스 네트워크 > 피드,35세 ~ 39세 남성,0,1,0,0,0,0.00,0,0,0,0,0,0,0,0,0,0,0,0,0,0,0,0,0,0,0,0,0,0,0,0,0,0,0,0,0,0,0,0,0,0,0,0,0,0,0,0,0,0,0,0,0,0,0.00,0,0.00,0.00
세탁기_커피소구_02,4640759,세탁기_트래픽_구독 페스티벌,1628465,2026.10.06.,네이버 퍼포먼스 네트워크 > 피드,40세 ~ 44세 남성,0,3,0,0,0,0.00,0,0,0,0,0,0,0,0,0,0,0,0,0,0,0,0,0,0,0,0,0,0,0,0,0,0,0,0,0,0,0,0,0,0,0,0,0,0,0,0,0,0,0,0,0,0,0.00,0,0.00,0.00
세탁기_커피소구_02,4640759,세탁기_트래픽_구독 페스티벌,1628465,2026.10.06.,네이버 퍼포먼스 네트워크 > 피드,45세 ~ 49세 남성,0,15,0,0,0,0.00,0,0,0,0,0,0,0,0,0,0,0,0,0,0,0,0,0,0,0,0,0,0,0,0,0,0,0,0,0,0,0,0,0,0,0,0,0,0,0,0,0,0,0,0,0,0,0.00,0,0.00,0.00
세탁기_커피소구_02,4640759,세탁기_트래픽_구독 페스티벌,1628465,2026.10.06.,네이버 퍼포먼스 네트워크 > 피드,50세 ~ 54세 남성,0,19,0,0,0,0.00,0,0,0,0,0,0,0,0,0,0,0,0,0,0,0,0,0,0,0,0,0,0,0,0,0,0,0,0,0,0,0,0,0,0,0,0,0,0,0,0,0,0,0,0,0,0,0.00,0,0.00,0.00
세탁기_커피소구_02,4640759,세탁기_트래픽_구독 페스티벌,1628465,2026.10.06.,네이버 퍼포먼스 네트워크 > 피드,55세 ~ 59세 남성,0,21,0,0,0,0.00,0,0,0,0,0,0,0,0,0,0,0,0,0,0,0,0,0,0,0,0,0,0,0,0,0,0,0,0,0,0,0,0,0,0,0,0,0,0,0,0,0,0,0,0,0,0,0.00,0,0.00,0.00
세탁기_커피소구_02,4640759,세탁기_트래픽_구독 페스티벌,1628465,2026.10.06.,네이버 퍼포먼스 네트워크 > 피드,60세 ~ 99세 남성,130,131,995,1,130,0.76,0,0,0,0,0,0,0,0,0,0,0,0,0,0,0,0,0,0,0,0,0,0,0,0,0,0,0,0,0,0,0,0,0,0,0,0,0,0,0,0,0,0,0,0,0,0,0.00,0,0.00,0.00
세탁기_커피소구_02,4640759,세탁기_트래픽_구독 페스티벌,1628465,2026.10.06.,네이버 퍼포먼스 네트워크 > 피드,알 수 없음,0,37,0,0,0,0.00,0,0,0,0,0,0,0,0,0,0,0,0,0,0,0,0,0,0,0,0,0,0,0,0,0,0,0,0,0,0,0,0,0,0,0,0,0,0,0,0,0,0,0,0,0,0,0.00,0,0.00,0.00
세탁기_커피소구_02,4640759,세탁기_트래픽_구독 페스티벌,1628465,2026.10.05.,네이버+ > 피드,14세 ~ 18세 여성,0,1,0,0,0,0.00,0,0,0,0,0,0,0,0,0,0,0,0,0,0,0,0,0,0,0,0,0,0,0,0,0,0,0,0,0,0,0,0,0,0,0,0,0,0,0,0,0,0,0,0,0,0,0.00,0,0.00,0.00
세탁기_커피소구_02,4640759,세탁기_트래픽_구독 페스티벌,1628465,2026.10.05.,네이버+ > 피드,19세 ~ 24세 여성,0,1,0,0,0,0.00,0,0,0,0,0,0,0,0,0,0,0,0,0,0,0,0,0,0,0,0,0,0,0,0,0,0,0,0,0,0,0,0,0,0,0,0,0,0,0,0,0,0,0,0,0,0,0.00,0,0.00,0.00
세탁기_커피소구_02,4640759,세탁기_트래픽_구독 페스티벌,1628465,2026.10.05.,네이버+ > 피드,35세 ~ 39세 여성,74,2,36821,1,74,50.00,0,0,0,0,0,0,0,0,0,0,0,0,0,0,0,0,0,0,0,0,0,0,0,0,0,0,0,0,0,0,0,0,0,0,0,0,0,0,0,0,0,0,0,0,0,0,0.00,0,0.00,0.00
세탁기_커피소구_02,4640759,세탁기_트래픽_구독 페스티벌,1628465,2026.10.05.,네이버+ > 피드,40세 ~ 44세 여성,0,2,0,0,0,0.00,0,0,0,0,0,0,0,0,0,0,0,0,0,0,0,0,0,0,0,0,0,0,0,0,0,0,0,0,0,0,0,0,0,0,0,0,0,0,0,0,0,0,0,0,0,0,0.00,0,0.00,0.00
세탁기_커피소구_02,4640759,세탁기_트래픽_구독 페스티벌,1628465,2026.10.05.,네이버+ > 피드,45세 ~ 49세 여성,0,2,0,0,0,0.00,0,0,0,0,0,0,0,0,0,0,0,0,0,0,0,0,0,0,0,0,0,0,0,0,0,0,0,0,0,0,0,0,0,0,0,0,0,0,0,0,0,0,0,0,0,0,0.00,0,0.00,0.00
세탁기_커피소구_02,4640759,세탁기_트래픽_구독 페스티벌,1628465,2026.10.05.,네이버+ > 피드,50세 ~ 54세 여성,167,16,10425,2,83,12.50,0,0,0,0,0,0,0,0,0,0,0,0,0,0,0,0,0,0,0,0,0,0,0,0,0,0,0,0,0,0,0,0,0,0,0,0,0,0,0,0,0,0,0,0,0,0,0.00,0,0.00,0.00
세탁기_커피소구_02,4640759,세탁기_트래픽_구독 페스티벌,1628465,2026.10.05.,네이버+ > 피드,55세 ~ 59세 여성,108,31,3478,1,108,3.23,0,0,0,0,0,0,0,0,0,0,0,0,0,0,0,0,0,0,0,0,0,0,0,0,0,0,0,0,0,0,0,0,0,0,0,0,0,0,0,0,0,0,0,0,0,0,0.00,0,0.00,0.00
세탁기_커피소구_02,4640759,세탁기_트래픽_구독 페스티벌,1628465,2026.10.05.,네이버+ > 피드,60세 ~ 99세 여성,1154,673,1715,15,77,2.23,0,0,0,0,0,0,0,0,0,0,0,0,0,0,0,0,0,0,0,0,0,0,0,0,0,0,0,0,0,0,0,0,0,0,0,0,0,0,0,0,0,0,0,0,0,0,0.00,0,0.00,0.00
세탁기_커피소구_02,4640759,세탁기_트래픽_구독 페스티벌,1628465,2026.10.05.,네이버+ > 피드,14세 ~ 18세 남성,0,1,0,0,0,0.00,0,0,0,0,0,0,0,0,0,0,0,0,0,0,0,0,0,0,0,0,0,0,0,0,0,0,0,0,0,0,0,0,0,0,0,0,0,0,0,0,0,0,0,0,0,0,0.00,0,0.00,0.00
세탁기_커피소구_02,4640759,세탁기_트래픽_구독 페스티벌,1628465,2026.10.05.,네이버+ > 피드,19세 ~ 24세 남성,0,1,0,0,0,0.00,0,0,0,0,0,0,0,0,0,0,0,0,0,0,0,0,0,0,0,0,0,0,0,0,0,0,0,0,0,0,0,0,0,0,0,0,0,0,0,0,0,0,0,0,0,0,0.00,0,0.00,0.00
세탁기_커피소구_02,4640759,세탁기_트래픽_구독 페스티벌,1628465,2026.10.05.,네이버+ > 피드,45세 ~ 49세 남성,0,3,0,0,0,0.00,0,0,0,0,0,0,0,0,0,0,0,0,0,0,0,0,0,0,0,0,0,0,0,0,0,0,0,0,0,0,0,0,0,0,0,0,0,0,0,0,0,0,0,0,0,0,0.00,0,0.00,0.00
세탁기_커피소구_02,4640759,세탁기_트래픽_구독 페스티벌,1628465,2026.10.05.,네이버+ > 피드,50세 ~ 54세 남성,73,9,8154,1,73,11.11,0,0,0,0,0,0,0,0,0,0,0,0,0,0,0,0,0,0,0,0,0,0,0,0,0,0,0,0,0,0,0,0,0,0,0,0,0,0,0,0,0,0,0,0,0,0,0.00,0,0.00,0.00
세탁기_커피소구_02,4640759,세탁기_트래픽_구독 페스티벌,1628465,2026.10.05.,네이버+ > 피드,55세 ~ 59세 남성,0,17,0,0,0,0.00,0,0,0,0,0,0,0,0,0,0,0,0,0,0,0,0,0,0,0,0,0,0,0,0,0,0,0,0,0,0,0,0,0,0,0,0,0,0,0,0,0,0,0,0,0,0,0.00,0,0.00,0.00
세탁기_커피소구_02,4640759,세탁기_트래픽_구독 페스티벌,1628465,2026.10.05.,네이버+ > 피드,60세 ~ 99세 남성,652,238,2741,8,82,3.36,0,0,0,0,0,0,0,0,0,0,0,0,0,0,0,0,0,0,0,0,0,0,0,0,0,0,0,0,0,0,0,0,0,0,0,0,0,0,0,0,0,0,0,0,0,0,0.00,0,0.00,0.00
세탁기_커피소구_02,4640759,세탁기_트래픽_구독 페스티벌,1628465,2026.10.05.,네이버+ > 피드,연령 알 수 없음 남성,0,3,0,0,0,0.00,0,0,0,0,0,0,0,0,0,0,0,0,0,0,0,0,0,0,0,0,0,0,0,0,0,0,0,0,0,0,0,0,0,0,0,0,0,0,0,0,0,0,0,0,0,0,0.00,0,0.00,0.00
세탁기_커피소구_02,4640759,세탁기_트래픽_구독 페스티벌,1628465,2026.10.05.,네이버+ > 피드,60세 ~ 99세 성별 알 수 없음,0,6,0,0,0,0.00,0,0,0,0,0,0,0,0,0,0,0,0,0,0,0,0,0,0,0,0,0,0,0,0,0,0,0,0,0,0,0,0,0,0,0,0,0,0,0,0,0,0,0,0,0,0,0.00,0,0.00,0.00
세탁기_커피소구_02,4640759,세탁기_트래픽_구독 페스티벌,1628465,2026.10.05.,네이버+ > 피드,알 수 없음,98,14,7007,1,98,7.14,0,0,0,0,0,0,0,0,0,0,0,0,0,0,0,0,0,0,0,0,0,0,0,0,0,0,0,0,0,0,0,0,0,0,0,0,0,0,0,0,0,0,0,0,0,0,0.00,0,0.00,0.00
세탁기_커피소구_02,4640759,세탁기_트래픽_구독 페스티벌,1628465,2026.10.05.,네이버+ > 네이버 메인,14세 ~ 18세 여성,0,6,0,0,0,0.00,0,0,0,0,0,0,0,0,0,0,0,0,0,0,0,0,0,0,0,0,0,0,0,0,0,0,0,0,0,0,0,0,0,0,0,0,0,0,0,0,0,0,0,0,0,0,0.00,0,0.00,0.00
세탁기_커피소구_02,4640759,세탁기_트래픽_구독 페스티벌,1628465,2026.10.05.,네이버+ > 네이버 메인,19세 ~ 24세 여성,0,11,0,0,0,0.00,0,0,0,0,0,0,0,0,0,0,0,0,0,0,0,0,0,0,0,0,0,0,0,0,0,0,0,0,0,0,0,0,0,0,0,0,0,0,0,0,0,0,0,0,0,0,0.00,0,0.00,0.00
세탁기_커피소구_02,4640759,세탁기_트래픽_구독 페스티벌,1628465,2026.10.05.,네이버+ > 네이버 메인,25세 ~ 29세 여성,0,6,0,0,0,0.00,0,0,0,0,0,0,0,0,0,0,0,0,0,0,0,0,0,0,0,0,0,0,0,0,0,0,0,0,0,0,0,0,0,0,0,0,0,0,0,0,0,0,0,0,0,0,0.00,0,0.00,0.00
세탁기_커피소구_02,4640759,세탁기_트래픽_구독 페스티벌,1628465,2026.10.05.,네이버+ > 네이버 메인,30세 ~ 34세 여성,0,6,0,0,0,0.00,0,0,0,0,0,0,0,0,0,0,0,0,0,0,0,0,0,0,0,0,0,0,0,0,0,0,0,0,0,0,0,0,0,0,0,0,0,0,0,0,0,0,0,0,0,0,0.00,0,0.00,0.00
세탁기_커피소구_02,4640759,세탁기_트래픽_구독 페스티벌,1628465,2026.10.05.,네이버+ > 네이버 메인,35세 ~ 39세 여성,0,5,0,0,0,0.00,0,0,0,0,0,0,0,0,0,0,0,0,0,0,0,0,0,0,0,0,0,0,0,0,0,0,0,0,0,0,0,0,0,0,0,0,0,0,0,0,0,0,0,0,0,0,0.00,0,0.00,0.00
세탁기_커피소구_02,4640759,세탁기_트래픽_구독 페스티벌,1628465,2026.10.05.,네이버+ > 네이버 메인,40세 ~ 44세 여성,0,5,0,0,0,0.00,0,0,0,0,0,0,0,0,0,0,0,0,0,0,0,0,0,0,0,0,0,0,0,0,0,0,0,0,0,0,0,0,0,0,0,0,0,0,0,0,0,0,0,0,0,0,0.00,0,0.00,0.00
세탁기_커피소구_02,4640759,세탁기_트래픽_구독 페스티벌,1628465,2026.10.05.,네이버+ > 네이버 메인,50세 ~ 54세 여성,0,1,0,0,0,0.00,0,0,0,0,0,0,0,0,0,0,0,0,0,0,0,0,0,0,0,0,0,0,0,0,0,0,0,0,0,0,0,0,0,0,0,0,0,0,0,0,0,0,0,0,0,0,0.00,0,0.00,0.00
세탁기_커피소구_02,4640759,세탁기_트래픽_구독 페스티벌,1628465,2026.10.05.,네이버+ > 네이버 메인,55세 ~ 59세 여성,0,12,0,0,0,0.00,0,0,0,0,0,0,0,0,0,0,0,0,0,0,0,0,0,0,0,0,0,0,0,0,0,0,0,0,0,0,0,0,0,0,0,0,0,0,0,0,0,0,0,0,0,0,0.00,0,0.00,0.00
세탁기_커피소구_02,4640759,세탁기_트래픽_구독 페스티벌,1628465,2026.10.05.,네이버+ > 네이버 메인,60세 ~ 99세 여성,0,20,0,0,0,0.00,0,0,0,0,0,0,0,0,0,0,0,0,0,0,0,0,0,0,0,0,0,0,0,0,0,0,0,0,0,0,0,0,0,0,0,0,0,0,0,0,0,0,0,0,0,0,0.00,0,0.00,0.00
세탁기_커피소구_02,4640759,세탁기_트래픽_구독 페스티벌,1628465,2026.10.05.,네이버+ > 네이버 메인,14세 ~ 18세 남성,0,17,0,0,0,0.00,0,0,0,0,0,0,0,0,0,0,0,0,0,0,0,0,0,0,0,0,0,0,0,0,0,0,0,0,0,0,0,0,0,0,0,0,0,0,0,0,0,0,0,0,0,0,0.00,0,0.00,0.00
세탁기_커피소구_02,4640759,세탁기_트래픽_구독 페스티벌,1628465,2026.10.05.,네이버+ > 네이버 메인,19세 ~ 24세 남성,0,76,0,0,0,0.00,0,0,0,0,0,0,0,0,0,0,0,0,0,0,0,0,0,0,0,0,0,0,0,0,0,0,0,0,0,0,0,0,0,0,0,0,0,0,0,0,0,0,0,0,0,0,0.00,0,0.00,0.00
세탁기_커피소구_02,4640759,세탁기_트래픽_구독 페스티벌,1628465,2026.10.05.,네이버+ > 네이버 메인,25세 ~ 29세 남성,0,65,0,0,0,0.00,0,0,0,0,0,0,0,0,0,0,0,0,0,0,0,0,0,0,0,0,0,0,0,0,0,0,0,0,0,0,0,0,0,0,0,0,0,0,0,0,0,0,0,0,0,0,0.00,0,0.00,0.00
세탁기_커피소구_02,4640759,세탁기_트래픽_구독 페스티벌,1628465,2026.10.05.,네이버+ > 네이버 메인,30세 ~ 34세 남성,0,23,0,0,0,0.00,0,0,0,0,0,0,0,0,0,0,0,0,0,0,0,0,0,0,0,0,0,0,0,0,0,0,0,0,0,0,0,0,0,0,0,0,0,0,0,0,0,0,0,0,0,0,0.00,0,0.00,0.00
세탁기_커피소구_02,4640759,세탁기_트래픽_구독 페스티벌,1628465,2026.10.05.,네이버+ > 네이버 메인,35세 ~ 39세 남성,0,42,0,0,0,0.00,0,0,0,0,0,0,0,0,0,0,0,0,0,0,0,0,0,0,0,0,0,0,0,0,0,0,0,0,0,0,0,0,0,0,0,0,0,0,0,0,0,0,0,0,0,0,0.00,0,0.00,0.00
세탁기_커피소구_02,4640759,세탁기_트래픽_구독 페스티벌,1628465,2026.10.05.,네이버+ > 네이버 메인,40세 ~ 44세 남성,0,26,0,0,0,0.00,0,0,0,0,0,0,0,0,0,0,0,0,0,0,0,0,0,0,0,0,0,0,0,0,0,0,0,0,0,0,0,0,0,0,0,0,0,0,0,0,0,0,0,0,0,0,0.00,0,0.00,0.00
세탁기_커피소구_02,4640759,세탁기_트래픽_구독 페스티벌,1628465,2026.10.05.,네이버+ > 네이버 메인,45세 ~ 49세 남성,0,90,0,0,0,0.00,0,0,0,0,0,0,0,0,0,0,0,0,0,0,0,0,0,0,0,0,0,0,0,0,0,0,0,0,0,0,0,0,0,0,0,0,0,0,0,0,0,0,0,0,0,0,0.00,0,0.00,0.00
세탁기_커피소구_02,4640759,세탁기_트래픽_구독 페스티벌,1628465,2026.10.05.,네이버+ > 네이버 메인,50세 ~ 54세 남성,0,39,0,0,0,0.00,0,0,0,0,0,0,0,0,0,0,0,0,0,0,0,0,0,0,0,0,0,0,0,0,0,0,0,0,0,0,0,0,0,0,0,0,0,0,0,0,0,0,0,0,0,0,0.00,0,0.00,0.00
세탁기_커피소구_02,4640759,세탁기_트래픽_구독 페스티벌,1628465,2026.10.05.,네이버+ > 네이버 메인,55세 ~ 59세 남성,0,70,0,0,0,0.00,0,0,0,0,0,0,0,0,0,0,0,0,0,0,0,0,0,0,0,0,0,0,0,0,0,0,0,0,0,0,0,0,0,0,0,0,0,0,0,0,0,0,0,0,0,0,0.00,0,0.00,0.00
세탁기_커피소구_02,4640759,세탁기_트래픽_구독 페스티벌,1628465,2026.10.05.,네이버+ > 네이버 메인,60세 ~ 99세 남성,0,130,0,0,0,0.00,0,0,0,0,0,0,0,0,0,0,0,0,0,0,0,0,0,0,0,0,0,0,0,0,0,0,0,0,0,0,0,0,0,0,0,0,0,0,0,0,0,0,0,0,0,0,0.00,0,0.00,0.00
세탁기_커피소구_02,4640759,세탁기_트래픽_구독 페스티벌,1628465,2026.10.05.,네이버+ > 네이버 메인,연령 알 수 없음 남성,0,26,0,0,0,0.00,0,0,0,0,0,0,0,0,0,0,0,0,0,0,0,0,0,0,0,0,0,0,0,0,0,0,0,0,0,0,0,0,0,0,0,0,0,0,0,0,0,0,0,0,0,0,0.00,0,0.00,0.00
세탁기_커피소구_02,4640759,세탁기_트래픽_구독 페스티벌,1628465,2026.10.05.,네이버+ > 네이버 메인,알 수 없음,0,76,0,0,0,0.00,0,0,0,0,0,0,0,0,0,0,0,0,0,0,0,0,0,0,0,0,0,0,0,0,0,0,0,0,0,0,0,0,0,0,0,0,0,0,0,0,0,0,0,0,0,0,0.00,0,0.00,0.00
세탁기_커피소구_02,4640759,세탁기_트래픽_구독 페스티벌,1628465,2026.10.05.,네이버+ > 서비스 통합,14세 ~ 18세 여성,0,90,0,0,0,0.00,0,0,0,0,0,0,0,0,0,0,0,0,0,0,0,0,0,0,0,0,0,0,0,0,0,0,0,0,0,0,0,0,0,0,0,0,0,0,0,0,0,0,0,0,0,0,0.00,0,0.00,0.00
세탁기_커피소구_02,4640759,세탁기_트래픽_구독 페스티벌,1628465,2026.10.05.,네이버+ > 서비스 통합,19세 ~ 24세 여성,0,13,0,0,0,0.00,0,0,0,0,0,0,0,0,0,0,0,0,0,0,0,0,0,0,0,0,0,0,0,0,0,0,0,0,0,0,0,0,0,0,0,0,0,0,0,0,0,0,0,0,0,0,0.00,0,0.00,0.00
세탁기_커피소구_02,4640759,세탁기_트래픽_구독 페스티벌,1628465,2026.10.05.,네이버+ > 서비스 통합,25세 ~ 29세 여성,0,7,0,0,0,0.00,0,0,0,0,0,0,0,0,0,0,0,0,0,0,0,0,0,0,0,0,0,0,0,0,0,0,0,0,0,0,0,0,0,0,0,0,0,0,0,0,0,0,0,0,0,0,0.00,0,0.00,0.00
세탁기_커피소구_02,4640759,세탁기_트래픽_구독 페스티벌,1628465,2026.10.05.,네이버+ > 서비스 통합,30세 ~ 34세 여성,0,9,0,0,0,0.00,0,0,0,0,0,0,0,0,0,0,0,0,0,0,0,0,0,0,0,0,0,0,0,0,0,0,0,0,0,0,0,0,0,0,0,0,0,0,0,0,0,0,0,0,0,0,0.00,0,0.00,0.00
세탁기_커피소구_02,4640759,세탁기_트래픽_구독 페스티벌,1628465,2026.10.05.,네이버+ > 서비스 통합,35세 ~ 39세 여성,0,6,0,0,0,0.00,0,0,0,0,0,0,0,0,0,0,0,0,0,0,0,0,0,0,0,0,0,0,0,0,0,0,0,0,0,0,0,0,0,0,0,0,0,0,0,0,0,0,0,0,0,0,0.00,0,0.00,0.00
세탁기_커피소구_02,4640759,세탁기_트래픽_구독 페스티벌,1628465,2026.10.05.,네이버+ > 서비스 통합,40세 ~ 44세 여성,0,1,0,0,0,0.00,0,0,0,0,0,0,0,0,0,0,0,0,0,0,0,0,0,0,0,0,0,0,0,0,0,0,0,0,0,0,0,0,0,0,0,0,0,0,0,0,0,0,0,0,0,0,0.00,0,0.00,0.00
세탁기_커피소구_02,4640759,세탁기_트래픽_구독 페스티벌,1628465,2026.10.05.,네이버+ > 서비스 통합,45세 ~ 49세 여성,0,3,0,0,0,0.00,0,0,0,0,0,0,0,0,0,0,0,0,0,0,0,0,0,0,0,0,0,0,0,0,0,0,0,0,0,0,0,0,0,0,0,0,0,0,0,0,0,0,0,0,0,0,0.00,0,0.00,0.00
세탁기_커피소구_02,4640759,세탁기_트래픽_구독 페스티벌,1628465,2026.10.05.,네이버+ > 서비스 통합,50세 ~ 54세 여성,0,3,0,0,0,0.00,0,0,0,0,0,0,0,0,0,0,0,0,0,0,0,0,0,0,0,0,0,0,0,0,0,0,0,0,0,0,0,0,0,0,0,0,0,0,0,0,0,0,0,0,0,0,0.00,0,0.00,0.00
세탁기_커피소구_02,4640759,세탁기_트래픽_구독 페스티벌,1628465,2026.10.05.,네이버+ > 서비스 통합,55세 ~ 59세 여성,0,8,0,0,0,0.00,0,0,0,0,0,0,0,0,0,0,0,0,0,0,0,0,0,0,0,0,0,0,0,0,0,0,0,0,0,0,0,0,0,0,0,0,0,0,0,0,0,0,0,0,0,0,0.00,0,0.00,0.00
세탁기_커피소구_02,4640759,세탁기_트래픽_구독 페스티벌,1628465,2026.10.05.,네이버+ > 서비스 통합,60세 ~ 99세 여성,0,46,0,0,0,0.00,0,0,0,0,0,0,0,0,0,0,0,0,0,0,0,0,0,0,0,0,0,0,0,0,0,0,0,0,0,0,0,0,0,0,0,0,0,0,0,0,0,0,0,0,0,0,0.00,0,0.00,0.00
세탁기_커피소구_02,4640759,세탁기_트래픽_구독 페스티벌,1628465,2026.10.05.,네이버+ > 서비스 통합,"연령 알 수 없음 여성 ",0,3,0,0,0,0.00,0,0,0,0,0,0,0,0,0,0,0,0,0,0,0,0,0,0,0,0,0,0,0,0,0,0,0,0,0,0,0,0,0,0,0,0,0,0,0,0,0,0,0,0,0,0,0.00,0,0.00,0.00
세탁기_커피소구_02,4640759,세탁기_트래픽_구독 페스티벌,1628465,2026.10.05.,네이버+ > 서비스 통합,14세 ~ 18세 남성,191,716,267,2,96,0.28,0,0,0,0,0,0,0,0,0,0,0,0,0,0,0,0,0,0,0,0,0,0,0,0,0,0,0,0,0,0,0,0,0,0,0,0,0,0,0,0,0,0,0,0,0,0,0.00,0,0.00,0.00
세탁기_커피소구_02,4640759,세탁기_트래픽_구독 페스티벌,1628465,2026.10.05.,네이버+ > 서비스 통합,19세 ~ 24세 남성,0,81,0,0,0,0.00,0,0,0,0,0,0,0,0,0,0,0,0,0,0,0,0,0,0,0,0,0,0,0,0,0,0,0,0,0,0,0,0,0,0,0,0,0,0,0,0,0,0,0,0,0,0,0.00,0,0.00,0.00
세탁기_커피소구_02,4640759,세탁기_트래픽_구독 페스티벌,1628465,2026.10.05.,네이버+ > 서비스 통합,25세 ~ 29세 남성,0,29,0,0,0,0.00,0,0,0,0,0,0,0,0,0,0,0,0,0,0,0,0,0,0,0,0,0,0,0,0,0,0,0,0,0,0,0,0,0,0,0,0,0,0,0,0,0,0,0,0,0,0,0.00,0,0.00,0.00
세탁기_커피소구_02,4640759,세탁기_트래픽_구독 페스티벌,1628465,2026.10.05.,네이버+ > 서비스 통합,30세 ~ 34세 남성,0,18,0,0,0,0.00,0,0,0,0,0,0,0,0,0,0,0,0,0,0,0,0,0,0,0,0,0,0,0,0,0,0,0,0,0,0,0,0,0,0,0,0,0,0,0,0,0,0,0,0,0,0,0.00,0,0.00,0.00
세탁기_커피소구_02,4640759,세탁기_트래픽_구독 페스티벌,1628465,2026.10.05.,네이버+ > 서비스 통합,35세 ~ 39세 남성,0,11,0,0,0,0.00,0,0,0,0,0,0,0,0,0,0,0,0,0,0,0,0,0,0,0,0,0,0,0,0,0,0,0,0,0,0,0,0,0,0,0,0,0,0,0,0,0,0,0,0,0,0,0.00,0,0.00,0.00
세탁기_커피소구_02,4640759,세탁기_트래픽_구독 페스티벌,1628465,2026.10.05.,네이버+ > 서비스 통합,40세 ~ 44세 남성,0,16,0,0,0,0.00,0,0,0,0,0,0,0,0,0,0,0,0,0,0,0,0,0,0,0,0,0,0,0,0,0,0,0,0,0,0,0,0,0,0,0,0,0,0,0,0,0,0,0,0,0,0,0.00,0,0.00,0.00
세탁기_커피소구_02,4640759,세탁기_트래픽_구독 페스티벌,1628465,2026.10.05.,네이버+ > 서비스 통합,45세 ~ 49세 남성,0,18,0,0,0,0.00,0,0,0,0,0,0,0,0,0,0,0,0,0,0,0,0,0,0,0,0,0,0,0,0,0,0,0,0,0,0,0,0,0,0,0,0,0,0,0,0,0,0,0,0,0,0,0.00,0,0.00,0.00
세탁기_커피소구_02,4640759,세탁기_트래픽_구독 페스티벌,1628465,2026.10.05.,네이버+ > 서비스 통합,50세 ~ 54세 남성,0,34,0,0,0,0.00,0,0,0,0,0,0,0,0,0,0,0,0,0,0,0,0,0,0,0,0,0,0,0,0,0,0,0,0,0,0,0,0,0,0,0,0,0,0,0,0,0,0,0,0,0,0,0.00,0,0.00,0.00
세탁기_커피소구_02,4640759,세탁기_트래픽_구독 페스티벌,1628465,2026.10.05.,네이버+ > 서비스 통합,55세 ~ 59세 남성,0,31,0,0,0,0.00,0,0,0,0,0,0,0,0,0,0,0,0,0,0,0,0,0,0,0,0,0,0,0,0,0,0,0,0,0,0,0,0,0,0,0,0,0,0,0,0,0,0,0,0,0,0,0.00,0,0.00,0.00
세탁기_커피소구_02,4640759,세탁기_트래픽_구독 페스티벌,1628465,2026.10.05.,네이버+ > 서비스 통합,60세 ~ 99세 남성,0,296,0,0,0,0.00,0,0,0,0,0,0,0,0,0,0,0,0,0,0,0,0,0,0,0,0,0,0,0,0,0,0,0,0,0,0,0,0,0,0,0,0,0,0,0,0,0,0,0,0,0,0,0.00,0,0.00,0.00
세탁기_커피소구_02,4640759,세탁기_트래픽_구독 페스티벌,1628465,2026.10.05.,네이버+ > 서비스 통합,연령 알 수 없음 남성,0,19,0,0,0,0.00,0,0,0,0,0,0,0,0,0,0,0,0,0,0,0,0,0,0,0,0,0,0,0,0,0,0,0,0,0,0,0,0,0,0,0,0,0,0,0,0,0,0,0,0,0,0,0.00,0,0.00,0.00
세탁기_커피소구_02,4640759,세탁기_트래픽_구독 페스티벌,1628465,2026.10.05.,네이버+ > 서비스 통합,14세 ~ 18세 성별 알 수 없음,0,3,0,0,0,0.00,0,0,0,0,0,0,0,0,0,0,0,0,0,0,0,0,0,0,0,0,0,0,0,0,0,0,0,0,0,0,0,0,0,0,0,0,0,0,0,0,0,0,0,0,0,0,0.00,0,0.00,0.00
세탁기_커피소구_02,4640759,세탁기_트래픽_구독 페스티벌,1628465,2026.10.05.,네이버+ > 서비스 통합,60세 ~ 99세 성별 알 수 없음,0,1,0,0,0,0.00,0,0,0,0,0,0,0,0,0,0,0,0,0,0,0,0,0,0,0,0,0,0,0,0,0,0,0,0,0,0,0,0,0,0,0,0,0,0,0,0,0,0,0,0,0,0,0.00,0,0.00,0.00
세탁기_커피소구_02,4640759,세탁기_트래픽_구독 페스티벌,1628465,2026.10.05.,네이버+ > 서비스 통합,알 수 없음,0,159,0,0,0,0.00,0,0,0,0,0,0,0,0,0,0,0,0,0,0,0,0,0,0,0,0,0,0,0,0,0,0,0,0,0,0,0,0,0,0,0,0,0,0,0,0,0,0,0,0,0,0,0.00,0,0.00,0.00
세탁기_커피소구_02,4640759,세탁기_트래픽_구독 페스티벌,1628465,2026.10.05.,네이버 퍼포먼스 네트워크 > 서비스 통합,14세 ~ 18세 여성,459,1665,276,5,92,0.30,0,0,0,0,0,0,0,0,0,0,0,0,0,0,0,0,0,0,0,0,0,0,0,0,0,0,0,0,0,0,0,0,0,0,0,0,0,0,0,0,0,0,0,0,0,0,0.00,0,0.00,0.00
세탁기_커피소구_02,4640759,세탁기_트래픽_구독 페스티벌,1628465,2026.10.05.,네이버 퍼포먼스 네트워크 > 서비스 통합,19세 ~ 24세 여성,183,1583,116,2,92,0.13,0,0,0,0,0,0,0,0,0,0,0,0,0,0,0,0,0,0,0,0,0,0,0,0,0,0,0,0,0,0,0,0,0,0,0,0,0,0,0,0,0,0,0,0,0,0,0.00,0,0.00,0.00
세탁기_커피소구_02,4640759,세탁기_트래픽_구독 페스티벌,1628465,2026.10.05.,네이버 퍼포먼스 네트워크 > 서비스 통합,25세 ~ 29세 여성,76,981,78,1,76,0.10,0,0,0,0,0,0,0,0,0,0,0,0,0,0,0,0,0,0,0,0,0,0,0,0,0,0,0,0,0,0,0,0,0,0,0,0,0,0,0,0,0,0,0,0,0,0,0.00,0,0.00,0.00
세탁기_커피소구_02,4640759,세탁기_트래픽_구독 페스티벌,1628465,2026.10.05.,네이버 퍼포먼스 네트워크 > 서비스 통합,30세 ~ 34세 여성,0,700,0,0,0,0.00,0,0,0,0,0,0,0,0,0,0,0,0,0,0,0,0,0,0,0,0,0,0,0,0,0,0,0,0,0,0,0,0,0,0,0,0,0,0,0,0,0,0,0,0,0,0,0.00,0,0.00,0.00
세탁기_커피소구_02,4640759,세탁기_트래픽_구독 페스티벌,1628465,2026.10.05.,네이버 퍼포먼스 네트워크 > 서비스 통합,35세 ~ 39세 여성,149,717,208,2,74,0.28,0,0,0,0,0,0,0,0,0,0,0,0,0,0,0,0,0,0,0,0,0,0,0,0,0,0,0,0,0,0,0,0,0,0,0,0,0,0,0,0,0,0,0,0,0,0,0.00,0,0.00,0.00
세탁기_커피소구_02,4640759,세탁기_트래픽_구독 페스티벌,1628465,2026.10.05.,네이버 퍼포먼스 네트워크 > 서비스 통합,40세 ~ 44세 여성,71,655,108,1,71,0.15,0,0,0,0,0,0,0,0,0,0,0,0,0,0,0,0,0,0,0,0,0,0,0,0,0,0,0,0,0,0,0,0,0,0,0,0,0,0,0,0,0,0,0,0,0,0,0.00,0,0.00,0.00
세탁기_커피소구_02,4640759,세탁기_트래픽_구독 페스티벌,1628465,2026.10.05.,네이버 퍼포먼스 네트워크 > 서비스 통합,45세 ~ 49세 여성,878,2417,363,9,98,0.37,0,0,0,0,0,0,0,0,0,0,0,0,0,0,0,0,0,0,0,0,0,0,0,0,0,0,0,0,0,0,0,0,0,0,0,0,0,0,0,0,0,0,0,0,0,0,0.00,0,0.00,0.00
세탁기_커피소구_02,4640759,세탁기_트래픽_구독 페스티벌,1628465,2026.10.05.,네이버 퍼포먼스 네트워크 > 서비스 통합,50세 ~ 54세 여성,228,2627,87,3,76,0.11,0,0,0,0,0,0,0,0,0,0,0,0,0,0,0,0,0,0,0,0,0,0,0,0,0,0,0,0,0,0,0,0,0,0,0,0,0,0,0,0,0,0,0,0,0,0,0.00,0,0.00,0.00
세탁기_커피소구_02,4640759,세탁기_트래픽_구독 페스티벌,1628465,2026.10.05.,네이버 퍼포먼스 네트워크 > 서비스 통합,55세 ~ 59세 여성,1323,5486,241,15,88,0.27,0,0,0,0,0,0,0,0,0,0,0,0,0,0,0,0,0,0,0,0,0,0,0,0,0,0,0,0,0,0,0,0,0,0,0,0,0,0,0,0,0,0,0,0,0,0,0.00,0,0.00,0.00
세탁기_커피소구_02,4640759,세탁기_트래픽_구독 페스티벌,1628465,2026.10.05.,네이버 퍼포먼스 네트워크 > 서비스 통합,60세 ~ 99세 여성,13797,30380,454,160,86,0.53,0,0,0,0,0,0,0,0,0,0,0,0,0,0,0,0,0,0,0,0,0,0,0,0,0,0,0,0,0,0,0,0,0,0,0,0,0,0,0,0,0,0,0,0,0,0,0.00,0,0.00,0.00
세탁기_커피소구_02,4640759,세탁기_트래픽_구독 페스티벌,1628465,2026.10.05.,네이버 퍼포먼스 네트워크 > 서비스 통합,"연령 알 수 없음 여성 ",0,857,0,0,0,0.00,0,0,0,0,0,0,0,0,0,0,0,0,0,0,0,0,0,0,0,0,0,0,0,0,0,0,0,0,0,0,0,0,0,0,0,0,0,0,0,0,0,0,0,0,0,0,0.00,0,0.00,0.00
세탁기_커피소구_02,4640759,세탁기_트래픽_구독 페스티벌,1628465,2026.10.05.,네이버 퍼포먼스 네트워크 > 서비스 통합,14세 ~ 18세 남성,487,3102,157,6,81,0.19,0,0,0,0,0,0,0,0,0,0,0,0,0,0,0,0,0,0,0,0,0,0,0,0,0,0,0,0,0,0,0,0,0,0,0,0,0,0,0,0,0,0,0,0,0,0,0.00,0,0.00,0.00
세탁기_커피소구_02,4640759,세탁기_트래픽_구독 페스티벌,1628465,2026.10.05.,네이버 퍼포먼스 네트워크 > 서비스 통합,19세 ~ 24세 남성,630,6149,102,8,79,0.13,0,0,0,0,0,0,0,0,0,0,0,0,0,0,0,0,0,0,0,0,0,0,0,0,0,0,0,0,0,0,0,0,0,0,0,0,0,0,0,0,0,0,0,0,0,0,0.00,0,0.00,0.00
세탁기_커피소구_02,4640759,세탁기_트래픽_구독 페스티벌,1628465,2026.10.05.,네이버 퍼포먼스 네트워크 > 서비스 통합,25세 ~ 29세 남성,482,8297,58,6,80,0.07,0,0,0,0,0,0,0,0,0,0,0,0,0,0,0,0,0,0,0,0,0,0,0,0,0,0,0,0,0,0,0,0,0,0,0,0,0,0,0,0,0,0,0,0,0,0,0.00,0,0.00,0.00
세탁기_커피소구_02,4640759,세탁기_트래픽_구독 페스티벌,1628465,2026.10.05.,네이버 퍼포먼스 네트워크 > 서비스 통합,30세 ~ 34세 남성,99,8679,11,1,99,0.01,0,0,0,0,0,0,0,0,0,0,0,0,0,0,0,0,0,0,0,0,0,0,0,0,0,0,0,0,0,0,0,0,0,0,0,0,0,0,0,0,0,0,0,0,0,0,0.00,0,0.00,0.00
세탁기_커피소구_02,4640759,세탁기_트래픽_구독 페스티벌,1628465,2026.10.05.,네이버 퍼포먼스 네트워크 > 서비스 통합,35세 ~ 39세 남성,341,5168,66,4,85,0.08,0,0,0,0,0,0,0,0,0,0,0,0,0,0,0,0,0,0,0,0,0,0,0,0,0,0,0,0,0,0,0,0,0,0,0,0,0,0,0,0,0,0,0,0,0,0,0.00,0,0.00,0.00
세탁기_커피소구_02,4640759,세탁기_트래픽_구독 페스티벌,1628465,2026.10.05.,네이버 퍼포먼스 네트워크 > 서비스 통합,40세 ~ 44세 남성,323,2754,117,4,81,0.15,0,0,0,0,0,0,0,0,0,0,0,0,0,0,0,0,0,0,0,0,0,0,0,0,0,0,0,0,0,0,0,0,0,0,0,0,0,0,0,0,0,0,0,0,0,0,0.00,0,0.00,0.00
세탁기_커피소구_02,4640759,세탁기_트래픽_구독 페스티벌,1628465,2026.10.05.,네이버 퍼포먼스 네트워크 > 서비스 통합,45세 ~ 49세 남성,244,1753,139,3,81,0.17,0,0,0,0,0,0,0,0,0,0,0,0,0,0,0,0,0,0,0,0,0,0,0,0,0,0,0,0,0,0,0,0,0,0,0,0,0,0,0,0,0,0,0,0,0,0,0.00,0,0.00,0.00
세탁기_커피소구_02,4640759,세탁기_트래픽_구독 페스티벌,1628465,2026.10.05.,네이버 퍼포먼스 네트워크 > 서비스 통합,50세 ~ 54세 남성,574,2573,223,6,96,0.23,0,0,0,0,0,0,0,0,0,0,0,0,0,0,0,0,0,0,0,0,0,0,0,0,0,0,0,0,0,0,0,0,0,0,0,0,0,0,0,0,0,0,0,0,0,0,0.00,0,0.00,0.00
세탁기_커피소구_02,4640759,세탁기_트래픽_구독 페스티벌,1628465,2026.10.05.,네이버 퍼포먼스 네트워크 > 서비스 통합,55세 ~ 59세 남성,999,3051,327,11,91,0.36,0,0,0,0,0,0,0,0,0,0,0,0,0,0,0,0,0,0,0,0,0,0,0,0,0,0,0,0,0,0,0,0,0,0,0,0,0,0,0,0,0,0,0,0,0,0,0.00,0,0.00,0.00
세탁기_커피소구_02,4640759,세탁기_트래픽_구독 페스티벌,1628465,2026.10.05.,네이버 퍼포먼스 네트워크 > 서비스 통합,60세 ~ 99세 남성,8054,17821,452,93,87,0.52,0,0,0,0,0,0,0,0,0,0,0,0,0,0,0,0,0,0,0,0,0,0,0,0,0,0,0,0,0,0,0,0,0,0,0,0,0,0,0,0,0,0,0,0,0,0,0.00,0,0.00,0.00
세탁기_커피소구_02,4640759,세탁기_트래픽_구독 페스티벌,1628465,2026.10.05.,네이버 퍼포먼스 네트워크 > 서비스 통합,연령 알 수 없음 남성,157,8307,19,2,79,0.02,0,0,0,0,0,0,0,0,0,0,0,0,0,0,0,0,0,0,0,0,0,0,0,0,0,0,0,0,0,0,0,0,0,0,0,0,0,0,0,0,0,0,0,0,0,0,0.00,0,0.00,0.00
세탁기_커피소구_02,4640759,세탁기_트래픽_구독 페스티벌,1628465,2026.10.05.,네이버 퍼포먼스 네트워크 > 서비스 통합,14세 ~ 18세 성별 알 수 없음,0,162,0,0,0,0.00,0,0,0,0,0,0,0,0,0,0,0,0,0,0,0,0,0,0,0,0,0,0,0,0,0,0,0,0,0,0,0,0,0,0,0,0,0,0,0,0,0,0,0,0,0,0,0.00,0,0.00,0.00
세탁기_커피소구_02,4640759,세탁기_트래픽_구독 페스티벌,1628465,2026.10.05.,네이버 퍼포먼스 네트워크 > 서비스 통합,19세 ~ 24세 성별 알 수 없음,0,103,0,0,0,0.00,0,0,0,0,0,0,0,0,0,0,0,0,0,0,0,0,0,0,0,0,0,0,0,0,0,0,0,0,0,0,0,0,0,0,0,0,0,0,0,0,0,0,0,0,0,0,0.00,0,0.00,0.00
세탁기_커피소구_02,4640759,세탁기_트래픽_구독 페스티벌,1628465,2026.10.05.,네이버 퍼포먼스 네트워크 > 서비스 통합,25세 ~ 29세 성별 알 수 없음,76,280,273,1,76,0.36,0,0,0,0,0,0,0,0,0,0,0,0,0,0,0,0,0,0,0,0,0,0,0,0,0,0,0,0,0,0,0,0,0,0,0,0,0,0,0,0,0,0,0,0,0,0,0.00,0,0.00,0.00
세탁기_커피소구_02,4640759,세탁기_트래픽_구독 페스티벌,1628465,2026.10.05.,네이버 퍼포먼스 네트워크 > 서비스 통합,30세 ~ 34세 성별 알 수 없음,0,188,0,0,0,0.00,0,0,0,0,0,0,0,0,0,0,0,0,0,0,0,0,0,0,0,0,0,0,0,0,0,0,0,0,0,0,0,0,0,0,0,0,0,0,0,0,0,0,0,0,0,0,0.00,0,0.00,0.00
세탁기_커피소구_02,4640759,세탁기_트래픽_구독 페스티벌,1628465,2026.10.05.,네이버 퍼포먼스 네트워크 > 서비스 통합,35세 ~ 39세 성별 알 수 없음,85,96,889,1,85,1.04,0,0,0,0,0,0,0,0,0,0,0,0,0,0,0,0,0,0,0,0,0,0,0,0,0,0,0,0,0,0,0,0,0,0,0,0,0,0,0,0,0,0,0,0,0,0,0.00,0,0.00,0.00
세탁기_커피소구_02,4640759,세탁기_트래픽_구독 페스티벌,1628465,2026.10.05.,네이버 퍼포먼스 네트워크 > 서비스 통합,40세 ~ 44세 성별 알 수 없음,0,110,0,0,0,0.00,0,0,0,0,0,0,0,0,0,0,0,0,0,0,0,0,0,0,0,0,0,0,0,0,0,0,0,0,0,0,0,0,0,0,0,0,0,0,0,0,0,0,0,0,0,0,0.00,0,0.00,0.00
세탁기_커피소구_02,4640759,세탁기_트래픽_구독 페스티벌,1628465,2026.10.05.,네이버 퍼포먼스 네트워크 > 서비스 통합,45세 ~ 49세 성별 알 수 없음,93,52,1785,1,93,1.92,0,0,0,0,0,0,0,0,0,0,0,0,0,0,0,0,0,0,0,0,0,0,0,0,0,0,0,0,0,0,0,0,0,0,0,0,0,0,0,0,0,0,0,0,0,0,0.00,0,0.00,0.00
세탁기_커피소구_02,4640759,세탁기_트래픽_구독 페스티벌,1628465,2026.10.05.,네이버 퍼포먼스 네트워크 > 서비스 통합,50세 ~ 54세 성별 알 수 없음,0,51,0,0,0,0.00,0,0,0,0,0,0,0,0,0,0,0,0,0,0,0,0,0,0,0,0,0,0,0,0,0,0,0,0,0,0,0,0,0,0,0,0,0,0,0,0,0,0,0,0,0,0,0.00,0,0.00,0.00
세탁기_커피소구_02,4640759,세탁기_트래픽_구독 페스티벌,1628465,2026.10.05.,네이버 퍼포먼스 네트워크 > 서비스 통합,55세 ~ 59세 성별 알 수 없음,95,61,1552,1,95,1.64,0,0,0,0,0,0,0,0,0,0,0,0,0,0,0,0,0,0,0,0,0,0,0,0,0,0,0,0,0,0,0,0,0,0,0,0,0,0,0,0,0,0,0,0,0,0,0.00,0,0.00,0.00
세탁기_커피소구_02,4640759,세탁기_트래픽_구독 페스티벌,1628465,2026.10.05.,네이버 퍼포먼스 네트워크 > 서비스 통합,60세 ~ 99세 성별 알 수 없음,0,252,0,0,0,0.00,0,0,0,0,0,0,0,0,0,0,0,0,0,0,0,0,0,0,0,0,0,0,0,0,0,0,0,0,0,0,0,0,0,0,0,0,0,0,0,0,0,0,0,0,0,0,0.00,0,0.00,0.00
세탁기_커피소구_02,4640759,세탁기_트래픽_구독 페스티벌,1628465,2026.10.05.,네이버 퍼포먼스 네트워크 > 서비스 통합,알 수 없음,0,7157,0,0,0,0.00,0,0,0,0,0,0,0,0,0,0,0,0,0,0,0,0,0,0,0,0,0,0,0,0,0,0,0,0,0,0,0,0,0,0,0,0,0,0,0,0,0,0,0,0,0,0,0.00,0,0.00,0.00
세탁기_커피소구_02,4640759,세탁기_트래픽_구독 페스티벌,1628465,2026.10.05.,네이버 퍼포먼스 네트워크 > 피드,14세 ~ 18세 여성,0,6,0,0,0,0.00,0,0,0,0,0,0,0,0,0,0,0,0,0,0,0,0,0,0,0,0,0,0,0,0,0,0,0,0,0,0,0,0,0,0,0,0,0,0,0,0,0,0,0,0,0,0,0.00,0,0.00,0.00
세탁기_커피소구_02,4640759,세탁기_트래픽_구독 페스티벌,1628465,2026.10.05.,네이버 퍼포먼스 네트워크 > 피드,19세 ~ 24세 여성,0,3,0,0,0,0.00,0,0,0,0,0,0,0,0,0,0,0,0,0,0,0,0,0,0,0,0,0,0,0,0,0,0,0,0,0,0,0,0,0,0,0,0,0,0,0,0,0,0,0,0,0,0,0.00,0,0.00,0.00
세탁기_커피소구_02,4640759,세탁기_트래픽_구독 페스티벌,1628465,2026.10.05.,네이버 퍼포먼스 네트워크 > 피드,25세 ~ 29세 여성,0,1,0,0,0,0.00,0,0,0,0,0,0,0,0,0,0,0,0,0,0,0,0,0,0,0,0,0,0,0,0,0,0,0,0,0,0,0,0,0,0,0,0,0,0,0,0,0,0,0,0,0,0,0.00,0,0.00,0.00
세탁기_커피소구_02,4640759,세탁기_트래픽_구독 페스티벌,1628465,2026.10.05.,네이버 퍼포먼스 네트워크 > 피드,40세 ~ 44세 여성,0,2,0,0,0,0.00,0,0,0,0,0,0,0,0,0,0,0,0,0,0,0,0,0,0,0,0,0,0,0,0,0,0,0,0,0,0,0,0,0,0,0,0,0,0,0,0,0,0,0,0,0,0,0.00,0,0.00,0.00
세탁기_커피소구_02,4640759,세탁기_트래픽_구독 페스티벌,1628465,2026.10.05.,네이버 퍼포먼스 네트워크 > 피드,45세 ~ 49세 여성,0,20,0,0,0,0.00,0,0,0,0,0,0,0,0,0,0,0,0,0,0,0,0,0,0,0,0,0,0,0,0,0,0,0,0,0,0,0,0,0,0,0,0,0,0,0,0,0,0,0,0,0,0,0.00,0,0.00,0.00
세탁기_커피소구_02,4640759,세탁기_트래픽_구독 페스티벌,1628465,2026.10.05.,네이버 퍼포먼스 네트워크 > 피드,50세 ~ 54세 여성,0,7,0,0,0,0.00,0,0,0,0,0,0,0,0,0,0,0,0,0,0,0,0,0,0,0,0,0,0,0,0,0,0,0,0,0,0,0,0,0,0,0,0,0,0,0,0,0,0,0,0,0,0,0.00,0,0.00,0.00
세탁기_커피소구_02,4640759,세탁기_트래픽_구독 페스티벌,1628465,2026.10.05.,네이버 퍼포먼스 네트워크 > 피드,55세 ~ 59세 여성,0,8,0,0,0,0.00,0,0,0,0,0,0,0,0,0,0,0,0,0,0,0,0,0,0,0,0,0,0,0,0,0,0,0,0,0,0,0,0,0,0,0,0,0,0,0,0,0,0,0,0,0,0,0.00,0,0.00,0.00
세탁기_커피소구_02,4640759,세탁기_트래픽_구독 페스티벌,1628465,2026.10.05.,네이버 퍼포먼스 네트워크 > 피드,60세 ~ 99세 여성,0,114,0,0,0,0.00,0,0,0,0,0,0,0,0,0,0,0,0,0,0,0,0,0,0,0,0,0,0,0,0,0,0,0,0,0,0,0,0,0,0,0,0,0,0,0,0,0,0,0,0,0,0,0.00,0,0.00,0.00
세탁기_커피소구_02,4640759,세탁기_트래픽_구독 페스티벌,1628465,2026.10.05.,네이버 퍼포먼스 네트워크 > 피드,14세 ~ 18세 남성,0,4,0,0,0,0.00,0,0,0,0,0,0,0,0,0,0,0,0,0,0,0,0,0,0,0,0,0,0,0,0,0,0,0,0,0,0,0,0,0,0,0,0,0,0,0,0,0,0,0,0,0,0,0.00,0,0.00,0.00
세탁기_커피소구_02,4640759,세탁기_트래픽_구독 페스티벌,1628465,2026.10.05.,네이버 퍼포먼스 네트워크 > 피드,25세 ~ 29세 남성,0,1,0,0,0,0.00,0,0,0,0,0,0,0,0,0,0,0,0,0,0,0,0,0,0,0,0,0,0,0,0,0,0,0,0,0,0,0,0,0,0,0,0,0,0,0,0,0,0,0,0,0,0,0.00,0,0.00,0.00
세탁기_커피소구_02,4640759,세탁기_트래픽_구독 페스티벌,1628465,2026.10.05.,네이버 퍼포먼스 네트워크 > 피드,30세 ~ 34세 남성,0,1,0,0,0,0.00,0,0,0,0,0,0,0,0,0,0,0,0,0,0,0,0,0,0,0,0,0,0,0,0,0,0,0,0,0,0,0,0,0,0,0,0,0,0,0,0,0,0,0,0,0,0,0.00,0,0.00,0.00
세탁기_커피소구_02,4640759,세탁기_트래픽_구독 페스티벌,1628465,2026.10.05.,네이버 퍼포먼스 네트워크 > 피드,40세 ~ 44세 남성,0,1,0,0,0,0.00,0,0,0,0,0,0,0,0,0,0,0,0,0,0,0,0,0,0,0,0,0,0,0,0,0,0,0,0,0,0,0,0,0,0,0,0,0,0,0,0,0,0,0,0,0,0,0.00,0,0.00,0.00
세탁기_커피소구_02,4640759,세탁기_트래픽_구독 페스티벌,1628465,2026.10.05.,네이버 퍼포먼스 네트워크 > 피드,45세 ~ 49세 남성,0,8,0,0,0,0.00,0,0,0,0,0,0,0,0,0,0,0,0,0,0,0,0,0,0,0,0,0,0,0,0,0,0,0,0,0,0,0,0,0,0,0,0,0,0,0,0,0,0,0,0,0,0,0.00,0,0.00,0.00
세탁기_커피소구_02,4640759,세탁기_트래픽_구독 페스티벌,1628465,2026.10.05.,네이버 퍼포먼스 네트워크 > 피드,50세 ~ 54세 남성,0,8,0,0,0,0.00,0,0,0,0,0,0,0,0,0,0,0,0,0,0,0,0,0,0,0,0,0,0,0,0,0,0,0,0,0,0,0,0,0,0,0,0,0,0,0,0,0,0,0,0,0,0,0.00,0,0.00,0.00
세탁기_커피소구_02,4640759,세탁기_트래픽_구독 페스티벌,1628465,2026.10.05.,네이버 퍼포먼스 네트워크 > 피드,55세 ~ 59세 남성,0,11,0,0,0,0.00,0,0,0,0,0,0,0,0,0,0,0,0,0,0,0,0,0,0,0,0,0,0,0,0,0,0,0,0,0,0,0,0,0,0,0,0,0,0,0,0,0,0,0,0,0,0,0.00,0,0.00,0.00
세탁기_커피소구_02,4640759,세탁기_트래픽_구독 페스티벌,1628465,2026.10.05.,네이버 퍼포먼스 네트워크 > 피드,60세 ~ 99세 남성,0,79,0,0,0,0.00,0,0,0,0,0,0,0,0,0,0,0,0,0,0,0,0,0,0,0,0,0,0,0,0,0,0,0,0,0,0,0,0,0,0,0,0,0,0,0,0,0,0,0,0,0,0,0.00,0,0.00,0.00
세탁기_커피소구_02,4640759,세탁기_트래픽_구독 페스티벌,1628465,2026.10.05.,네이버 퍼포먼스 네트워크 > 피드,알 수 없음,0,19,0,0,0,0.00,0,0,0,0,0,0,0,0,0,0,0,0,0,0,0,0,0,0,0,0,0,0,0,0,0,0,0,0,0,0,0,0,0,0,0,0,0,0,0,0,0,0,0,0,0,0,0.00,0,0.00,0.00
세탁기_커피소구_02,4640759,세탁기_트래픽_구독 페스티벌,1628465,2026.10.04.,네이버+ > 피드,14세 ~ 18세 여성,0,10,0,0,0,0.00,0,0,0,0,0,0,0,0,0,0,0,0,0,0,0,0,0,0,0,0,0,0,0,0,0,0,0,0,0,0,0,0,0,0,0,0,0,0,0,0,0,0,0,0,0,0,0.00,0,0.00,0.00
세탁기_커피소구_02,4640759,세탁기_트래픽_구독 페스티벌,1628465,2026.10.04.,네이버+ > 피드,19세 ~ 24세 여성,0,6,0,0,0,0.00,0,0,0,0,0,0,0,0,0,0,0,0,0,0,0,0,0,0,0,0,0,0,0,0,0,0,0,0,0,0,0,0,0,0,0,0,0,0,0,0,0,0,0,0,0,0,0.00,0,0.00,0.00
세탁기_커피소구_02,4640759,세탁기_트래픽_구독 페스티벌,1628465,2026.10.04.,네이버+ > 피드,25세 ~ 29세 여성,0,2,0,0,0,0.00,0,0,0,0,0,0,0,0,0,0,0,0,0,0,0,0,0,0,0,0,0,0,0,0,0,0,0,0,0,0,0,0,0,0,0,0,0,0,0,0,0,0,0,0,0,0,0.00,0,0.00,0.00
세탁기_커피소구_02,4640759,세탁기_트래픽_구독 페스티벌,1628465,2026.10.04.,네이버+ > 피드,35세 ~ 39세 여성,0,4,0,0,0,0.00,0,0,0,0,0,0,0,0,0,0,0,0,0,0,0,0,0,0,0,0,0,0,0,0,0,0,0,0,0,0,0,0,0,0,0,0,0,0,0,0,0,0,0,0,0,0,0.00,0,0.00,0.00
세탁기_커피소구_02,4640759,세탁기_트래픽_구독 페스티벌,1628465,2026.10.04.,네이버+ > 피드,40세 ~ 44세 여성,0,6,0,0,0,0.00,0,0,0,0,0,0,0,0,0,0,0,0,0,0,0,0,0,0,0,0,0,0,0,0,0,0,0,0,0,0,0,0,0,0,0,0,0,0,0,0,0,0,0,0,0,0,0.00,0,0.00,0.00
세탁기_커피소구_02,4640759,세탁기_트래픽_구독 페스티벌,1628465,2026.10.04.,네이버+ > 피드,45세 ~ 49세 여성,0,10,0,0,0,0.00,0,0,0,0,0,0,0,0,0,0,0,0,0,0,0,0,0,0,0,0,0,0,0,0,0,0,0,0,0,0,0,0,0,0,0,0,0,0,0,0,0,0,0,0,0,0,0.00,0,0.00,0.00
세탁기_커피소구_02,4640759,세탁기_트래픽_구독 페스티벌,1628465,2026.10.04.,네이버+ > 피드,50세 ~ 54세 여성,73,23,3169,1,73,4.35,0,0,0,0,0,0,0,0,0,0,0,0,0,0,0,0,0,0,0,0,0,0,0,0,0,0,0,0,0,0,0,0,0,0,0,0,0,0,0,0,0,0,0,0,0,0,0.00,0,0.00,0.00
세탁기_커피소구_02,4640759,세탁기_트래픽_구독 페스티벌,1628465,2026.10.04.,네이버+ > 피드,55세 ~ 59세 여성,0,52,0,0,0,0.00,0,0,0,0,0,0,0,0,0,0,0,0,0,0,0,0,0,0,0,0,0,0,0,0,0,0,0,0,0,0,0,0,0,0,0,0,0,0,0,0,0,0,0,0,0,0,0.00,0,0.00,0.00
세탁기_커피소구_02,4640759,세탁기_트래픽_구독 페스티벌,1628465,2026.10.04.,네이버+ > 피드,60세 ~ 99세 여성,1085,783,1386,14,77,1.79,0,0,0,0,0,0,0,0,0,0,0,0,0,0,0,0,0,0,0,0,0,0,0,0,0,0,0,0,0,0,0,0,0,0,0,0,0,0,0,0,0,0,0,0,0,0,0.00,0,0.00,0.00
세탁기_커피소구_02,4640759,세탁기_트래픽_구독 페스티벌,1628465,2026.10.04.,네이버+ > 피드,14세 ~ 18세 남성,0,7,0,0,0,0.00,0,0,0,0,0,0,0,0,0,0,0,0,0,0,0,0,0,0,0,0,0,0,0,0,0,0,0,0,0,0,0,0,0,0,0,0,0,0,0,0,0,0,0,0,0,0,0.00,0,0.00,0.00
세탁기_커피소구_02,4640759,세탁기_트래픽_구독 페스티벌,1628465,2026.10.04.,네이버+ > 피드,19세 ~ 24세 남성,0,3,0,0,0,0.00,0,0,0,0,0,0,0,0,0,0,0,0,0,0,0,0,0,0,0,0,0,0,0,0,0,0,0,0,0,0,0,0,0,0,0,0,0,0,0,0,0,0,0,0,0,0,0.00,0,0.00,0.00
세탁기_커피소구_02,4640759,세탁기_트래픽_구독 페스티벌,1628465,2026.10.04.,네이버+ > 피드,30세 ~ 34세 남성,0,2,0,0,0,0.00,0,0,0,0,0,0,0,0,0,0,0,0,0,0,0,0,0,0,0,0,0,0,0,0,0,0,0,0,0,0,0,0,0,0,0,0,0,0,0,0,0,0,0,0,0,0,0.00,0,0.00,0.00
세탁기_커피소구_02,4640759,세탁기_트래픽_구독 페스티벌,1628465,2026.10.04.,네이버+ > 피드,40세 ~ 44세 남성,0,2,0,0,0,0.00,0,0,0,0,0,0,0,0,0,0,0,0,0,0,0,0,0,0,0,0,0,0,0,0,0,0,0,0,0,0,0,0,0,0,0,0,0,0,0,0,0,0,0,0,0,0,0.00,0,0.00,0.00
세탁기_커피소구_02,4640759,세탁기_트래픽_구독 페스티벌,1628465,2026.10.04.,네이버+ > 피드,45세 ~ 49세 남성,0,2,0,0,0,0.00,0,0,0,0,0,0,0,0,0,0,0,0,0,0,0,0,0,0,0,0,0,0,0,0,0,0,0,0,0,0,0,0,0,0,0,0,0,0,0,0,0,0,0,0,0,0,0.00,0,0.00,0.00
세탁기_커피소구_02,4640759,세탁기_트래픽_구독 페스티벌,1628465,2026.10.04.,네이버+ > 피드,50세 ~ 54세 남성,0,9,0,0,0,0.00,0,0,0,0,0,0,0,0,0,0,0,0,0,0,0,0,0,0,0,0,0,0,0,0,0,0,0,0,0,0,0,0,0,0,0,0,0,0,0,0,0,0,0,0,0,0,0.00,0,0.00,0.00
세탁기_커피소구_02,4640759,세탁기_트래픽_구독 페스티벌,1628465,2026.10.04.,네이버+ > 피드,55세 ~ 59세 남성,77,25,3078,1,77,4.00,0,0,0,0,0,0,0,0,0,0,0,0,0,0,0,0,0,0,0,0,0,0,0,0,0,0,0,0,0,0,0,0,0,0,0,0,0,0,0,0,0,0,0,0,0,0,0.00,0,0.00,0.00
세탁기_커피소구_02,4640759,세탁기_트래픽_구독 페스티벌,1628465,2026.10.04.,네이버+ > 피드,60세 ~ 99세 남성,467,229,2041,7,67,3.06,0,0,0,0,0,0,0,0,0,0,0,0,0,0,0,0,0,0,0,0,0,0,0,0,0,0,0,0,0,0,0,0,0,0,0,0,0,0,0,0,0,0,0,0,0,0,0.00,0,0.00,0.00
세탁기_커피소구_02,4640759,세탁기_트래픽_구독 페스티벌,1628465,2026.10.04.,네이버+ > 피드,60세 ~ 99세 성별 알 수 없음,86,10,8621,1,86,10.00,0,0,0,0,0,0,0,0,0,0,0,0,0,0,0,0,0,0,0,0,0,0,0,0,0,0,0,0,0,0,0,0,0,0,0,0,0,0,0,0,0,0,0,0,0,0,0.00,0,0.00,0.00
세탁기_커피소구_02,4640759,세탁기_트래픽_구독 페스티벌,1628465,2026.10.04.,네이버+ > 피드,알 수 없음,71,21,3377,1,71,4.76,0,0,0,0,0,0,0,0,0,0,0,0,0,0,0,0,0,0,0,0,0,0,0,0,0,0,0,0,0,0,0,0,0,0,0,0,0,0,0,0,0,0,0,0,0,0,0.00,0,0.00,0.00
세탁기_커피소구_02,4640759,세탁기_트래픽_구독 페스티벌,1628465,2026.10.04.,네이버+ > 네이버 메인,14세 ~ 18세 여성,0,9,0,0,0,0.00,0,0,0,0,0,0,0,0,0,0,0,0,0,0,0,0,0,0,0,0,0,0,0,0,0,0,0,0,0,0,0,0,0,0,0,0,0,0,0,0,0,0,0,0,0,0,0.00,0,0.00,0.00
세탁기_커피소구_02,4640759,세탁기_트래픽_구독 페스티벌,1628465,2026.10.04.,네이버+ > 네이버 메인,19세 ~ 24세 여성,0,18,0,0,0,0.00,0,0,0,0,0,0,0,0,0,0,0,0,0,0,0,0,0,0,0,0,0,0,0,0,0,0,0,0,0,0,0,0,0,0,0,0,0,0,0,0,0,0,0,0,0,0,0.00,0,0.00,0.00
세탁기_커피소구_02,4640759,세탁기_트래픽_구독 페스티벌,1628465,2026.10.04.,네이버+ > 네이버 메인,25세 ~ 29세 여성,0,1,0,0,0,0.00,0,0,0,0,0,0,0,0,0,0,0,0,0,0,0,0,0,0,0,0,0,0,0,0,0,0,0,0,0,0,0,0,0,0,0,0,0,0,0,0,0,0,0,0,0,0,0.00,0,0.00,0.00
세탁기_커피소구_02,4640759,세탁기_트래픽_구독 페스티벌,1628465,2026.10.04.,네이버+ > 네이버 메인,30세 ~ 34세 여성,0,5,0,0,0,0.00,0,0,0,0,0,0,0,0,0,0,0,0,0,0,0,0,0,0,0,0,0,0,0,0,0,0,0,0,0,0,0,0,0,0,0,0,0,0,0,0,0,0,0,0,0,0,0.00,0,0.00,0.00
세탁기_커피소구_02,4640759,세탁기_트래픽_구독 페스티벌,1628465,2026.10.04.,네이버+ > 네이버 메인,35세 ~ 39세 여성,0,5,0,0,0,0.00,0,0,0,0,0,0,0,0,0,0,0,0,0,0,0,0,0,0,0,0,0,0,0,0,0,0,0,0,0,0,0,0,0,0,0,0,0,0,0,0,0,0,0,0,0,0,0.00,0,0.00,0.00
세탁기_커피소구_02,4640759,세탁기_트래픽_구독 페스티벌,1628465,2026.10.04.,네이버+ > 네이버 메인,40세 ~ 44세 여성,0,11,0,0,0,0.00,0,0,0,0,0,0,0,0,0,0,0,0,0,0,0,0,0,0,0,0,0,0,0,0,0,0,0,0,0,0,0,0,0,0,0,0,0,0,0,0,0,0,0,0,0,0,0.00,0,0.00,0.00
세탁기_커피소구_02,4640759,세탁기_트래픽_구독 페스티벌,1628465,2026.10.04.,네이버+ > 네이버 메인,50세 ~ 54세 여성,0,4,0,0,0,0.00,0,0,0,0,0,0,0,0,0,0,0,0,0,0,0,0,0,0,0,0,0,0,0,0,0,0,0,0,0,0,0,0,0,0,0,0,0,0,0,0,0,0,0,0,0,0,0.00,0,0.00,0.00
세탁기_커피소구_02,4640759,세탁기_트래픽_구독 페스티벌,1628465,2026.10.04.,네이버+ > 네이버 메인,60세 ~ 99세 여성,0,24,0,0,0,0.00,0,0,0,0,0,0,0,0,0,0,0,0,0,0,0,0,0,0,0,0,0,0,0,0,0,0,0,0,0,0,0,0,0,0,0,0,0,0,0,0,0,0,0,0,0,0,0.00,0,0.00,0.00
세탁기_커피소구_02,4640759,세탁기_트래픽_구독 페스티벌,1628465,2026.10.04.,네이버+ > 네이버 메인,14세 ~ 18세 남성,0,18,0,0,0,0.00,0,0,0,0,0,0,0,0,0,0,0,0,0,0,0,0,0,0,0,0,0,0,0,0,0,0,0,0,0,0,0,0,0,0,0,0,0,0,0,0,0,0,0,0,0,0,0.00,0,0.00,0.00
세탁기_커피소구_02,4640759,세탁기_트래픽_구독 페스티벌,1628465,2026.10.04.,네이버+ > 네이버 메인,19세 ~ 24세 남성,0,79,0,0,0,0.00,0,0,0,0,0,0,0,0,0,0,0,0,0,0,0,0,0,0,0,0,0,0,0,0,0,0,0,0,0,0,0,0,0,0,0,0,0,0,0,0,0,0,0,0,0,0,0.00,0,0.00,0.00
세탁기_커피소구_02,4640759,세탁기_트래픽_구독 페스티벌,1628465,2026.10.04.,네이버+ > 네이버 메인,25세 ~ 29세 남성,0,77,0,0,0,0.00,0,0,0,0,0,0,0,0,0,0,0,0,0,0,0,0,0,0,0,0,0,0,0,0,0,0,0,0,0,0,0,0,0,0,0,0,0,0,0,0,0,0,0,0,0,0,0.00,0,0.00,0.00
세탁기_커피소구_02,4640759,세탁기_트래픽_구독 페스티벌,1628465,2026.10.04.,네이버+ > 네이버 메인,30세 ~ 34세 남성,0,35,0,0,0,0.00,0,0,0,0,0,0,0,0,0,0,0,0,0,0,0,0,0,0,0,0,0,0,0,0,0,0,0,0,0,0,0,0,0,0,0,0,0,0,0,0,0,0,0,0,0,0,0.00,0,0.00,0.00
세탁기_커피소구_02,4640759,세탁기_트래픽_구독 페스티벌,1628465,2026.10.04.,네이버+ > 네이버 메인,35세 ~ 39세 남성,0,59,0,0,0,0.00,0,0,0,0,0,0,0,0,0,0,0,0,0,0,0,0,0,0,0,0,0,0,0,0,0,0,0,0,0,0,0,0,0,0,0,0,0,0,0,0,0,0,0,0,0,0,0.00,0,0.00,0.00
세탁기_커피소구_02,4640759,세탁기_트래픽_구독 페스티벌,1628465,2026.10.04.,네이버+ > 네이버 메인,40세 ~ 44세 남성,0,39,0,0,0,0.00,0,0,0,0,0,0,0,0,0,0,0,0,0,0,0,0,0,0,0,0,0,0,0,0,0,0,0,0,0,0,0,0,0,0,0,0,0,0,0,0,0,0,0,0,0,0,0.00,0,0.00,0.00
세탁기_커피소구_02,4640759,세탁기_트래픽_구독 페스티벌,1628465,2026.10.04.,네이버+ > 네이버 메인,45세 ~ 49세 남성,0,91,0,0,0,0.00,0,0,0,0,0,0,0,0,0,0,0,0,0,0,0,0,0,0,0,0,0,0,0,0,0,0,0,0,0,0,0,0,0,0,0,0,0,0,0,0,0,0,0,0,0,0,0.00,0,0.00,0.00
세탁기_커피소구_02,4640759,세탁기_트래픽_구독 페스티벌,1628465,2026.10.04.,네이버+ > 네이버 메인,50세 ~ 54세 남성,0,65,0,0,0,0.00,0,0,0,0,0,0,0,0,0,0,0,0,0,0,0,0,0,0,0,0,0,0,0,0,0,0,0,0,0,0,0,0,0,0,0,0,0,0,0,0,0,0,0,0,0,0,0.00,0,0.00,0.00
세탁기_커피소구_02,4640759,세탁기_트래픽_구독 페스티벌,1628465,2026.10.04.,네이버+ > 네이버 메인,55세 ~ 59세 남성,0,92,0,0,0,0.00,0,0,0,0,0,0,0,0,0,0,0,0,0,0,0,0,0,0,0,0,0,0,0,0,0,0,0,0,0,0,0,0,0,0,0,0,0,0,0,0,0,0,0,0,0,0,0.00,0,0.00,0.00
세탁기_커피소구_02,4640759,세탁기_트래픽_구독 페스티벌,1628465,2026.10.04.,네이버+ > 네이버 메인,60세 ~ 99세 남성,0,135,0,0,0,0.00,0,0,0,0,0,0,0,0,0,0,0,0,0,0,0,0,0,0,0,0,0,0,0,0,0,0,0,0,0,0,0,0,0,0,0,0,0,0,0,0,0,0,0,0,0,0,0.00,0,0.00,0.00
세탁기_커피소구_02,4640759,세탁기_트래픽_구독 페스티벌,1628465,2026.10.04.,네이버+ > 네이버 메인,연령 알 수 없음 남성,0,51,0,0,0,0.00,0,0,0,0,0,0,0,0,0,0,0,0,0,0,0,0,0,0,0,0,0,0,0,0,0,0,0,0,0,0,0,0,0,0,0,0,0,0,0,0,0,0,0,0,0,0,0.00,0,0.00,0.00
세탁기_커피소구_02,4640759,세탁기_트래픽_구독 페스티벌,1628465,2026.10.04.,네이버+ > 네이버 메인,19세 ~ 24세 성별 알 수 없음,0,7,0,0,0,0.00,0,0,0,0,0,0,0,0,0,0,0,0,0,0,0,0,0,0,0,0,0,0,0,0,0,0,0,0,0,0,0,0,0,0,0,0,0,0,0,0,0,0,0,0,0,0,0.00,0,0.00,0.00
세탁기_커피소구_02,4640759,세탁기_트래픽_구독 페스티벌,1628465,2026.10.04.,네이버+ > 네이버 메인,25세 ~ 29세 성별 알 수 없음,0,2,0,0,0,0.00,0,0,0,0,0,0,0,0,0,0,0,0,0,0,0,0,0,0,0,0,0,0,0,0,0,0,0,0,0,0,0,0,0,0,0,0,0,0,0,0,0,0,0,0,0,0,0.00,0,0.00,0.00
세탁기_커피소구_02,4640759,세탁기_트래픽_구독 페스티벌,1628465,2026.10.04.,네이버+ > 네이버 메인,60세 ~ 99세 성별 알 수 없음,0,1,0,0,0,0.00,0,0,0,0,0,0,0,0,0,0,0,0,0,0,0,0,0,0,0,0,0,0,0,0,0,0,0,0,0,0,0,0,0,0,0,0,0,0,0,0,0,0,0,0,0,0,0.00,0,0.00,0.00
세탁기_커피소구_02,4640759,세탁기_트래픽_구독 페스티벌,1628465,2026.10.04.,네이버+ > 네이버 메인,알 수 없음,0,134,0,0,0,0.00,0,0,0,0,0,0,0,0,0,0,0,0,0,0,0,0,0,0,0,0,0,0,0,0,0,0,0,0,0,0,0,0,0,0,0,0,0,0,0,0,0,0,0,0,0,0,0.00,0,0.00,0.00
세탁기_커피소구_02,4640759,세탁기_트래픽_구독 페스티벌,1628465,2026.10.04.,네이버+ > 서비스 통합,14세 ~ 18세 여성,87,128,681,1,87,0.78,0,0,0,0,0,0,0,0,0,0,0,0,0,0,0,0,0,0,0,0,0,0,0,0,0,0,0,0,0,0,0,0,0,0,0,0,0,0,0,0,0,0,0,0,0,0,0.00,0,0.00,0.00
세탁기_커피소구_02,4640759,세탁기_트래픽_구독 페스티벌,1628465,2026.10.04.,네이버+ > 서비스 통합,19세 ~ 24세 여성,0,11,0,0,0,0.00,0,0,0,0,0,0,0,0,0,0,0,0,0,0,0,0,0,0,0,0,0,0,0,0,0,0,0,0,0,0,0,0,0,0,0,0,0,0,0,0,0,0,0,0,0,0,0.00,0,0.00,0.00
세탁기_커피소구_02,4640759,세탁기_트래픽_구독 페스티벌,1628465,2026.10.04.,네이버+ > 서비스 통합,25세 ~ 29세 여성,0,3,0,0,0,0.00,0,0,0,0,0,0,0,0,0,0,0,0,0,0,0,0,0,0,0,0,0,0,0,0,0,0,0,0,0,0,0,0,0,0,0,0,0,0,0,0,0,0,0,0,0,0,0.00,0,0.00,0.00
세탁기_커피소구_02,4640759,세탁기_트래픽_구독 페스티벌,1628465,2026.10.04.,네이버+ > 서비스 통합,30세 ~ 34세 여성,0,1,0,0,0,0.00,0,0,0,0,0,0,0,0,0,0,0,0,0,0,0,0,0,0,0,0,0,0,0,0,0,0,0,0,0,0,0,0,0,0,0,0,0,0,0,0,0,0,0,0,0,0,0.00,0,0.00,0.00
세탁기_커피소구_02,4640759,세탁기_트래픽_구독 페스티벌,1628465,2026.10.04.,네이버+ > 서비스 통합,35세 ~ 39세 여성,0,6,0,0,0,0.00,0,0,0,0,0,0,0,0,0,0,0,0,0,0,0,0,0,0,0,0,0,0,0,0,0,0,0,0,0,0,0,0,0,0,0,0,0,0,0,0,0,0,0,0,0,0,0.00,0,0.00,0.00
세탁기_커피소구_02,4640759,세탁기_트래픽_구독 페스티벌,1628465,2026.10.04.,네이버+ > 서비스 통합,40세 ~ 44세 여성,0,1,0,0,0,0.00,0,0,0,0,0,0,0,0,0,0,0,0,0,0,0,0,0,0,0,0,0,0,0,0,0,0,0,0,0,0,0,0,0,0,0,0,0,0,0,0,0,0,0,0,0,0,0.00,0,0.00,0.00
세탁기_커피소구_02,4640759,세탁기_트래픽_구독 페스티벌,1628465,2026.10.04.,네이버+ > 서비스 통합,50세 ~ 54세 여성,0,2,0,0,0,0.00,0,0,0,0,0,0,0,0,0,0,0,0,0,0,0,0,0,0,0,0,0,0,0,0,0,0,0,0,0,0,0,0,0,0,0,0,0,0,0,0,0,0,0,0,0,0,0.00,0,0.00,0.00
세탁기_커피소구_02,4640759,세탁기_트래픽_구독 페스티벌,1628465,2026.10.04.,네이버+ > 서비스 통합,55세 ~ 59세 여성,0,9,0,0,0,0.00,0,0,0,0,0,0,0,0,0,0,0,0,0,0,0,0,0,0,0,0,0,0,0,0,0,0,0,0,0,0,0,0,0,0,0,0,0,0,0,0,0,0,0,0,0,0,0.00,0,0.00,0.00
세탁기_커피소구_02,4640759,세탁기_트래픽_구독 페스티벌,1628465,2026.10.04.,네이버+ > 서비스 통합,60세 ~ 99세 여성,0,84,0,0,0,0.00,0,0,0,0,0,0,0,0,0,0,0,0,0,0,0,0,0,0,0,0,0,0,0,0,0,0,0,0,0,0,0,0,0,0,0,0,0,0,0,0,0,0,0,0,0,0,0.00,0,0.00,0.00
세탁기_커피소구_02,4640759,세탁기_트래픽_구독 페스티벌,1628465,2026.10.04.,네이버+ > 서비스 통합,"연령 알 수 없음 여성 ",0,3,0,0,0,0.00,0,0,0,0,0,0,0,0,0,0,0,0,0,0,0,0,0,0,0,0,0,0,0,0,0,0,0,0,0,0,0,0,0,0,0,0,0,0,0,0,0,0,0,0,0,0,0.00,0,0.00,0.00
세탁기_커피소구_02,4640759,세탁기_트래픽_구독 페스티벌,1628465,2026.10.04.,네이버+ > 서비스 통합,14세 ~ 18세 남성,163,965,168,2,81,0.21,0,0,0,0,0,0,0,0,0,0,0,0,0,0,0,0,0,0,0,0,0,0,0,0,0,0,0,0,0,0,0,0,0,0,0,0,0,0,0,0,0,0,0,0,0,0,0.00,0,0.00,0.00
세탁기_커피소구_02,4640759,세탁기_트래픽_구독 페스티벌,1628465,2026.10.04.,네이버+ > 서비스 통합,19세 ~ 24세 남성,0,79,0,0,0,0.00,0,0,0,0,0,0,0,0,0,0,0,0,0,0,0,0,0,0,0,0,0,0,0,0,0,0,0,0,0,0,0,0,0,0,0,0,0,0,0,0,0,0,0,0,0,0,0.00,0,0.00,0.00
세탁기_커피소구_02,4640759,세탁기_트래픽_구독 페스티벌,1628465,2026.10.04.,네이버+ > 서비스 통합,25세 ~ 29세 남성,0,43,0,0,0,0.00,0,0,0,0,0,0,0,0,0,0,0,0,0,0,0,0,0,0,0,0,0,0,0,0,0,0,0,0,0,0,0,0,0,0,0,0,0,0,0,0,0,0,0,0,0,0,0.00,0,0.00,0.00
세탁기_커피소구_02,4640759,세탁기_트래픽_구독 페스티벌,1628465,2026.10.04.,네이버+ > 서비스 통합,30세 ~ 34세 남성,0,18,0,0,0,0.00,0,0,0,0,0,0,0,0,0,0,0,0,0,0,0,0,0,0,0,0,0,0,0,0,0,0,0,0,0,0,0,0,0,0,0,0,0,0,0,0,0,0,0,0,0,0,0.00,0,0.00,0.00
세탁기_커피소구_02,4640759,세탁기_트래픽_구독 페스티벌,1628465,2026.10.04.,네이버+ > 서비스 통합,35세 ~ 39세 남성,0,9,0,0,0,0.00,0,0,0,0,0,0,0,0,0,0,0,0,0,0,0,0,0,0,0,0,0,0,0,0,0,0,0,0,0,0,0,0,0,0,0,0,0,0,0,0,0,0,0,0,0,0,0.00,0,0.00,0.00
세탁기_커피소구_02,4640759,세탁기_트래픽_구독 페스티벌,1628465,2026.10.04.,네이버+ > 서비스 통합,40세 ~ 44세 남성,76,6,12599,1,76,16.67,0,0,0,0,0,0,0,0,0,0,0,0,0,0,0,0,0,0,0,0,0,0,0,0,0,0,0,0,0,0,0,0,0,0,0,0,0,0,0,0,0,0,0,0,0,0,0.00,0,0.00,0.00
세탁기_커피소구_02,4640759,세탁기_트래픽_구독 페스티벌,1628465,2026.10.04.,네이버+ > 서비스 통합,45세 ~ 49세 남성,0,4,0,0,0,0.00,0,0,0,0,0,0,0,0,0,0,0,0,0,0,0,0,0,0,0,0,0,0,0,0,0,0,0,0,0,0,0,0,0,0,0,0,0,0,0,0,0,0,0,0,0,0,0.00,0,0.00,0.00
세탁기_커피소구_02,4640759,세탁기_트래픽_구독 페스티벌,1628465,2026.10.04.,네이버+ > 서비스 통합,50세 ~ 54세 남성,0,18,0,0,0,0.00,0,0,0,0,0,0,0,0,0,0,0,0,0,0,0,0,0,0,0,0,0,0,0,0,0,0,0,0,0,0,0,0,0,0,0,0,0,0,0,0,0,0,0,0,0,0,0.00,0,0.00,0.00
세탁기_커피소구_02,4640759,세탁기_트래픽_구독 페스티벌,1628465,2026.10.04.,네이버+ > 서비스 통합,55세 ~ 59세 남성,0,32,0,0,0,0.00,0,0,0,0,0,0,0,0,0,0,0,0,0,0,0,0,0,0,0,0,0,0,0,0,0,0,0,0,0,0,0,0,0,0,0,0,0,0,0,0,0,0,0,0,0,0,0.00,0,0.00,0.00
세탁기_커피소구_02,4640759,세탁기_트래픽_구독 페스티벌,1628465,2026.10.04.,네이버+ > 서비스 통합,60세 ~ 99세 남성,0,396,0,0,0,0.00,0,0,0,0,0,0,0,0,0,0,0,0,0,0,0,0,0,0,0,0,0,0,0,0,0,0,0,0,0,0,0,0,0,0,0,0,0,0,0,0,0,0,0,0,0,0,0.00,0,0.00,0.00
세탁기_커피소구_02,4640759,세탁기_트래픽_구독 페스티벌,1628465,2026.10.04.,네이버+ > 서비스 통합,연령 알 수 없음 남성,0,20,0,0,0,0.00,0,0,0,0,0,0,0,0,0,0,0,0,0,0,0,0,0,0,0,0,0,0,0,0,0,0,0,0,0,0,0,0,0,0,0,0,0,0,0,0,0,0,0,0,0,0,0.00,0,0.00,0.00
세탁기_커피소구_02,4640759,세탁기_트래픽_구독 페스티벌,1628465,2026.10.04.,네이버+ > 서비스 통합,14세 ~ 18세 성별 알 수 없음,0,4,0,0,0,0.00,0,0,0,0,0,0,0,0,0,0,0,0,0,0,0,0,0,0,0,0,0,0,0,0,0,0,0,0,0,0,0,0,0,0,0,0,0,0,0,0,0,0,0,0,0,0,0.00,0,0.00,0.00
세탁기_커피소구_02,4640759,세탁기_트래픽_구독 페스티벌,1628465,2026.10.04.,네이버+ > 서비스 통합,50세 ~ 54세 성별 알 수 없음,0,1,0,0,0,0.00,0,0,0,0,0,0,0,0,0,0,0,0,0,0,0,0,0,0,0,0,0,0,0,0,0,0,0,0,0,0,0,0,0,0,0,0,0,0,0,0,0,0,0,0,0,0,0.00,0,0.00,0.00
세탁기_커피소구_02,4640759,세탁기_트래픽_구독 페스티벌,1628465,2026.10.04.,네이버+ > 서비스 통합,55세 ~ 59세 성별 알 수 없음,0,1,0,0,0,0.00,0,0,0,0,0,0,0,0,0,0,0,0,0,0,0,0,0,0,0,0,0,0,0,0,0,0,0,0,0,0,0,0,0,0,0,0,0,0,0,0,0,0,0,0,0,0,0.00,0,0.00,0.00
세탁기_커피소구_02,4640759,세탁기_트래픽_구독 페스티벌,1628465,2026.10.04.,네이버+ > 서비스 통합,알 수 없음,0,71,0,0,0,0.00,0,0,0,0,0,0,0,0,0,0,0,0,0,0,0,0,0,0,0,0,0,0,0,0,0,0,0,0,0,0,0,0,0,0,0,0,0,0,0,0,0,0,0,0,0,0,0.00,0,0.00,0.00
세탁기_커피소구_02,4640759,세탁기_트래픽_구독 페스티벌,1628465,2026.10.04.,네이버 퍼포먼스 네트워크 > 서비스 통합,14세 ~ 18세 여성,540,1122,481,6,90,0.53,0,0,0,0,0,0,0,0,0,0,0,0,0,0,0,0,0,0,0,0,0,0,0,0,0,0,0,0,0,0,0,0,0,0,0,0,0,0,0,0,0,0,0,0,0,0,0.00,0,0.00,0.00
세탁기_커피소구_02,4640759,세탁기_트래픽_구독 페스티벌,1628465,2026.10.04.,네이버 퍼포먼스 네트워크 > 서비스 통합,19세 ~ 24세 여성,0,1435,0,0,0,0.00,0,0,0,0,0,0,0,0,0,0,0,0,0,0,0,0,0,0,0,0,0,0,0,0,0,0,0,0,0,0,0,0,0,0,0,0,0,0,0,0,0,0,0,0,0,0,0.00,0,0.00,0.00
세탁기_커피소구_02,4640759,세탁기_트래픽_구독 페스티벌,1628465,2026.10.04.,네이버 퍼포먼스 네트워크 > 서비스 통합,25세 ~ 29세 여성,85,833,102,1,85,0.12,0,0,0,0,0,0,0,0,0,0,0,0,0,0,0,0,0,0,0,0,0,0,0,0,0,0,0,0,0,0,0,0,0,0,0,0,0,0,0,0,0,0,0,0,0,0,0.00,0,0.00,0.00
세탁기_커피소구_02,4640759,세탁기_트래픽_구독 페스티벌,1628465,2026.10.04.,네이버 퍼포먼스 네트워크 > 서비스 통합,30세 ~ 34세 여성,0,608,0,0,0,0.00,0,0,0,0,0,0,0,0,0,0,0,0,0,0,0,0,0,0,0,0,0,0,0,0,0,0,0,0,0,0,0,0,0,0,0,0,0,0,0,0,0,0,0,0,0,0,0.00,0,0.00,0.00
세탁기_커피소구_02,4640759,세탁기_트래픽_구독 페스티벌,1628465,2026.10.04.,네이버 퍼포먼스 네트워크 > 서비스 통합,35세 ~ 39세 여성,0,521,0,0,0,0.00,0,0,0,0,0,0,0,0,0,0,0,0,0,0,0,0,0,0,0,0,0,0,0,0,0,0,0,0,0,0,0,0,0,0,0,0,0,0,0,0,0,0,0,0,0,0,0.00,0,0.00,0.00
세탁기_커피소구_02,4640759,세탁기_트래픽_구독 페스티벌,1628465,2026.10.04.,네이버 퍼포먼스 네트워크 > 서비스 통합,40세 ~ 44세 여성,81,506,160,1,81,0.20,0,0,0,0,0,0,0,0,0,0,0,0,0,0,0,0,0,0,0,0,0,0,0,0,0,0,0,0,0,0,0,0,0,0,0,0,0,0,0,0,0,0,0,0,0,0,0.00,0,0.00,0.00
세탁기_커피소구_02,4640759,세탁기_트래픽_구독 페스티벌,1628465,2026.10.04.,네이버 퍼포먼스 네트워크 > 서비스 통합,45세 ~ 49세 여성,1078,1770,609,12,90,0.68,0,0,0,0,0,0,0,0,0,0,0,0,0,0,0,0,0,0,0,0,0,0,0,0,0,0,0,0,0,0,0,0,0,0,0,0,0,0,0,0,0,0,0,0,0,0,0.00,0,0.00,0.00
세탁기_커피소구_02,4640759,세탁기_트래픽_구독 페스티벌,1628465,2026.10.04.,네이버 퍼포먼스 네트워크 > 서비스 통합,50세 ~ 54세 여성,627,1528,411,8,78,0.52,0,0,0,0,0,0,0,0,0,0,0,0,0,0,0,0,0,0,0,0,0,0,0,0,0,0,0,0,0,0,0,0,0,0,0,0,0,0,0,0,0,0,0,0,0,0,0.00,0,0.00,0.00
세탁기_커피소구_02,4640759,세탁기_트래픽_구독 페스티벌,1628465,2026.10.04.,네이버 퍼포먼스 네트워크 > 서비스 통합,55세 ~ 59세 여성,1207,2734,441,14,86,0.51,0,0,0,0,0,0,0,0,0,0,0,0,0,0,0,0,0,0,0,0,0,0,0,0,0,0,0,0,0,0,0,0,0,0,0,0,0,0,0,0,0,0,0,0,0,0,0.00,0,0.00,0.00
세탁기_커피소구_02,4640759,세탁기_트래픽_구독 페스티벌,1628465,2026.10.04.,네이버 퍼포먼스 네트워크 > 서비스 통합,60세 ~ 99세 여성,12316,20426,603,144,86,0.70,0,0,0,0,0,0,0,0,0,0,0,0,0,0,0,0,0,0,0,0,0,0,0,0,0,0,0,0,0,0,0,0,0,0,0,0,0,0,0,0,0,0,0,0,0,0,0.00,0,0.00,0.00
세탁기_커피소구_02,4640759,세탁기_트래픽_구독 페스티벌,1628465,2026.10.04.,네이버 퍼포먼스 네트워크 > 서비스 통합,"연령 알 수 없음 여성 ",0,649,0,0,0,0.00,0,0,0,0,0,0,0,0,0,0,0,0,0,0,0,0,0,0,0,0,0,0,0,0,0,0,0,0,0,0,0,0,0,0,0,0,0,0,0,0,0,0,0,0,0,0,0.00,0,0.00,0.00
세탁기_커피소구_02,4640759,세탁기_트래픽_구독 페스티벌,1628465,2026.10.04.,네이버 퍼포먼스 네트워크 > 서비스 통합,14세 ~ 18세 남성,508,2519,202,6,85,0.24,0,0,0,0,0,0,0,0,0,0,0,0,0,0,0,0,0,0,0,0,0,0,0,0,0,0,0,0,0,0,0,0,0,0,0,0,0,0,0,0,0,0,0,0,0,0,0.00,0,0.00,0.00
세탁기_커피소구_02,4640759,세탁기_트래픽_구독 페스티벌,1628465,2026.10.04.,네이버 퍼포먼스 네트워크 > 서비스 통합,19세 ~ 24세 남성,635,5654,112,8,79,0.14,0,0,0,0,0,0,0,0,0,0,0,0,0,0,0,0,0,0,0,0,0,0,0,0,0,0,0,0,0,0,0,0,0,0,0,0,0,0,0,0,0,0,0,0,0,0,0.00,0,0.00,0.00
세탁기_커피소구_02,4640759,세탁기_트래픽_구독 페스티벌,1628465,2026.10.04.,네이버 퍼포먼스 네트워크 > 서비스 통합,25세 ~ 29세 남성,262,6826,38,3,87,0.04,0,0,0,0,0,0,0,0,0,0,0,0,0,0,0,0,0,0,0,0,0,0,0,0,0,0,0,0,0,0,0,0,0,0,0,0,0,0,0,0,0,0,0,0,0,0,0.00,0,0.00,0.00
세탁기_커피소구_02,4640759,세탁기_트래픽_구독 페스티벌,1628465,2026.10.04.,네이버 퍼포먼스 네트워크 > 서비스 통합,30세 ~ 34세 남성,483,6767,71,6,81,0.09,0,0,0,0,0,0,0,0,0,0,0,0,0,0,0,0,0,0,0,0,0,0,0,0,0,0,0,0,0,0,0,0,0,0,0,0,0,0,0,0,0,0,0,0,0,0,0.00,0,0.00,0.00
세탁기_커피소구_02,4640759,세탁기_트래픽_구독 페스티벌,1628465,2026.10.04.,네이버 퍼포먼스 네트워크 > 서비스 통합,35세 ~ 39세 남성,370,4144,89,4,93,0.10,0,0,0,0,0,0,0,0,0,0,0,0,0,0,0,0,0,0,0,0,0,0,0,0,0,0,0,0,0,0,0,0,0,0,0,0,0,0,0,0,0,0,0,0,0,0,0.00,0,0.00,0.00
세탁기_커피소구_02,4640759,세탁기_트래픽_구독 페스티벌,1628465,2026.10.04.,네이버 퍼포먼스 네트워크 > 서비스 통합,40세 ~ 44세 남성,353,2065,171,4,88,0.19,0,0,0,0,0,0,0,0,0,0,0,0,0,0,0,0,0,0,0,0,0,0,0,0,0,0,0,0,0,0,0,0,0,0,0,0,0,0,0,0,0,0,0,0,0,0,0.00,0,0.00,0.00
세탁기_커피소구_02,4640759,세탁기_트래픽_구독 페스티벌,1628465,2026.10.04.,네이버 퍼포먼스 네트워크 > 서비스 통합,45세 ~ 49세 남성,72,1417,51,1,72,0.07,0,0,0,0,0,0,0,0,0,0,0,0,0,0,0,0,0,0,0,0,0,0,0,0,0,0,0,0,0,0,0,0,0,0,0,0,0,0,0,0,0,0,0,0,0,0,0.00,0,0.00,0.00
세탁기_커피소구_02,4640759,세탁기_트래픽_구독 페스티벌,1628465,2026.10.04.,네이버 퍼포먼스 네트워크 > 서비스 통합,50세 ~ 54세 남성,328,1718,191,4,82,0.23,0,0,0,0,0,0,0,0,0,0,0,0,0,0,0,0,0,0,0,0,0,0,0,0,0,0,0,0,0,0,0,0,0,0,0,0,0,0,0,0,0,0,0,0,0,0,0.00,0,0.00,0.00
세탁기_커피소구_02,4640759,세탁기_트래픽_구독 페스티벌,1628465,2026.10.04.,네이버 퍼포먼스 네트워크 > 서비스 통합,55세 ~ 59세 남성,731,2009,364,8,91,0.40,0,0,0,0,0,0,0,0,0,0,0,0,0,0,0,0,0,0,0,0,0,0,0,0,0,0,0,0,0,0,0,0,0,0,0,0,0,0,0,0,0,0,0,0,0,0,0.00,0,0.00,0.00
세탁기_커피소구_02,4640759,세탁기_트래픽_구독 페스티벌,1628465,2026.10.04.,네이버 퍼포먼스 네트워크 > 서비스 통합,60세 ~ 99세 남성,7609,13862,549,87,87,0.63,0,0,0,0,0,0,0,0,0,0,0,0,0,0,0,0,0,0,0,0,0,0,0,0,0,0,0,0,0,0,0,0,0,0,0,0,0,0,0,0,0,0,0,0,0,0,0.00,0,0.00,0.00
세탁기_커피소구_02,4640759,세탁기_트래픽_구독 페스티벌,1628465,2026.10.04.,네이버 퍼포먼스 네트워크 > 서비스 통합,연령 알 수 없음 남성,280,6510,43,3,93,0.05,0,0,0,0,0,0,0,0,0,0,0,0,0,0,0,0,0,0,0,0,0,0,0,0,0,0,0,0,0,0,0,0,0,0,0,0,0,0,0,0,0,0,0,0,0,0,0.00,0,0.00,0.00
세탁기_커피소구_02,4640759,세탁기_트래픽_구독 페스티벌,1628465,2026.10.04.,네이버 퍼포먼스 네트워크 > 서비스 통합,14세 ~ 18세 성별 알 수 없음,0,153,0,0,0,0.00,0,0,0,0,0,0,0,0,0,0,0,0,0,0,0,0,0,0,0,0,0,0,0,0,0,0,0,0,0,0,0,0,0,0,0,0,0,0,0,0,0,0,0,0,0,0,0.00,0,0.00,0.00
세탁기_커피소구_02,4640759,세탁기_트래픽_구독 페스티벌,1628465,2026.10.04.,네이버 퍼포먼스 네트워크 > 서비스 통합,19세 ~ 24세 성별 알 수 없음,0,65,0,0,0,0.00,0,0,0,0,0,0,0,0,0,0,0,0,0,0,0,0,0,0,0,0,0,0,0,0,0,0,0,0,0,0,0,0,0,0,0,0,0,0,0,0,0,0,0,0,0,0,0.00,0,0.00,0.00
세탁기_커피소구_02,4640759,세탁기_트래픽_구독 페스티벌,1628465,2026.10.04.,네이버 퍼포먼스 네트워크 > 서비스 통합,25세 ~ 29세 성별 알 수 없음,0,243,0,0,0,0.00,0,0,0,0,0,0,0,0,0,0,0,0,0,0,0,0,0,0,0,0,0,0,0,0,0,0,0,0,0,0,0,0,0,0,0,0,0,0,0,0,0,0,0,0,0,0,0.00,0,0.00,0.00
세탁기_커피소구_02,4640759,세탁기_트래픽_구독 페스티벌,1628465,2026.10.04.,네이버 퍼포먼스 네트워크 > 서비스 통합,30세 ~ 34세 성별 알 수 없음,0,141,0,0,0,0.00,0,0,0,0,0,0,0,0,0,0,0,0,0,0,0,0,0,0,0,0,0,0,0,0,0,0,0,0,0,0,0,0,0,0,0,0,0,0,0,0,0,0,0,0,0,0,0.00,0,0.00,0.00
세탁기_커피소구_02,4640759,세탁기_트래픽_구독 페스티벌,1628465,2026.10.04.,네이버 퍼포먼스 네트워크 > 서비스 통합,35세 ~ 39세 성별 알 수 없음,0,89,0,0,0,0.00,0,0,0,0,0,0,0,0,0,0,0,0,0,0,0,0,0,0,0,0,0,0,0,0,0,0,0,0,0,0,0,0,0,0,0,0,0,0,0,0,0,0,0,0,0,0,0.00,0,0.00,0.00
세탁기_커피소구_02,4640759,세탁기_트래픽_구독 페스티벌,1628465,2026.10.04.,네이버 퍼포먼스 네트워크 > 서비스 통합,40세 ~ 44세 성별 알 수 없음,0,81,0,0,0,0.00,0,0,0,0,0,0,0,0,0,0,0,0,0,0,0,0,0,0,0,0,0,0,0,0,0,0,0,0,0,0,0,0,0,0,0,0,0,0,0,0,0,0,0,0,0,0,0.00,0,0.00,0.00
세탁기_커피소구_02,4640759,세탁기_트래픽_구독 페스티벌,1628465,2026.10.04.,네이버 퍼포먼스 네트워크 > 서비스 통합,45세 ~ 49세 성별 알 수 없음,0,33,0,0,0,0.00,0,0,0,0,0,0,0,0,0,0,0,0,0,0,0,0,0,0,0,0,0,0,0,0,0,0,0,0,0,0,0,0,0,0,0,0,0,0,0,0,0,0,0,0,0,0,0.00,0,0.00,0.00
세탁기_커피소구_02,4640759,세탁기_트래픽_구독 페스티벌,1628465,2026.10.04.,네이버 퍼포먼스 네트워크 > 서비스 통합,50세 ~ 54세 성별 알 수 없음,0,24,0,0,0,0.00,0,0,0,0,0,0,0,0,0,0,0,0,0,0,0,0,0,0,0,0,0,0,0,0,0,0,0,0,0,0,0,0,0,0,0,0,0,0,0,0,0,0,0,0,0,0,0.00,0,0.00,0.00
세탁기_커피소구_02,4640759,세탁기_트래픽_구독 페스티벌,1628465,2026.10.04.,네이버 퍼포먼스 네트워크 > 서비스 통합,55세 ~ 59세 성별 알 수 없음,0,63,0,0,0,0.00,0,0,0,0,0,0,0,0,0,0,0,0,0,0,0,0,0,0,0,0,0,0,0,0,0,0,0,0,0,0,0,0,0,0,0,0,0,0,0,0,0,0,0,0,0,0,0.00,0,0.00,0.00
세탁기_커피소구_02,4640759,세탁기_트래픽_구독 페스티벌,1628465,2026.10.04.,네이버 퍼포먼스 네트워크 > 서비스 통합,60세 ~ 99세 성별 알 수 없음,169,301,560,2,84,0.66,0,0,0,0,0,0,0,0,0,0,0,0,0,0,0,0,0,0,0,0,0,0,0,0,0,0,0,0,0,0,0,0,0,0,0,0,0,0,0,0,0,0,0,0,0,0,0.00,0,0.00,0.00
세탁기_커피소구_02,4640759,세탁기_트래픽_구독 페스티벌,1628465,2026.10.04.,네이버 퍼포먼스 네트워크 > 서비스 통합,알 수 없음,523,5836,90,6,87,0.10,0,0,0,0,0,0,0,0,0,0,0,0,0,0,0,0,0,0,0,0,0,0,0,0,0,0,0,0,0,0,0,0,0,0,0,0,0,0,0,0,0,0,0,0,0,0,0.00,0,0.00,0.00
세탁기_커피소구_02,4640759,세탁기_트래픽_구독 페스티벌,1628465,2026.10.04.,네이버 퍼포먼스 네트워크 > 피드,14세 ~ 18세 여성,0,1,0,0,0,0.00,0,0,0,0,0,0,0,0,0,0,0,0,0,0,0,0,0,0,0,0,0,0,0,0,0,0,0,0,0,0,0,0,0,0,0,0,0,0,0,0,0,0,0,0,0,0,0.00,0,0.00,0.00
세탁기_커피소구_02,4640759,세탁기_트래픽_구독 페스티벌,1628465,2026.10.04.,네이버 퍼포먼스 네트워크 > 피드,19세 ~ 24세 여성,0,1,0,0,0,0.00,0,0,0,0,0,0,0,0,0,0,0,0,0,0,0,0,0,0,0,0,0,0,0,0,0,0,0,0,0,0,0,0,0,0,0,0,0,0,0,0,0,0,0,0,0,0,0.00,0,0.00,0.00
세탁기_커피소구_02,4640759,세탁기_트래픽_구독 페스티벌,1628465,2026.10.04.,네이버 퍼포먼스 네트워크 > 피드,35세 ~ 39세 여성,0,2,0,0,0,0.00,0,0,0,0,0,0,0,0,0,0,0,0,0,0,0,0,0,0,0,0,0,0,0,0,0,0,0,0,0,0,0,0,0,0,0,0,0,0,0,0,0,0,0,0,0,0,0.00,0,0.00,0.00
세탁기_커피소구_02,4640759,세탁기_트래픽_구독 페스티벌,1628465,2026.10.04.,네이버 퍼포먼스 네트워크 > 피드,40세 ~ 44세 여성,0,11,0,0,0,0.00,0,0,0,0,0,0,0,0,0,0,0,0,0,0,0,0,0,0,0,0,0,0,0,0,0,0,0,0,0,0,0,0,0,0,0,0,0,0,0,0,0,0,0,0,0,0,0.00,0,0.00,0.00
세탁기_커피소구_02,4640759,세탁기_트래픽_구독 페스티벌,1628465,2026.10.04.,네이버 퍼포먼스 네트워크 > 피드,45세 ~ 49세 여성,0,52,0,0,0,0.00,0,0,0,0,0,0,0,0,0,0,0,0,0,0,0,0,0,0,0,0,0,0,0,0,0,0,0,0,0,0,0,0,0,0,0,0,0,0,0,0,0,0,0,0,0,0,0.00,0,0.00,0.00
세탁기_커피소구_02,4640759,세탁기_트래픽_구독 페스티벌,1628465,2026.10.04.,네이버 퍼포먼스 네트워크 > 피드,50세 ~ 54세 여성,86,22,3888,1,86,4.55,0,0,0,0,0,0,0,0,0,0,0,0,0,0,0,0,0,0,0,0,0,0,0,0,0,0,0,0,0,0,0,0,0,0,0,0,0,0,0,0,0,0,0,0,0,0,0.00,0,0.00,0.00
세탁기_커피소구_02,4640759,세탁기_트래픽_구독 페스티벌,1628465,2026.10.04.,네이버 퍼포먼스 네트워크 > 피드,55세 ~ 59세 여성,0,37,0,0,0,0.00,0,0,0,0,0,0,0,0,0,0,0,0,0,0,0,0,0,0,0,0,0,0,0,0,0,0,0,0,0,0,0,0,0,0,0,0,0,0,0,0,0,0,0,0,0,0,0.00,0,0.00,0.00
세탁기_커피소구_02,4640759,세탁기_트래픽_구독 페스티벌,1628465,2026.10.04.,네이버 퍼포먼스 네트워크 > 피드,60세 ~ 99세 여성,197,236,834,2,98,0.85,0,0,0,0,0,0,0,0,0,0,0,0,0,0,0,0,0,0,0,0,0,0,0,0,0,0,0,0,0,0,0,0,0,0,0,0,0,0,0,0,0,0,0,0,0,0,0.00,0,0.00,0.00
세탁기_커피소구_02,4640759,세탁기_트래픽_구독 페스티벌,1628465,2026.10.04.,네이버 퍼포먼스 네트워크 > 피드,14세 ~ 18세 남성,0,2,0,0,0,0.00,0,0,0,0,0,0,0,0,0,0,0,0,0,0,0,0,0,0,0,0,0,0,0,0,0,0,0,0,0,0,0,0,0,0,0,0,0,0,0,0,0,0,0,0,0,0,0.00,0,0.00,0.00
세탁기_커피소구_02,4640759,세탁기_트래픽_구독 페스티벌,1628465,2026.10.04.,네이버 퍼포먼스 네트워크 > 피드,19세 ~ 24세 남성,0,2,0,0,0,0.00,0,0,0,0,0,0,0,0,0,0,0,0,0,0,0,0,0,0,0,0,0,0,0,0,0,0,0,0,0,0,0,0,0,0,0,0,0,0,0,0,0,0,0,0,0,0,0.00,0,0.00,0.00
세탁기_커피소구_02,4640759,세탁기_트래픽_구독 페스티벌,1628465,2026.10.04.,네이버 퍼포먼스 네트워크 > 피드,25세 ~ 29세 남성,0,1,0,0,0,0.00,0,0,0,0,0,0,0,0,0,0,0,0,0,0,0,0,0,0,0,0,0,0,0,0,0,0,0,0,0,0,0,0,0,0,0,0,0,0,0,0,0,0,0,0,0,0,0.00,0,0.00,0.00
세탁기_커피소구_02,4640759,세탁기_트래픽_구독 페스티벌,1628465,2026.10.04.,네이버 퍼포먼스 네트워크 > 피드,35세 ~ 39세 남성,0,4,0,0,0,0.00,0,0,0,0,0,0,0,0,0,0,0,0,0,0,0,0,0,0,0,0,0,0,0,0,0,0,0,0,0,0,0,0,0,0,0,0,0,0,0,0,0,0,0,0,0,0,0.00,0,0.00,0.00
세탁기_커피소구_02,4640759,세탁기_트래픽_구독 페스티벌,1628465,2026.10.04.,네이버 퍼포먼스 네트워크 > 피드,40세 ~ 44세 남성,0,5,0,0,0,0.00,0,0,0,0,0,0,0,0,0,0,0,0,0,0,0,0,0,0,0,0,0,0,0,0,0,0,0,0,0,0,0,0,0,0,0,0,0,0,0,0,0,0,0,0,0,0,0.00,0,0.00,0.00
세탁기_커피소구_02,4640759,세탁기_트래픽_구독 페스티벌,1628465,2026.10.04.,네이버 퍼포먼스 네트워크 > 피드,45세 ~ 49세 남성,86,20,4291,1,86,5.00,0,0,0,0,0,0,0,0,0,0,0,0,0,0,0,0,0,0,0,0,0,0,0,0,0,0,0,0,0,0,0,0,0,0,0,0,0,0,0,0,0,0,0,0,0,0,0.00,0,0.00,0.00
세탁기_커피소구_02,4640759,세탁기_트래픽_구독 페스티벌,1628465,2026.10.04.,네이버 퍼포먼스 네트워크 > 피드,50세 ~ 54세 남성,99,15,6587,1,99,6.67,0,0,0,0,0,0,0,0,0,0,0,0,0,0,0,0,0,0,0,0,0,0,0,0,0,0,0,0,0,0,0,0,0,0,0,0,0,0,0,0,0,0,0,0,0,0,0.00,0,0.00,0.00
세탁기_커피소구_02,4640759,세탁기_트래픽_구독 페스티벌,1628465,2026.10.04.,네이버 퍼포먼스 네트워크 > 피드,55세 ~ 59세 남성,83,27,3062,1,83,3.70,0,0,0,0,0,0,0,0,0,0,0,0,0,0,0,0,0,0,0,0,0,0,0,0,0,0,0,0,0,0,0,0,0,0,0,0,0,0,0,0,0,0,0,0,0,0,0.00,0,0.00,0.00
세탁기_커피소구_02,4640759,세탁기_트래픽_구독 페스티벌,1628465,2026.10.04.,네이버 퍼포먼스 네트워크 > 피드,60세 ~ 99세 남성,190,152,1252,2,95,1.32,0,0,0,0,0,0,0,0,0,0,0,0,0,0,0,0,0,0,0,0,0,0,0,0,0,0,0,0,0,0,0,0,0,0,0,0,0,0,0,0,0,0,0,0,0,0,0.00,0,0.00,0.00
세탁기_커피소구_02,4640759,세탁기_트래픽_구독 페스티벌,1628465,2026.10.04.,네이버 퍼포먼스 네트워크 > 피드,알 수 없음,0,10,0,0,0,0.00,0,0,0,0,0,0,0,0,0,0,0,0,0,0,0,0,0,0,0,0,0,0,0,0,0,0,0,0,0,0,0,0,0,0,0,0,0,0,0,0,0,0,0,0,0,0,0.00,0,0.00,0.00
세탁기_커피소구_02,4640759,세탁기_트래픽_구독 페스티벌,1628465,2026.10.03.,네이버+ > 피드,14세 ~ 18세 여성,0,8,0,0,0,0.00,0,0,0,0,0,0,0,0,0,0,0,0,0,0,0,0,0,0,0,0,0,0,0,0,0,0,0,0,0,0,0,0,0,0,0,0,0,0,0,0,0,0,0,0,0,0,0.00,0,0.00,0.00
세탁기_커피소구_02,4640759,세탁기_트래픽_구독 페스티벌,1628465,2026.10.03.,네이버+ > 피드,19세 ~ 24세 여성,0,7,0,0,0,0.00,0,0,0,0,0,0,0,0,0,0,0,0,0,0,0,0,0,0,0,0,0,0,0,0,0,0,0,0,0,0,0,0,0,0,0,0,0,0,0,0,0,0,0,0,0,0,0.00,0,0.00,0.00
세탁기_커피소구_02,4640759,세탁기_트래픽_구독 페스티벌,1628465,2026.10.03.,네이버+ > 피드,25세 ~ 29세 여성,0,2,0,0,0,0.00,0,0,0,0,0,0,0,0,0,0,0,0,0,0,0,0,0,0,0,0,0,0,0,0,0,0,0,0,0,0,0,0,0,0,0,0,0,0,0,0,0,0,0,0,0,0,0.00,0,0.00,0.00
세탁기_커피소구_02,4640759,세탁기_트래픽_구독 페스티벌,1628465,2026.10.03.,네이버+ > 피드,30세 ~ 34세 여성,0,3,0,0,0,0.00,0,0,0,0,0,0,0,0,0,0,0,0,0,0,0,0,0,0,0,0,0,0,0,0,0,0,0,0,0,0,0,0,0,0,0,0,0,0,0,0,0,0,0,0,0,0,0.00,0,0.00,0.00
세탁기_커피소구_02,4640759,세탁기_트래픽_구독 페스티벌,1628465,2026.10.03.,네이버+ > 피드,35세 ~ 39세 여성,0,5,0,0,0,0.00,0,0,0,0,0,0,0,0,0,0,0,0,0,0,0,0,0,0,0,0,0,0,0,0,0,0,0,0,0,0,0,0,0,0,0,0,0,0,0,0,0,0,0,0,0,0,0.00,0,0.00,0.00
세탁기_커피소구_02,4640759,세탁기_트래픽_구독 페스티벌,1628465,2026.10.03.,네이버+ > 피드,40세 ~ 44세 여성,95,5,18983,1,95,20.00,0,0,0,0,0,0,0,0,0,0,0,0,0,0,0,0,0,0,0,0,0,0,0,0,0,0,0,0,0,0,0,0,0,0,0,0,0,0,0,0,0,0,0,0,0,0,0.00,0,0.00,0.00
세탁기_커피소구_02,4640759,세탁기_트래픽_구독 페스티벌,1628465,2026.10.03.,네이버+ > 피드,45세 ~ 49세 여성,0,3,0,0,0,0.00,0,0,0,0,0,0,0,0,0,0,0,0,0,0,0,0,0,0,0,0,0,0,0,0,0,0,0,0,0,0,0,0,0,0,0,0,0,0,0,0,0,0,0,0,0,0,0.00,0,0.00,0.00
세탁기_커피소구_02,4640759,세탁기_트래픽_구독 페스티벌,1628465,2026.10.03.,네이버+ > 피드,50세 ~ 54세 여성,0,12,0,0,0,0.00,0,0,0,0,0,0,0,0,0,0,0,0,0,0,0,0,0,0,0,0,0,0,0,0,0,0,0,0,0,0,0,0,0,0,0,0,0,0,0,0,0,0,0,0,0,0,0.00,0,0.00,0.00
세탁기_커피소구_02,4640759,세탁기_트래픽_구독 페스티벌,1628465,2026.10.03.,네이버+ > 피드,55세 ~ 59세 여성,0,61,0,0,0,0.00,0,0,0,0,0,0,0,0,0,0,0,0,0,0,0,0,0,0,0,0,0,0,0,0,0,0,0,0,0,0,0,0,0,0,0,0,0,0,0,0,0,0,0,0,0,0,0.00,0,0.00,0.00
세탁기_커피소구_02,4640759,세탁기_트래픽_구독 페스티벌,1628465,2026.10.03.,네이버+ > 피드,60세 ~ 99세 여성,879,647,1358,11,80,1.70,0,0,0,0,0,0,0,0,0,0,0,0,0,0,0,0,0,0,0,0,0,0,0,0,0,0,0,0,0,0,0,0,0,0,0,0,0,0,0,0,0,0,0,0,0,0,0.00,0,0.00,0.00
세탁기_커피소구_02,4640759,세탁기_트래픽_구독 페스티벌,1628465,2026.10.03.,네이버+ > 피드,14세 ~ 18세 남성,0,13,0,0,0,0.00,0,0,0,0,0,0,0,0,0,0,0,0,0,0,0,0,0,0,0,0,0,0,0,0,0,0,0,0,0,0,0,0,0,0,0,0,0,0,0,0,0,0,0,0,0,0,0.00,0,0.00,0.00
세탁기_커피소구_02,4640759,세탁기_트래픽_구독 페스티벌,1628465,2026.10.03.,네이버+ > 피드,19세 ~ 24세 남성,0,1,0,0,0,0.00,0,0,0,0,0,0,0,0,0,0,0,0,0,0,0,0,0,0,0,0,0,0,0,0,0,0,0,0,0,0,0,0,0,0,0,0,0,0,0,0,0,0,0,0,0,0,0.00,0,0.00,0.00
세탁기_커피소구_02,4640759,세탁기_트래픽_구독 페스티벌,1628465,2026.10.03.,네이버+ > 피드,45세 ~ 49세 남성,0,2,0,0,0,0.00,0,0,0,0,0,0,0,0,0,0,0,0,0,0,0,0,0,0,0,0,0,0,0,0,0,0,0,0,0,0,0,0,0,0,0,0,0,0,0,0,0,0,0,0,0,0,0.00,0,0.00,0.00
세탁기_커피소구_02,4640759,세탁기_트래픽_구독 페스티벌,1628465,2026.10.03.,네이버+ > 피드,50세 ~ 54세 남성,107,8,13334,1,107,12.50,0,0,0,0,0,0,0,0,0,0,0,0,0,0,0,0,0,0,0,0,0,0,0,0,0,0,0,0,0,0,0,0,0,0,0,0,0,0,0,0,0,0,0,0,0,0,0.00,0,0.00,0.00
세탁기_커피소구_02,4640759,세탁기_트래픽_구독 페스티벌,1628465,2026.10.03.,네이버+ > 피드,55세 ~ 59세 남성,0,20,0,0,0,0.00,0,0,0,0,0,0,0,0,0,0,0,0,0,0,0,0,0,0,0,0,0,0,0,0,0,0,0,0,0,0,0,0,0,0,0,0,0,0,0,0,0,0,0,0,0,0,0.00,0,0.00,0.00
세탁기_커피소구_02,4640759,세탁기_트래픽_구독 페스티벌,1628465,2026.10.03.,네이버+ > 피드,60세 ~ 99세 남성,341,136,2508,5,68,3.68,0,0,0,0,0,0,0,0,0,0,0,0,0,0,0,0,0,0,0,0,0,0,0,0,0,0,0,0,0,0,0,0,0,0,0,0,0,0,0,0,0,0,0,0,0,0,0.00,0,0.00,0.00
세탁기_커피소구_02,4640759,세탁기_트래픽_구독 페스티벌,1628465,2026.10.03.,네이버+ > 피드,연령 알 수 없음 남성,0,3,0,0,0,0.00,0,0,0,0,0,0,0,0,0,0,0,0,0,0,0,0,0,0,0,0,0,0,0,0,0,0,0,0,0,0,0,0,0,0,0,0,0,0,0,0,0,0,0,0,0,0,0.00,0,0.00,0.00
세탁기_커피소구_02,4640759,세탁기_트래픽_구독 페스티벌,1628465,2026.10.03.,네이버+ > 피드,45세 ~ 49세 성별 알 수 없음,0,1,0,0,0,0.00,0,0,0,0,0,0,0,0,0,0,0,0,0,0,0,0,0,0,0,0,0,0,0,0,0,0,0,0,0,0,0,0,0,0,0,0,0,0,0,0,0,0,0,0,0,0,0.00,0,0.00,0.00
세탁기_커피소구_02,4640759,세탁기_트래픽_구독 페스티벌,1628465,2026.10.03.,네이버+ > 피드,60세 ~ 99세 성별 알 수 없음,0,4,0,0,0,0.00,0,0,0,0,0,0,0,0,0,0,0,0,0,0,0,0,0,0,0,0,0,0,0,0,0,0,0,0,0,0,0,0,0,0,0,0,0,0,0,0,0,0,0,0,0,0,0.00,0,0.00,0.00
세탁기_커피소구_02,4640759,세탁기_트래픽_구독 페스티벌,1628465,2026.10.03.,네이버+ > 피드,알 수 없음,0,20,0,0,0,0.00,0,0,0,0,0,0,0,0,0,0,0,0,0,0,0,0,0,0,0,0,0,0,0,0,0,0,0,0,0,0,0,0,0,0,0,0,0,0,0,0,0,0,0,0,0,0,0.00,0,0.00,0.00
세탁기_커피소구_02,4640759,세탁기_트래픽_구독 페스티벌,1628465,2026.10.03.,네이버+ > 네이버 메인,14세 ~ 18세 여성,0,10,0,0,0,0.00,0,0,0,0,0,0,0,0,0,0,0,0,0,0,0,0,0,0,0,0,0,0,0,0,0,0,0,0,0,0,0,0,0,0,0,0,0,0,0,0,0,0,0,0,0,0,0.00,0,0.00,0.00
세탁기_커피소구_02,4640759,세탁기_트래픽_구독 페스티벌,1628465,2026.10.03.,네이버+ > 네이버 메인,19세 ~ 24세 여성,0,14,0,0,0,0.00,0,0,0,0,0,0,0,0,0,0,0,0,0,0,0,0,0,0,0,0,0,0,0,0,0,0,0,0,0,0,0,0,0,0,0,0,0,0,0,0,0,0,0,0,0,0,0.00,0,0.00,0.00
세탁기_커피소구_02,4640759,세탁기_트래픽_구독 페스티벌,1628465,2026.10.03.,네이버+ > 네이버 메인,35세 ~ 39세 여성,0,8,0,0,0,0.00,0,0,0,0,0,0,0,0,0,0,0,0,0,0,0,0,0,0,0,0,0,0,0,0,0,0,0,0,0,0,0,0,0,0,0,0,0,0,0,0,0,0,0,0,0,0,0.00,0,0.00,0.00
세탁기_커피소구_02,4640759,세탁기_트래픽_구독 페스티벌,1628465,2026.10.03.,네이버+ > 네이버 메인,40세 ~ 44세 여성,0,5,0,0,0,0.00,0,0,0,0,0,0,0,0,0,0,0,0,0,0,0,0,0,0,0,0,0,0,0,0,0,0,0,0,0,0,0,0,0,0,0,0,0,0,0,0,0,0,0,0,0,0,0.00,0,0.00,0.00
세탁기_커피소구_02,4640759,세탁기_트래픽_구독 페스티벌,1628465,2026.10.03.,네이버+ > 네이버 메인,60세 ~ 99세 여성,0,10,0,0,0,0.00,0,0,0,0,0,0,0,0,0,0,0,0,0,0,0,0,0,0,0,0,0,0,0,0,0,0,0,0,0,0,0,0,0,0,0,0,0,0,0,0,0,0,0,0,0,0,0.00,0,0.00,0.00
세탁기_커피소구_02,4640759,세탁기_트래픽_구독 페스티벌,1628465,2026.10.03.,네이버+ > 네이버 메인,"연령 알 수 없음 여성 ",0,3,0,0,0,0.00,0,0,0,0,0,0,0,0,0,0,0,0,0,0,0,0,0,0,0,0,0,0,0,0,0,0,0,0,0,0,0,0,0,0,0,0,0,0,0,0,0,0,0,0,0,0,0.00,0,0.00,0.00
세탁기_커피소구_02,4640759,세탁기_트래픽_구독 페스티벌,1628465,2026.10.03.,네이버+ > 네이버 메인,14세 ~ 18세 남성,0,33,0,0,0,0.00,0,0,0,0,0,0,0,0,0,0,0,0,0,0,0,0,0,0,0,0,0,0,0,0,0,0,0,0,0,0,0,0,0,0,0,0,0,0,0,0,0,0,0,0,0,0,0.00,0,0.00,0.00
세탁기_커피소구_02,4640759,세탁기_트래픽_구독 페스티벌,1628465,2026.10.03.,네이버+ > 네이버 메인,19세 ~ 24세 남성,0,43,0,0,0,0.00,0,0,0,0,0,0,0,0,0,0,0,0,0,0,0,0,0,0,0,0,0,0,0,0,0,0,0,0,0,0,0,0,0,0,0,0,0,0,0,0,0,0,0,0,0,0,0.00,0,0.00,0.00
세탁기_커피소구_02,4640759,세탁기_트래픽_구독 페스티벌,1628465,2026.10.03.,네이버+ > 네이버 메인,25세 ~ 29세 남성,0,28,0,0,0,0.00,0,0,0,0,0,0,0,0,0,0,0,0,0,0,0,0,0,0,0,0,0,0,0,0,0,0,0,0,0,0,0,0,0,0,0,0,0,0,0,0,0,0,0,0,0,0,0.00,0,0.00,0.00
세탁기_커피소구_02,4640759,세탁기_트래픽_구독 페스티벌,1628465,2026.10.03.,네이버+ > 네이버 메인,30세 ~ 34세 남성,0,7,0,0,0,0.00,0,0,0,0,0,0,0,0,0,0,0,0,0,0,0,0,0,0,0,0,0,0,0,0,0,0,0,0,0,0,0,0,0,0,0,0,0,0,0,0,0,0,0,0,0,0,0.00,0,0.00,0.00
세탁기_커피소구_02,4640759,세탁기_트래픽_구독 페스티벌,1628465,2026.10.03.,네이버+ > 네이버 메인,35세 ~ 39세 남성,0,18,0,0,0,0.00,0,0,0,0,0,0,0,0,0,0,0,0,0,0,0,0,0,0,0,0,0,0,0,0,0,0,0,0,0,0,0,0,0,0,0,0,0,0,0,0,0,0,0,0,0,0,0.00,0,0.00,0.00
세탁기_커피소구_02,4640759,세탁기_트래픽_구독 페스티벌,1628465,2026.10.03.,네이버+ > 네이버 메인,40세 ~ 44세 남성,0,15,0,0,0,0.00,0,0,0,0,0,0,0,0,0,0,0,0,0,0,0,0,0,0,0,0,0,0,0,0,0,0,0,0,0,0,0,0,0,0,0,0,0,0,0,0,0,0,0,0,0,0,0.00,0,0.00,0.00
세탁기_커피소구_02,4640759,세탁기_트래픽_구독 페스티벌,1628465,2026.10.03.,네이버+ > 네이버 메인,45세 ~ 49세 남성,0,37,0,0,0,0.00,0,0,0,0,0,0,0,0,0,0,0,0,0,0,0,0,0,0,0,0,0,0,0,0,0,0,0,0,0,0,0,0,0,0,0,0,0,0,0,0,0,0,0,0,0,0,0.00,0,0.00,0.00
세탁기_커피소구_02,4640759,세탁기_트래픽_구독 페스티벌,1628465,2026.10.03.,네이버+ > 네이버 메인,50세 ~ 54세 남성,0,17,0,0,0,0.00,0,0,0,0,0,0,0,0,0,0,0,0,0,0,0,0,0,0,0,0,0,0,0,0,0,0,0,0,0,0,0,0,0,0,0,0,0,0,0,0,0,0,0,0,0,0,0.00,0,0.00,0.00
세탁기_커피소구_02,4640759,세탁기_트래픽_구독 페스티벌,1628465,2026.10.03.,네이버+ > 네이버 메인,55세 ~ 59세 남성,0,40,0,0,0,0.00,0,0,0,0,0,0,0,0,0,0,0,0,0,0,0,0,0,0,0,0,0,0,0,0,0,0,0,0,0,0,0,0,0,0,0,0,0,0,0,0,0,0,0,0,0,0,0.00,0,0.00,0.00
세탁기_커피소구_02,4640759,세탁기_트래픽_구독 페스티벌,1628465,2026.10.03.,네이버+ > 네이버 메인,60세 ~ 99세 남성,0,55,0,0,0,0.00,0,0,0,0,0,0,0,0,0,0,0,0,0,0,0,0,0,0,0,0,0,0,0,0,0,0,0,0,0,0,0,0,0,0,0,0,0,0,0,0,0,0,0,0,0,0,0.00,0,0.00,0.00
세탁기_커피소구_02,4640759,세탁기_트래픽_구독 페스티벌,1628465,2026.10.03.,네이버+ > 네이버 메인,연령 알 수 없음 남성,0,45,0,0,0,0.00,0,0,0,0,0,0,0,0,0,0,0,0,0,0,0,0,0,0,0,0,0,0,0,0,0,0,0,0,0,0,0,0,0,0,0,0,0,0,0,0,0,0,0,0,0,0,0.00,0,0.00,0.00
세탁기_커피소구_02,4640759,세탁기_트래픽_구독 페스티벌,1628465,2026.10.03.,네이버+ > 네이버 메인,25세 ~ 29세 성별 알 수 없음,0,5,0,0,0,0.00,0,0,0,0,0,0,0,0,0,0,0,0,0,0,0,0,0,0,0,0,0,0,0,0,0,0,0,0,0,0,0,0,0,0,0,0,0,0,0,0,0,0,0,0,0,0,0.00,0,0.00,0.00
세탁기_커피소구_02,4640759,세탁기_트래픽_구독 페스티벌,1628465,2026.10.03.,네이버+ > 네이버 메인,알 수 없음,0,75,0,0,0,0.00,0,0,0,0,0,0,0,0,0,0,0,0,0,0,0,0,0,0,0,0,0,0,0,0,0,0,0,0,0,0,0,0,0,0,0,0,0,0,0,0,0,0,0,0,0,0,0.00,0,0.00,0.00
세탁기_커피소구_02,4640759,세탁기_트래픽_구독 페스티벌,1628465,2026.10.03.,네이버+ > 서비스 통합,14세 ~ 18세 여성,0,49,0,0,0,0.00,0,0,0,0,0,0,0,0,0,0,0,0,0,0,0,0,0,0,0,0,0,0,0,0,0,0,0,0,0,0,0,0,0,0,0,0,0,0,0,0,0,0,0,0,0,0,0.00,0,0.00,0.00
세탁기_커피소구_02,4640759,세탁기_트래픽_구독 페스티벌,1628465,2026.10.03.,네이버+ > 서비스 통합,19세 ~ 24세 여성,0,7,0,0,0,0.00,0,0,0,0,0,0,0,0,0,0,0,0,0,0,0,0,0,0,0,0,0,0,0,0,0,0,0,0,0,0,0,0,0,0,0,0,0,0,0,0,0,0,0,0,0,0,0.00,0,0.00,0.00
세탁기_커피소구_02,4640759,세탁기_트래픽_구독 페스티벌,1628465,2026.10.03.,네이버+ > 서비스 통합,30세 ~ 34세 여성,0,1,0,0,0,0.00,0,0,0,0,0,0,0,0,0,0,0,0,0,0,0,0,0,0,0,0,0,0,0,0,0,0,0,0,0,0,0,0,0,0,0,0,0,0,0,0,0,0,0,0,0,0,0.00,0,0.00,0.00
세탁기_커피소구_02,4640759,세탁기_트래픽_구독 페스티벌,1628465,2026.10.03.,네이버+ > 서비스 통합,35세 ~ 39세 여성,0,4,0,0,0,0.00,0,0,0,0,0,0,0,0,0,0,0,0,0,0,0,0,0,0,0,0,0,0,0,0,0,0,0,0,0,0,0,0,0,0,0,0,0,0,0,0,0,0,0,0,0,0,0.00,0,0.00,0.00
세탁기_커피소구_02,4640759,세탁기_트래픽_구독 페스티벌,1628465,2026.10.03.,네이버+ > 서비스 통합,50세 ~ 54세 여성,0,4,0,0,0,0.00,0,0,0,0,0,0,0,0,0,0,0,0,0,0,0,0,0,0,0,0,0,0,0,0,0,0,0,0,0,0,0,0,0,0,0,0,0,0,0,0,0,0,0,0,0,0,0.00,0,0.00,0.00
세탁기_커피소구_02,4640759,세탁기_트래픽_구독 페스티벌,1628465,2026.10.03.,네이버+ > 서비스 통합,55세 ~ 59세 여성,0,30,0,0,0,0.00,0,0,0,0,0,0,0,0,0,0,0,0,0,0,0,0,0,0,0,0,0,0,0,0,0,0,0,0,0,0,0,0,0,0,0,0,0,0,0,0,0,0,0,0,0,0,0.00,0,0.00,0.00
세탁기_커피소구_02,4640759,세탁기_트래픽_구독 페스티벌,1628465,2026.10.03.,네이버+ > 서비스 통합,60세 ~ 99세 여성,0,194,0,0,0,0.00,0,0,0,0,0,0,0,0,0,0,0,0,0,0,0,0,0,0,0,0,0,0,0,0,0,0,0,0,0,0,0,0,0,0,0,0,0,0,0,0,0,0,0,0,0,0,0.00,0,0.00,0.00
세탁기_커피소구_02,4640759,세탁기_트래픽_구독 페스티벌,1628465,2026.10.03.,네이버+ > 서비스 통합,"연령 알 수 없음 여성 ",0,1,0,0,0,0.00,0,0,0,0,0,0,0,0,0,0,0,0,0,0,0,0,0,0,0,0,0,0,0,0,0,0,0,0,0,0,0,0,0,0,0,0,0,0,0,0,0,0,0,0,0,0,0.00,0,0.00,0.00
세탁기_커피소구_02,4640759,세탁기_트래픽_구독 페스티벌,1628465,2026.10.03.,네이버+ > 서비스 통합,14세 ~ 18세 남성,0,325,0,0,0,0.00,0,0,0,0,0,0,0,0,0,0,0,0,0,0,0,0,0,0,0,0,0,0,0,0,0,0,0,0,0,0,0,0,0,0,0,0,0,0,0,0,0,0,0,0,0,0,0.00,0,0.00,0.00
세탁기_커피소구_02,4640759,세탁기_트래픽_구독 페스티벌,1628465,2026.10.03.,네이버+ > 서비스 통합,19세 ~ 24세 남성,0,56,0,0,0,0.00,0,0,0,0,0,0,0,0,0,0,0,0,0,0,0,0,0,0,0,0,0,0,0,0,0,0,0,0,0,0,0,0,0,0,0,0,0,0,0,0,0,0,0,0,0,0,0.00,0,0.00,0.00
세탁기_커피소구_02,4640759,세탁기_트래픽_구독 페스티벌,1628465,2026.10.03.,네이버+ > 서비스 통합,25세 ~ 29세 남성,0,26,0,0,0,0.00,0,0,0,0,0,0,0,0,0,0,0,0,0,0,0,0,0,0,0,0,0,0,0,0,0,0,0,0,0,0,0,0,0,0,0,0,0,0,0,0,0,0,0,0,0,0,0.00,0,0.00,0.00
세탁기_커피소구_02,4640759,세탁기_트래픽_구독 페스티벌,1628465,2026.10.03.,네이버+ > 서비스 통합,30세 ~ 34세 남성,0,10,0,0,0,0.00,0,0,0,0,0,0,0,0,0,0,0,0,0,0,0,0,0,0,0,0,0,0,0,0,0,0,0,0,0,0,0,0,0,0,0,0,0,0,0,0,0,0,0,0,0,0,0.00,0,0.00,0.00
세탁기_커피소구_02,4640759,세탁기_트래픽_구독 페스티벌,1628465,2026.10.03.,네이버+ > 서비스 통합,35세 ~ 39세 남성,0,5,0,0,0,0.00,0,0,0,0,0,0,0,0,0,0,0,0,0,0,0,0,0,0,0,0,0,0,0,0,0,0,0,0,0,0,0,0,0,0,0,0,0,0,0,0,0,0,0,0,0,0,0.00,0,0.00,0.00
세탁기_커피소구_02,4640759,세탁기_트래픽_구독 페스티벌,1628465,2026.10.03.,네이버+ > 서비스 통합,40세 ~ 44세 남성,0,3,0,0,0,0.00,0,0,0,0,0,0,0,0,0,0,0,0,0,0,0,0,0,0,0,0,0,0,0,0,0,0,0,0,0,0,0,0,0,0,0,0,0,0,0,0,0,0,0,0,0,0,0.00,0,0.00,0.00
세탁기_커피소구_02,4640759,세탁기_트래픽_구독 페스티벌,1628465,2026.10.03.,네이버+ > 서비스 통합,45세 ~ 49세 남성,0,4,0,0,0,0.00,0,0,0,0,0,0,0,0,0,0,0,0,0,0,0,0,0,0,0,0,0,0,0,0,0,0,0,0,0,0,0,0,0,0,0,0,0,0,0,0,0,0,0,0,0,0,0.00,0,0.00,0.00
세탁기_커피소구_02,4640759,세탁기_트래픽_구독 페스티벌,1628465,2026.10.03.,네이버+ > 서비스 통합,50세 ~ 54세 남성,0,19,0,0,0,0.00,0,0,0,0,0,0,0,0,0,0,0,0,0,0,0,0,0,0,0,0,0,0,0,0,0,0,0,0,0,0,0,0,0,0,0,0,0,0,0,0,0,0,0,0,0,0,0.00,0,0.00,0.00
세탁기_커피소구_02,4640759,세탁기_트래픽_구독 페스티벌,1628465,2026.10.03.,네이버+ > 서비스 통합,55세 ~ 59세 남성,0,46,0,0,0,0.00,0,0,0,0,0,0,0,0,0,0,0,0,0,0,0,0,0,0,0,0,0,0,0,0,0,0,0,0,0,0,0,0,0,0,0,0,0,0,0,0,0,0,0,0,0,0,0.00,0,0.00,0.00
세탁기_커피소구_02,4640759,세탁기_트래픽_구독 페스티벌,1628465,2026.10.03.,네이버+ > 서비스 통합,60세 ~ 99세 남성,583,817,714,7,83,0.86,0,0,0,0,0,0,0,0,0,0,0,0,0,0,0,0,0,0,0,0,0,0,0,0,0,0,0,0,0,0,0,0,0,0,0,0,0,0,0,0,0,0,0,0,0,0,0.00,0,0.00,0.00
세탁기_커피소구_02,4640759,세탁기_트래픽_구독 페스티벌,1628465,2026.10.03.,네이버+ > 서비스 통합,연령 알 수 없음 남성,0,23,0,0,0,0.00,0,0,0,0,0,0,0,0,0,0,0,0,0,0,0,0,0,0,0,0,0,0,0,0,0,0,0,0,0,0,0,0,0,0,0,0,0,0,0,0,0,0,0,0,0,0,0.00,0,0.00,0.00
세탁기_커피소구_02,4640759,세탁기_트래픽_구독 페스티벌,1628465,2026.10.03.,네이버+ > 서비스 통합,14세 ~ 18세 성별 알 수 없음,0,3,0,0,0,0.00,0,0,0,0,0,0,0,0,0,0,0,0,0,0,0,0,0,0,0,0,0,0,0,0,0,0,0,0,0,0,0,0,0,0,0,0,0,0,0,0,0,0,0,0,0,0,0.00,0,0.00,0.00
세탁기_커피소구_02,4640759,세탁기_트래픽_구독 페스티벌,1628465,2026.10.03.,네이버+ > 서비스 통합,60세 ~ 99세 성별 알 수 없음,0,5,0,0,0,0.00,0,0,0,0,0,0,0,0,0,0,0,0,0,0,0,0,0,0,0,0,0,0,0,0,0,0,0,0,0,0,0,0,0,0,0,0,0,0,0,0,0,0,0,0,0,0,0.00,0,0.00,0.00
세탁기_커피소구_02,4640759,세탁기_트래픽_구독 페스티벌,1628465,2026.10.03.,네이버+ > 서비스 통합,알 수 없음,0,76,0,0,0,0.00,0,0,0,0,0,0,0,0,0,0,0,0,0,0,0,0,0,0,0,0,0,0,0,0,0,0,0,0,0,0,0,0,0,0,0,0,0,0,0,0,0,0,0,0,0,0,0.00,0,0.00,0.00
세탁기_커피소구_02,4640759,세탁기_트래픽_구독 페스티벌,1628465,2026.10.03.,네이버 퍼포먼스 네트워크 > 서비스 통합,14세 ~ 18세 여성,370,860,430,4,92,0.47,0,0,0,0,0,0,0,0,0,0,0,0,0,0,0,0,0,0,0,0,0,0,0,0,0,0,0,0,0,0,0,0,0,0,0,0,0,0,0,0,0,0,0,0,0,0,0.00,0,0.00,0.00
세탁기_커피소구_02,4640759,세탁기_트래픽_구독 페스티벌,1628465,2026.10.03.,네이버 퍼포먼스 네트워크 > 서비스 통합,19세 ~ 24세 여성,210,621,339,2,105,0.32,0,0,0,0,0,0,0,0,0,0,0,0,0,0,0,0,0,0,0,0,0,0,0,0,0,0,0,0,0,0,0,0,0,0,0,0,0,0,0,0,0,0,0,0,0,0,0.00,0,0.00,0.00
세탁기_커피소구_02,4640759,세탁기_트래픽_구독 페스티벌,1628465,2026.10.03.,네이버 퍼포먼스 네트워크 > 서비스 통합,25세 ~ 29세 여성,0,289,0,0,0,0.00,0,0,0,0,0,0,0,0,0,0,0,0,0,0,0,0,0,0,0,0,0,0,0,0,0,0,0,0,0,0,0,0,0,0,0,0,0,0,0,0,0,0,0,0,0,0,0.00,0,0.00,0.00
세탁기_커피소구_02,4640759,세탁기_트래픽_구독 페스티벌,1628465,2026.10.03.,네이버 퍼포먼스 네트워크 > 서비스 통합,30세 ~ 34세 여성,0,191,0,0,0,0.00,0,0,0,0,0,0,0,0,0,0,0,0,0,0,0,0,0,0,0,0,0,0,0,0,0,0,0,0,0,0,0,0,0,0,0,0,0,0,0,0,0,0,0,0,0,0,0.00,0,0.00,0.00
세탁기_커피소구_02,4640759,세탁기_트래픽_구독 페스티벌,1628465,2026.10.03.,네이버 퍼포먼스 네트워크 > 서비스 통합,35세 ~ 39세 여성,0,150,0,0,0,0.00,0,0,0,0,0,0,0,0,0,0,0,0,0,0,0,0,0,0,0,0,0,0,0,0,0,0,0,0,0,0,0,0,0,0,0,0,0,0,0,0,0,0,0,0,0,0,0.00,0,0.00,0.00
세탁기_커피소구_02,4640759,세탁기_트래픽_구독 페스티벌,1628465,2026.10.03.,네이버 퍼포먼스 네트워크 > 서비스 통합,40세 ~ 44세 여성,108,250,432,1,108,0.40,0,0,0,0,0,0,0,0,0,0,0,0,0,0,0,0,0,0,0,0,0,0,0,0,0,0,0,0,0,0,0,0,0,0,0,0,0,0,0,0,0,0,0,0,0,0,0.00,0,0.00,0.00
세탁기_커피소구_02,4640759,세탁기_트래픽_구독 페스티벌,1628465,2026.10.03.,네이버 퍼포먼스 네트워크 > 서비스 통합,45세 ~ 49세 여성,539,1219,442,6,90,0.49,0,0,0,0,0,0,0,0,0,0,0,0,0,0,0,0,0,0,0,0,0,0,0,0,0,0,0,0,0,0,0,0,0,0,0,0,0,0,0,0,0,0,0,0,0,0,0.00,0,0.00,0.00
세탁기_커피소구_02,4640759,세탁기_트래픽_구독 페스티벌,1628465,2026.10.03.,네이버 퍼포먼스 네트워크 > 서비스 통합,50세 ~ 54세 여성,300,1071,280,3,100,0.28,0,0,0,0,0,0,0,0,0,0,0,0,0,0,0,0,0,0,0,0,0,0,0,0,0,0,0,0,0,0,0,0,0,0,0,0,0,0,0,0,0,0,0,0,0,0,0.00,0,0.00,0.00
세탁기_커피소구_02,4640759,세탁기_트래픽_구독 페스티벌,1628465,2026.10.03.,네이버 퍼포먼스 네트워크 > 서비스 통합,55세 ~ 59세 여성,1519,1850,821,15,101,0.81,0,0,0,0,0,0,0,0,0,0,0,0,0,0,0,0,0,0,0,0,0,0,0,0,0,0,0,0,0,0,0,0,0,0,0,0,0,0,0,0,0,0,0,0,0,0,0.00,0,0.00,0.00
세탁기_커피소구_02,4640759,세탁기_트래픽_구독 페스티벌,1628465,2026.10.03.,네이버 퍼포먼스 네트워크 > 서비스 통합,60세 ~ 99세 여성,10374,15297,678,112,93,0.73,0,0,0,0,0,0,0,0,0,0,0,0,0,0,0,0,0,0,0,0,0,0,0,0,0,0,0,0,0,0,0,0,0,0,0,0,0,0,0,0,0,0,0,0,0,0,0.00,0,0.00,0.00
세탁기_커피소구_02,4640759,세탁기_트래픽_구독 페스티벌,1628465,2026.10.03.,네이버 퍼포먼스 네트워크 > 서비스 통합,"연령 알 수 없음 여성 ",0,239,0,0,0,0.00,0,0,0,0,0,0,0,0,0,0,0,0,0,0,0,0,0,0,0,0,0,0,0,0,0,0,0,0,0,0,0,0,0,0,0,0,0,0,0,0,0,0,0,0,0,0,0.00,0,0.00,0.00
세탁기_커피소구_02,4640759,세탁기_트래픽_구독 페스티벌,1628465,2026.10.03.,네이버 퍼포먼스 네트워크 > 서비스 통합,14세 ~ 18세 남성,664,1741,382,7,95,0.40,0,0,0,0,0,0,0,0,0,0,0,0,0,0,0,0,0,0,0,0,0,0,0,0,0,0,0,0,0,0,0,0,0,0,0,0,0,0,0,0,0,0,0,0,0,0,0.00,0,0.00,0.00
세탁기_커피소구_02,4640759,세탁기_트래픽_구독 페스티벌,1628465,2026.10.03.,네이버 퍼포먼스 네트워크 > 서비스 통합,19세 ~ 24세 남성,175,2250,78,2,87,0.09,0,0,0,0,0,0,0,0,0,0,0,0,0,0,0,0,0,0,0,0,0,0,0,0,0,0,0,0,0,0,0,0,0,0,0,0,0,0,0,0,0,0,0,0,0,0,0.00,0,0.00,0.00
세탁기_커피소구_02,4640759,세탁기_트래픽_구독 페스티벌,1628465,2026.10.03.,네이버 퍼포먼스 네트워크 > 서비스 통합,25세 ~ 29세 남성,205,1943,106,2,103,0.10,0,0,0,0,0,0,0,0,0,0,0,0,0,0,0,0,0,0,0,0,0,0,0,0,0,0,0,0,0,0,0,0,0,0,0,0,0,0,0,0,0,0,0,0,0,0,0.00,0,0.00,0.00
세탁기_커피소구_02,4640759,세탁기_트래픽_구독 페스티벌,1628465,2026.10.03.,네이버 퍼포먼스 네트워크 > 서비스 통합,30세 ~ 34세 남성,172,1869,92,2,86,0.11,0,0,0,0,0,0,0,0,0,0,0,0,0,0,0,0,0,0,0,0,0,0,0,0,0,0,0,0,0,0,0,0,0,0,0,0,0,0,0,0,0,0,0,0,0,0,0.00,0,0.00,0.00
세탁기_커피소구_02,4640759,세탁기_트래픽_구독 페스티벌,1628465,2026.10.03.,네이버 퍼포먼스 네트워크 > 서비스 통합,35세 ~ 39세 남성,86,1045,82,1,86,0.10,0,0,0,0,0,0,0,0,0,0,0,0,0,0,0,0,0,0,0,0,0,0,0,0,0,0,0,0,0,0,0,0,0,0,0,0,0,0,0,0,0,0,0,0,0,0,0.00,0,0.00,0.00
세탁기_커피소구_02,4640759,세탁기_트래픽_구독 페스티벌,1628465,2026.10.03.,네이버 퍼포먼스 네트워크 > 서비스 통합,40세 ~ 44세 남성,267,643,415,3,89,0.47,0,0,0,0,0,0,0,0,0,0,0,0,0,0,0,0,0,0,0,0,0,0,0,0,0,0,0,0,0,0,0,0,0,0,0,0,0,0,0,0,0,0,0,0,0,0,0.00,0,0.00,0.00
세탁기_커피소구_02,4640759,세탁기_트래픽_구독 페스티벌,1628465,2026.10.03.,네이버 퍼포먼스 네트워크 > 서비스 통합,45세 ~ 49세 남성,403,889,453,4,101,0.45,0,0,0,0,0,0,0,0,0,0,0,0,0,0,0,0,0,0,0,0,0,0,0,0,0,0,0,0,0,0,0,0,0,0,0,0,0,0,0,0,0,0,0,0,0,0,0.00,0,0.00,0.00
세탁기_커피소구_02,4640759,세탁기_트래픽_구독 페스티벌,1628465,2026.10.03.,네이버 퍼포먼스 네트워크 > 서비스 통합,50세 ~ 54세 남성,640,1426,449,7,91,0.49,0,0,0,0,0,0,0,0,0,0,0,0,0,0,0,0,0,0,0,0,0,0,0,0,0,0,0,0,0,0,0,0,0,0,0,0,0,0,0,0,0,0,0,0,0,0,0.00,0,0.00,0.00
세탁기_커피소구_02,4640759,세탁기_트래픽_구독 페스티벌,1628465,2026.10.03.,네이버 퍼포먼스 네트워크 > 서비스 통합,55세 ~ 59세 남성,1281,1970,650,13,99,0.66,0,0,0,0,0,0,0,0,0,0,0,0,0,0,0,0,0,0,0,0,0,0,0,0,0,0,0,0,0,0,0,0,0,0,0,0,0,0,0,0,0,0,0,0,0,0,0.00,0,0.00,0.00
세탁기_커피소구_02,4640759,세탁기_트래픽_구독 페스티벌,1628465,2026.10.03.,네이버 퍼포먼스 네트워크 > 서비스 통합,60세 ~ 99세 남성,9844,14406,683,104,95,0.72,0,0,0,0,0,0,0,0,0,0,0,0,0,0,0,0,0,0,0,0,0,0,0,0,0,0,0,0,0,0,0,0,0,0,0,0,0,0,0,0,0,0,0,0,0,0,0.00,0,0.00,0.00
세탁기_커피소구_02,4640759,세탁기_트래픽_구독 페스티벌,1628465,2026.10.03.,네이버 퍼포먼스 네트워크 > 서비스 통합,연령 알 수 없음 남성,86,1989,43,1,86,0.05,0,0,0,0,0,0,0,0,0,0,0,0,0,0,0,0,0,0,0,0,0,0,0,0,0,0,0,0,0,0,0,0,0,0,0,0,0,0,0,0,0,0,0,0,0,0,0.00,0,0.00,0.00
세탁기_커피소구_02,4640759,세탁기_트래픽_구독 페스티벌,1628465,2026.10.03.,네이버 퍼포먼스 네트워크 > 서비스 통합,14세 ~ 18세 성별 알 수 없음,0,72,0,0,0,0.00,0,0,0,0,0,0,0,0,0,0,0,0,0,0,0,0,0,0,0,0,0,0,0,0,0,0,0,0,0,0,0,0,0,0,0,0,0,0,0,0,0,0,0,0,0,0,0.00,0,0.00,0.00
세탁기_커피소구_02,4640759,세탁기_트래픽_구독 페스티벌,1628465,2026.10.03.,네이버 퍼포먼스 네트워크 > 서비스 통합,19세 ~ 24세 성별 알 수 없음,0,26,0,0,0,0.00,0,0,0,0,0,0,0,0,0,0,0,0,0,0,0,0,0,0,0,0,0,0,0,0,0,0,0,0,0,0,0,0,0,0,0,0,0,0,0,0,0,0,0,0,0,0,0.00,0,0.00,0.00
세탁기_커피소구_02,4640759,세탁기_트래픽_구독 페스티벌,1628465,2026.10.03.,네이버 퍼포먼스 네트워크 > 서비스 통합,25세 ~ 29세 성별 알 수 없음,0,35,0,0,0,0.00,0,0,0,0,0,0,0,0,0,0,0,0,0,0,0,0,0,0,0,0,0,0,0,0,0,0,0,0,0,0,0,0,0,0,0,0,0,0,0,0,0,0,0,0,0,0,0.00,0,0.00,0.00
세탁기_커피소구_02,4640759,세탁기_트래픽_구독 페스티벌,1628465,2026.10.03.,네이버 퍼포먼스 네트워크 > 서비스 통합,30세 ~ 34세 성별 알 수 없음,0,24,0,0,0,0.00,0,0,0,0,0,0,0,0,0,0,0,0,0,0,0,0,0,0,0,0,0,0,0,0,0,0,0,0,0,0,0,0,0,0,0,0,0,0,0,0,0,0,0,0,0,0,0.00,0,0.00,0.00
세탁기_커피소구_02,4640759,세탁기_트래픽_구독 페스티벌,1628465,2026.10.03.,네이버 퍼포먼스 네트워크 > 서비스 통합,35세 ~ 39세 성별 알 수 없음,0,32,0,0,0,0.00,0,0,0,0,0,0,0,0,0,0,0,0,0,0,0,0,0,0,0,0,0,0,0,0,0,0,0,0,0,0,0,0,0,0,0,0,0,0,0,0,0,0,0,0,0,0,0.00,0,0.00,0.00
세탁기_커피소구_02,4640759,세탁기_트래픽_구독 페스티벌,1628465,2026.10.03.,네이버 퍼포먼스 네트워크 > 서비스 통합,40세 ~ 44세 성별 알 수 없음,0,4,0,0,0,0.00,0,0,0,0,0,0,0,0,0,0,0,0,0,0,0,0,0,0,0,0,0,0,0,0,0,0,0,0,0,0,0,0,0,0,0,0,0,0,0,0,0,0,0,0,0,0,0.00,0,0.00,0.00
세탁기_커피소구_02,4640759,세탁기_트래픽_구독 페스티벌,1628465,2026.10.03.,네이버 퍼포먼스 네트워크 > 서비스 통합,45세 ~ 49세 성별 알 수 없음,106,11,9675,1,106,9.09,0,0,0,0,0,0,0,0,0,0,0,0,0,0,0,0,0,0,0,0,0,0,0,0,0,0,0,0,0,0,0,0,0,0,0,0,0,0,0,0,0,0,0,0,0,0,0.00,0,0.00,0.00
세탁기_커피소구_02,4640759,세탁기_트래픽_구독 페스티벌,1628465,2026.10.03.,네이버 퍼포먼스 네트워크 > 서비스 통합,50세 ~ 54세 성별 알 수 없음,0,20,0,0,0,0.00,0,0,0,0,0,0,0,0,0,0,0,0,0,0,0,0,0,0,0,0,0,0,0,0,0,0,0,0,0,0,0,0,0,0,0,0,0,0,0,0,0,0,0,0,0,0,0.00,0,0.00,0.00
세탁기_커피소구_02,4640759,세탁기_트래픽_구독 페스티벌,1628465,2026.10.03.,네이버 퍼포먼스 네트워크 > 서비스 통합,55세 ~ 59세 성별 알 수 없음,103,53,1951,1,103,1.89,0,0,0,0,0,0,0,0,0,0,0,0,0,0,0,0,0,0,0,0,0,0,0,0,0,0,0,0,0,0,0,0,0,0,0,0,0,0,0,0,0,0,0,0,0,0,0.00,0,0.00,0.00
세탁기_커피소구_02,4640759,세탁기_트래픽_구독 페스티벌,1628465,2026.10.03.,네이버 퍼포먼스 네트워크 > 서비스 통합,60세 ~ 99세 성별 알 수 없음,194,329,591,2,97,0.61,0,0,0,0,0,0,0,0,0,0,0,0,0,0,0,0,0,0,0,0,0,0,0,0,0,0,0,0,0,0,0,0,0,0,0,0,0,0,0,0,0,0,0,0,0,0,0.00,0,0.00,0.00
세탁기_커피소구_02,4640759,세탁기_트래픽_구독 페스티벌,1628465,2026.10.03.,네이버 퍼포먼스 네트워크 > 서비스 통합,알 수 없음,363,2318,157,4,91,0.17,0,0,0,0,0,0,0,0,0,0,0,0,0,0,0,0,0,0,0,0,0,0,0,0,0,0,0,0,0,0,0,0,0,0,0,0,0,0,0,0,0,0,0,0,0,0,0.00,0,0.00,0.00
세탁기_커피소구_02,4640759,세탁기_트래픽_구독 페스티벌,1628465,2026.10.03.,네이버 퍼포먼스 네트워크 > 피드,14세 ~ 18세 여성,0,8,0,0,0,0.00,0,0,0,0,0,0,0,0,0,0,0,0,0,0,0,0,0,0,0,0,0,0,0,0,0,0,0,0,0,0,0,0,0,0,0,0,0,0,0,0,0,0,0,0,0,0,0.00,0,0.00,0.00
세탁기_커피소구_02,4640759,세탁기_트래픽_구독 페스티벌,1628465,2026.10.03.,네이버 퍼포먼스 네트워크 > 피드,19세 ~ 24세 여성,0,8,0,0,0,0.00,0,0,0,0,0,0,0,0,0,0,0,0,0,0,0,0,0,0,0,0,0,0,0,0,0,0,0,0,0,0,0,0,0,0,0,0,0,0,0,0,0,0,0,0,0,0,0.00,0,0.00,0.00
세탁기_커피소구_02,4640759,세탁기_트래픽_구독 페스티벌,1628465,2026.10.03.,네이버 퍼포먼스 네트워크 > 피드,25세 ~ 29세 여성,0,2,0,0,0,0.00,0,0,0,0,0,0,0,0,0,0,0,0,0,0,0,0,0,0,0,0,0,0,0,0,0,0,0,0,0,0,0,0,0,0,0,0,0,0,0,0,0,0,0,0,0,0,0.00,0,0.00,0.00
세탁기_커피소구_02,4640759,세탁기_트래픽_구독 페스티벌,1628465,2026.10.03.,네이버 퍼포먼스 네트워크 > 피드,30세 ~ 34세 여성,0,2,0,0,0,0.00,0,0,0,0,0,0,0,0,0,0,0,0,0,0,0,0,0,0,0,0,0,0,0,0,0,0,0,0,0,0,0,0,0,0,0,0,0,0,0,0,0,0,0,0,0,0,0.00,0,0.00,0.00
세탁기_커피소구_02,4640759,세탁기_트래픽_구독 페스티벌,1628465,2026.10.03.,네이버 퍼포먼스 네트워크 > 피드,35세 ~ 39세 여성,0,7,0,0,0,0.00,0,0,0,0,0,0,0,0,0,0,0,0,0,0,0,0,0,0,0,0,0,0,0,0,0,0,0,0,0,0,0,0,0,0,0,0,0,0,0,0,0,0,0,0,0,0,0.00,0,0.00,0.00
세탁기_커피소구_02,4640759,세탁기_트래픽_구독 페스티벌,1628465,2026.10.03.,네이버 퍼포먼스 네트워크 > 피드,40세 ~ 44세 여성,0,10,0,0,0,0.00,0,0,0,0,0,0,0,0,0,0,0,0,0,0,0,0,0,0,0,0,0,0,0,0,0,0,0,0,0,0,0,0,0,0,0,0,0,0,0,0,0,0,0,0,0,0,0.00,0,0.00,0.00
세탁기_커피소구_02,4640759,세탁기_트래픽_구독 페스티벌,1628465,2026.10.03.,네이버 퍼포먼스 네트워크 > 피드,45세 ~ 49세 여성,0,62,0,0,0,0.00,0,0,0,0,0,0,0,0,0,0,0,0,0,0,0,0,0,0,0,0,0,0,0,0,0,0,0,0,0,0,0,0,0,0,0,0,0,0,0,0,0,0,0,0,0,0,0.00,0,0.00,0.00
세탁기_커피소구_02,4640759,세탁기_트래픽_구독 페스티벌,1628465,2026.10.03.,네이버 퍼포먼스 네트워크 > 피드,50세 ~ 54세 여성,0,19,0,0,0,0.00,0,0,0,0,0,0,0,0,0,0,0,0,0,0,0,0,0,0,0,0,0,0,0,0,0,0,0,0,0,0,0,0,0,0,0,0,0,0,0,0,0,0,0,0,0,0,0.00,0,0.00,0.00
세탁기_커피소구_02,4640759,세탁기_트래픽_구독 페스티벌,1628465,2026.10.03.,네이버 퍼포먼스 네트워크 > 피드,55세 ~ 59세 여성,0,52,0,0,0,0.00,0,0,0,0,0,0,0,0,0,0,0,0,0,0,0,0,0,0,0,0,0,0,0,0,0,0,0,0,0,0,0,0,0,0,0,0,0,0,0,0,0,0,0,0,0,0,0.00,0,0.00,0.00
세탁기_커피소구_02,4640759,세탁기_트래픽_구독 페스티벌,1628465,2026.10.03.,네이버 퍼포먼스 네트워크 > 피드,60세 ~ 99세 여성,800,362,2211,10,80,2.76,0,0,0,0,0,0,0,0,0,0,0,0,0,0,0,0,0,0,0,0,0,0,0,0,0,0,0,0,0,0,0,0,0,0,0,0,0,0,0,0,0,0,0,0,0,0,0.00,0,0.00,0.00
세탁기_커피소구_02,4640759,세탁기_트래픽_구독 페스티벌,1628465,2026.10.03.,네이버 퍼포먼스 네트워크 > 피드,14세 ~ 18세 남성,0,5,0,0,0,0.00,0,0,0,0,0,0,0,0,0,0,0,0,0,0,0,0,0,0,0,0,0,0,0,0,0,0,0,0,0,0,0,0,0,0,0,0,0,0,0,0,0,0,0,0,0,0,0.00,0,0.00,0.00
세탁기_커피소구_02,4640759,세탁기_트래픽_구독 페스티벌,1628465,2026.10.03.,네이버 퍼포먼스 네트워크 > 피드,19세 ~ 24세 남성,0,5,0,0,0,0.00,0,0,0,0,0,0,0,0,0,0,0,0,0,0,0,0,0,0,0,0,0,0,0,0,0,0,0,0,0,0,0,0,0,0,0,0,0,0,0,0,0,0,0,0,0,0,0.00,0,0.00,0.00
세탁기_커피소구_02,4640759,세탁기_트래픽_구독 페스티벌,1628465,2026.10.03.,네이버 퍼포먼스 네트워크 > 피드,25세 ~ 29세 남성,0,3,0,0,0,0.00,0,0,0,0,0,0,0,0,0,0,0,0,0,0,0,0,0,0,0,0,0,0,0,0,0,0,0,0,0,0,0,0,0,0,0,0,0,0,0,0,0,0,0,0,0,0,0.00,0,0.00,0.00
세탁기_커피소구_02,4640759,세탁기_트래픽_구독 페스티벌,1628465,2026.10.03.,네이버 퍼포먼스 네트워크 > 피드,30세 ~ 34세 남성,0,3,0,0,0,0.00,0,0,0,0,0,0,0,0,0,0,0,0,0,0,0,0,0,0,0,0,0,0,0,0,0,0,0,0,0,0,0,0,0,0,0,0,0,0,0,0,0,0,0,0,0,0,0.00,0,0.00,0.00
세탁기_커피소구_02,4640759,세탁기_트래픽_구독 페스티벌,1628465,2026.10.03.,네이버 퍼포먼스 네트워크 > 피드,35세 ~ 39세 남성,0,10,0,0,0,0.00,0,0,0,0,0,0,0,0,0,0,0,0,0,0,0,0,0,0,0,0,0,0,0,0,0,0,0,0,0,0,0,0,0,0,0,0,0,0,0,0,0,0,0,0,0,0,0.00,0,0.00,0.00
세탁기_커피소구_02,4640759,세탁기_트래픽_구독 페스티벌,1628465,2026.10.03.,네이버 퍼포먼스 네트워크 > 피드,40세 ~ 44세 남성,0,8,0,0,0,0.00,0,0,0,0,0,0,0,0,0,0,0,0,0,0,0,0,0,0,0,0,0,0,0,0,0,0,0,0,0,0,0,0,0,0,0,0,0,0,0,0,0,0,0,0,0,0,0.00,0,0.00,0.00
세탁기_커피소구_02,4640759,세탁기_트래픽_구독 페스티벌,1628465,2026.10.03.,네이버 퍼포먼스 네트워크 > 피드,45세 ~ 49세 남성,0,23,0,0,0,0.00,0,0,0,0,0,0,0,0,0,0,0,0,0,0,0,0,0,0,0,0,0,0,0,0,0,0,0,0,0,0,0,0,0,0,0,0,0,0,0,0,0,0,0,0,0,0,0.00,0,0.00,0.00
세탁기_커피소구_02,4640759,세탁기_트래픽_구독 페스티벌,1628465,2026.10.03.,네이버 퍼포먼스 네트워크 > 피드,50세 ~ 54세 남성,0,20,0,0,0,0.00,0,0,0,0,0,0,0,0,0,0,0,0,0,0,0,0,0,0,0,0,0,0,0,0,0,0,0,0,0,0,0,0,0,0,0,0,0,0,0,0,0,0,0,0,0,0,0.00,0,0.00,0.00
세탁기_커피소구_02,4640759,세탁기_트래픽_구독 페스티벌,1628465,2026.10.03.,네이버 퍼포먼스 네트워크 > 피드,55세 ~ 59세 남성,0,31,0,0,0,0.00,0,0,0,0,0,0,0,0,0,0,0,0,0,0,0,0,0,0,0,0,0,0,0,0,0,0,0,0,0,0,0,0,0,0,0,0,0,0,0,0,0,0,0,0,0,0,0.00,0,0.00,0.00
세탁기_커피소구_02,4640759,세탁기_트래픽_구독 페스티벌,1628465,2026.10.03.,네이버 퍼포먼스 네트워크 > 피드,60세 ~ 99세 남성,295,189,1562,3,98,1.59,0,0,0,0,0,0,0,0,0,0,0,0,0,0,0,0,0,0,0,0,0,0,0,0,0,0,0,0,0,0,0,0,0,0,0,0,0,0,0,0,0,0,0,0,0,0,0.00,0,0.00,0.00
세탁기_커피소구_02,4640759,세탁기_트래픽_구독 페스티벌,1628465,2026.10.03.,네이버 퍼포먼스 네트워크 > 피드,알 수 없음,0,21,0,0,0,0.00,0,0,0,0,0,0,0,0,0,0,0,0,0,0,0,0,0,0,0,0,0,0,0,0,0,0,0,0,0,0,0,0,0,0,0,0,0,0,0,0,0,0,0,0,0,0,0.00,0,0.00,0.00
세탁기_커피소구_02,4640759,세탁기_트래픽_구독 페스티벌,1628465,2026.10.02.,네이버+ > 피드,14세 ~ 18세 여성,0,149,0,0,0,0.00,0,0,0,0,0,0,0,0,0,0,0,0,0,0,0,0,0,0,0,0,0,0,0,0,0,0,0,0,0,0,0,0,0,0,0,0,0,0,0,0,0,0,0,0,0,0,0.00,0,0.00,0.00
세탁기_커피소구_02,4640759,세탁기_트래픽_구독 페스티벌,1628465,2026.10.02.,네이버+ > 피드,19세 ~ 24세 여성,0,17,0,0,0,0.00,0,0,0,0,0,0,0,0,0,0,0,0,0,0,0,0,0,0,0,0,0,0,0,0,0,0,0,0,0,0,0,0,0,0,0,0,0,0,0,0,0,0,0,0,0,0,0.00,0,0.00,0.00
세탁기_커피소구_02,4640759,세탁기_트래픽_구독 페스티벌,1628465,2026.10.02.,네이버+ > 피드,25세 ~ 29세 여성,0,11,0,0,0,0.00,0,0,0,0,0,0,0,0,0,0,0,0,0,0,0,0,0,0,0,0,0,0,0,0,0,0,0,0,0,0,0,0,0,0,0,0,0,0,0,0,0,0,0,0,0,0,0.00,0,0.00,0.00
세탁기_커피소구_02,4640759,세탁기_트래픽_구독 페스티벌,1628465,2026.10.02.,네이버+ > 피드,30세 ~ 34세 여성,0,1,0,0,0,0.00,0,0,0,0,0,0,0,0,0,0,0,0,0,0,0,0,0,0,0,0,0,0,0,0,0,0,0,0,0,0,0,0,0,0,0,0,0,0,0,0,0,0,0,0,0,0,0.00,0,0.00,0.00
세탁기_커피소구_02,4640759,세탁기_트래픽_구독 페스티벌,1628465,2026.10.02.,네이버+ > 피드,40세 ~ 44세 여성,0,4,0,0,0,0.00,0,0,0,0,0,0,0,0,0,0,0,0,0,0,0,0,0,0,0,0,0,0,0,0,0,0,0,0,0,0,0,0,0,0,0,0,0,0,0,0,0,0,0,0,0,0,0.00,0,0.00,0.00
세탁기_커피소구_02,4640759,세탁기_트래픽_구독 페스티벌,1628465,2026.10.02.,네이버+ > 피드,45세 ~ 49세 여성,0,3,0,0,0,0.00,0,0,0,0,0,0,0,0,0,0,0,0,0,0,0,0,0,0,0,0,0,0,0,0,0,0,0,0,0,0,0,0,0,0,0,0,0,0,0,0,0,0,0,0,0,0,0.00,0,0.00,0.00
세탁기_커피소구_02,4640759,세탁기_트래픽_구독 페스티벌,1628465,2026.10.02.,네이버+ > 피드,50세 ~ 54세 여성,238,8,29768,1,238,12.50,0,0,0,0,0,0,0,0,0,0,0,0,0,0,0,0,0,0,0,0,0,0,0,0,0,0,0,0,0,0,0,0,0,0,0,0,0,0,0,0,0,0,0,0,0,0,0.00,0,0.00,0.00
세탁기_커피소구_02,4640759,세탁기_트래픽_구독 페스티벌,1628465,2026.10.02.,네이버+ > 피드,55세 ~ 59세 여성,0,29,0,0,0,0.00,0,0,0,0,0,0,0,0,0,0,0,0,0,0,0,0,0,0,0,0,0,0,0,0,0,0,0,0,0,0,0,0,0,0,0,0,0,0,0,0,0,0,0,0,0,0,0.00,0,0.00,0.00
세탁기_커피소구_02,4640759,세탁기_트래픽_구독 페스티벌,1628465,2026.10.02.,네이버+ > 피드,60세 ~ 99세 여성,2780,381,7297,15,185,3.94,0,0,0,0,0,0,0,0,0,0,0,0,0,0,0,0,0,0,0,0,0,0,0,0,0,0,0,0,0,0,0,0,0,0,0,0,0,0,0,0,0,0,0,0,0,0,0.00,0,0.00,0.00
세탁기_커피소구_02,4640759,세탁기_트래픽_구독 페스티벌,1628465,2026.10.02.,네이버+ > 피드,"연령 알 수 없음 여성 ",0,2,0,0,0,0.00,0,0,0,0,0,0,0,0,0,0,0,0,0,0,0,0,0,0,0,0,0,0,0,0,0,0,0,0,0,0,0,0,0,0,0,0,0,0,0,0,0,0,0,0,0,0,0.00,0,0.00,0.00
세탁기_커피소구_02,4640759,세탁기_트래픽_구독 페스티벌,1628465,2026.10.02.,네이버+ > 피드,14세 ~ 18세 남성,763,307,2486,4,191,1.30,0,0,0,0,0,0,0,0,0,0,0,0,0,0,0,0,0,0,0,0,0,0,0,0,0,0,0,0,0,0,0,0,0,0,0,0,0,0,0,0,0,0,0,0,0,0,0.00,0,0.00,0.00
세탁기_커피소구_02,4640759,세탁기_트래픽_구독 페스티벌,1628465,2026.10.02.,네이버+ > 피드,19세 ~ 24세 남성,0,20,0,0,0,0.00,0,0,0,0,0,0,0,0,0,0,0,0,0,0,0,0,0,0,0,0,0,0,0,0,0,0,0,0,0,0,0,0,0,0,0,0,0,0,0,0,0,0,0,0,0,0,0.00,0,0.00,0.00
세탁기_커피소구_02,4640759,세탁기_트래픽_구독 페스티벌,1628465,2026.10.02.,네이버+ > 피드,25세 ~ 29세 남성,0,5,0,0,0,0.00,0,0,0,0,0,0,0,0,0,0,0,0,0,0,0,0,0,0,0,0,0,0,0,0,0,0,0,0,0,0,0,0,0,0,0,0,0,0,0,0,0,0,0,0,0,0,0.00,0,0.00,0.00
세탁기_커피소구_02,4640759,세탁기_트래픽_구독 페스티벌,1628465,2026.10.02.,네이버+ > 피드,30세 ~ 34세 남성,0,3,0,0,0,0.00,0,0,0,0,0,0,0,0,0,0,0,0,0,0,0,0,0,0,0,0,0,0,0,0,0,0,0,0,0,0,0,0,0,0,0,0,0,0,0,0,0,0,0,0,0,0,0.00,0,0.00,0.00
세탁기_커피소구_02,4640759,세탁기_트래픽_구독 페스티벌,1628465,2026.10.02.,네이버+ > 피드,35세 ~ 39세 남성,0,5,0,0,0,0.00,0,0,0,0,0,0,0,0,0,0,0,0,0,0,0,0,0,0,0,0,0,0,0,0,0,0,0,0,0,0,0,0,0,0,0,0,0,0,0,0,0,0,0,0,0,0,0.00,0,0.00,0.00
세탁기_커피소구_02,4640759,세탁기_트래픽_구독 페스티벌,1628465,2026.10.02.,네이버+ > 피드,40세 ~ 44세 남성,0,8,0,0,0,0.00,0,0,0,0,0,0,0,0,0,0,0,0,0,0,0,0,0,0,0,0,0,0,0,0,0,0,0,0,0,0,0,0,0,0,0,0,0,0,0,0,0,0,0,0,0,0,0.00,0,0.00,0.00
세탁기_커피소구_02,4640759,세탁기_트래픽_구독 페스티벌,1628465,2026.10.02.,네이버+ > 피드,45세 ~ 49세 남성,0,6,0,0,0,0.00,0,0,0,0,0,0,0,0,0,0,0,0,0,0,0,0,0,0,0,0,0,0,0,0,0,0,0,0,0,0,0,0,0,0,0,0,0,0,0,0,0,0,0,0,0,0,0.00,0,0.00,0.00
세탁기_커피소구_02,4640759,세탁기_트래픽_구독 페스티벌,1628465,2026.10.02.,네이버+ > 피드,50세 ~ 54세 남성,0,9,0,0,0,0.00,0,0,0,0,0,0,0,0,0,0,0,0,0,0,0,0,0,0,0,0,0,0,0,0,0,0,0,0,0,0,0,0,0,0,0,0,0,0,0,0,0,0,0,0,0,0,0.00,0,0.00,0.00
세탁기_커피소구_02,4640759,세탁기_트래픽_구독 페스티벌,1628465,2026.10.02.,네이버+ > 피드,55세 ~ 59세 남성,0,28,0,0,0,0.00,0,0,0,0,0,0,0,0,0,0,0,0,0,0,0,0,0,0,0,0,0,0,0,0,0,0,0,0,0,0,0,0,0,0,0,0,0,0,0,0,0,0,0,0,0,0,0.00,0,0.00,0.00
세탁기_커피소구_02,4640759,세탁기_트래픽_구독 페스티벌,1628465,2026.10.02.,네이버+ > 피드,60세 ~ 99세 남성,341,232,1468,2,170,0.86,0,0,0,0,0,0,0,0,0,0,0,0,0,0,0,0,0,0,0,0,0,0,0,0,0,0,0,0,0,0,0,0,0,0,0,0,0,0,0,0,0,0,0,0,0,0,0.00,0,0.00,0.00
세탁기_커피소구_02,4640759,세탁기_트래픽_구독 페스티벌,1628465,2026.10.02.,네이버+ > 피드,연령 알 수 없음 남성,0,3,0,0,0,0.00,0,0,0,0,0,0,0,0,0,0,0,0,0,0,0,0,0,0,0,0,0,0,0,0,0,0,0,0,0,0,0,0,0,0,0,0,0,0,0,0,0,0,0,0,0,0,0.00,0,0.00,0.00
세탁기_커피소구_02,4640759,세탁기_트래픽_구독 페스티벌,1628465,2026.10.02.,네이버+ > 피드,14세 ~ 18세 성별 알 수 없음,0,2,0,0,0,0.00,0,0,0,0,0,0,0,0,0,0,0,0,0,0,0,0,0,0,0,0,0,0,0,0,0,0,0,0,0,0,0,0,0,0,0,0,0,0,0,0,0,0,0,0,0,0,0.00,0,0.00,0.00
세탁기_커피소구_02,4640759,세탁기_트래픽_구독 페스티벌,1628465,2026.10.02.,네이버+ > 피드,55세 ~ 59세 성별 알 수 없음,0,1,0,0,0,0.00,0,0,0,0,0,0,0,0,0,0,0,0,0,0,0,0,0,0,0,0,0,0,0,0,0,0,0,0,0,0,0,0,0,0,0,0,0,0,0,0,0,0,0,0,0,0,0.00,0,0.00,0.00
세탁기_커피소구_02,4640759,세탁기_트래픽_구독 페스티벌,1628465,2026.10.02.,네이버+ > 피드,60세 ~ 99세 성별 알 수 없음,0,12,0,0,0,0.00,0,0,0,0,0,0,0,0,0,0,0,0,0,0,0,0,0,0,0,0,0,0,0,0,0,0,0,0,0,0,0,0,0,0,0,0,0,0,0,0,0,0,0,0,0,0,0.00,0,0.00,0.00
세탁기_커피소구_02,4640759,세탁기_트래픽_구독 페스티벌,1628465,2026.10.02.,네이버+ > 피드,알 수 없음,0,27,0,0,0,0.00,0,0,0,0,0,0,0,0,0,0,0,0,0,0,0,0,0,0,0,0,0,0,0,0,0,0,0,0,0,0,0,0,0,0,0,0,0,0,0,0,0,0,0,0,0,0,0.00,0,0.00,0.00
세탁기_커피소구_02,4640759,세탁기_트래픽_구독 페스티벌,1628465,2026.10.02.,네이버+ > 네이버 메인,14세 ~ 18세 여성,0,16,0,0,0,0.00,0,0,0,0,0,0,0,0,0,0,0,0,0,0,0,0,0,0,0,0,0,0,0,0,0,0,0,0,0,0,0,0,0,0,0,0,0,0,0,0,0,0,0,0,0,0,0.00,0,0.00,0.00
세탁기_커피소구_02,4640759,세탁기_트래픽_구독 페스티벌,1628465,2026.10.02.,네이버+ > 네이버 메인,19세 ~ 24세 여성,0,31,0,0,0,0.00,0,0,0,0,0,0,0,0,0,0,0,0,0,0,0,0,0,0,0,0,0,0,0,0,0,0,0,0,0,0,0,0,0,0,0,0,0,0,0,0,0,0,0,0,0,0,0.00,0,0.00,0.00
세탁기_커피소구_02,4640759,세탁기_트래픽_구독 페스티벌,1628465,2026.10.02.,네이버+ > 네이버 메인,25세 ~ 29세 여성,106,17,6240,1,106,5.88,0,0,0,0,0,0,0,0,0,0,0,0,0,0,0,0,0,0,0,0,0,0,0,0,0,0,0,0,0,0,0,0,0,0,0,0,0,0,0,0,0,0,0,0,0,0,0.00,0,0.00,0.00
세탁기_커피소구_02,4640759,세탁기_트래픽_구독 페스티벌,1628465,2026.10.02.,네이버+ > 네이버 메인,30세 ~ 34세 여성,0,11,0,0,0,0.00,0,0,0,0,0,0,0,0,0,0,0,0,0,0,0,0,0,0,0,0,0,0,0,0,0,0,0,0,0,0,0,0,0,0,0,0,0,0,0,0,0,0,0,0,0,0,0.00,0,0.00,0.00
세탁기_커피소구_02,4640759,세탁기_트래픽_구독 페스티벌,1628465,2026.10.02.,네이버+ > 네이버 메인,35세 ~ 39세 여성,0,11,0,0,0,0.00,0,0,0,0,0,0,0,0,0,0,0,0,0,0,0,0,0,0,0,0,0,0,0,0,0,0,0,0,0,0,0,0,0,0,0,0,0,0,0,0,0,0,0,0,0,0,0.00,0,0.00,0.00
세탁기_커피소구_02,4640759,세탁기_트래픽_구독 페스티벌,1628465,2026.10.02.,네이버+ > 네이버 메인,40세 ~ 44세 여성,0,6,0,0,0,0.00,0,0,0,0,0,0,0,0,0,0,0,0,0,0,0,0,0,0,0,0,0,0,0,0,0,0,0,0,0,0,0,0,0,0,0,0,0,0,0,0,0,0,0,0,0,0,0.00,0,0.00,0.00
세탁기_커피소구_02,4640759,세탁기_트래픽_구독 페스티벌,1628465,2026.10.02.,네이버+ > 네이버 메인,45세 ~ 49세 여성,0,5,0,0,0,0.00,0,0,0,0,0,0,0,0,0,0,0,0,0,0,0,0,0,0,0,0,0,0,0,0,0,0,0,0,0,0,0,0,0,0,0,0,0,0,0,0,0,0,0,0,0,0,0.00,0,0.00,0.00
세탁기_커피소구_02,4640759,세탁기_트래픽_구독 페스티벌,1628465,2026.10.02.,네이버+ > 네이버 메인,50세 ~ 54세 여성,0,8,0,0,0,0.00,0,0,0,0,0,0,0,0,0,0,0,0,0,0,0,0,0,0,0,0,0,0,0,0,0,0,0,0,0,0,0,0,0,0,0,0,0,0,0,0,0,0,0,0,0,0,0.00,0,0.00,0.00
세탁기_커피소구_02,4640759,세탁기_트래픽_구독 페스티벌,1628465,2026.10.02.,네이버+ > 네이버 메인,55세 ~ 59세 여성,0,10,0,0,0,0.00,0,0,0,0,0,0,0,0,0,0,0,0,0,0,0,0,0,0,0,0,0,0,0,0,0,0,0,0,0,0,0,0,0,0,0,0,0,0,0,0,0,0,0,0,0,0,0.00,0,0.00,0.00
세탁기_커피소구_02,4640759,세탁기_트래픽_구독 페스티벌,1628465,2026.10.02.,네이버+ > 네이버 메인,60세 ~ 99세 여성,0,50,0,0,0,0.00,0,0,0,0,0,0,0,0,0,0,0,0,0,0,0,0,0,0,0,0,0,0,0,0,0,0,0,0,0,0,0,0,0,0,0,0,0,0,0,0,0,0,0,0,0,0,0.00,0,0.00,0.00
세탁기_커피소구_02,4640759,세탁기_트래픽_구독 페스티벌,1628465,2026.10.02.,네이버+ > 네이버 메인,"연령 알 수 없음 여성 ",0,31,0,0,0,0.00,0,0,0,0,0,0,0,0,0,0,0,0,0,0,0,0,0,0,0,0,0,0,0,0,0,0,0,0,0,0,0,0,0,0,0,0,0,0,0,0,0,0,0,0,0,0,0.00,0,0.00,0.00
세탁기_커피소구_02,4640759,세탁기_트래픽_구독 페스티벌,1628465,2026.10.02.,네이버+ > 네이버 메인,14세 ~ 18세 남성,0,26,0,0,0,0.00,0,0,0,0,0,0,0,0,0,0,0,0,0,0,0,0,0,0,0,0,0,0,0,0,0,0,0,0,0,0,0,0,0,0,0,0,0,0,0,0,0,0,0,0,0,0,0.00,0,0.00,0.00
세탁기_커피소구_02,4640759,세탁기_트래픽_구독 페스티벌,1628465,2026.10.02.,네이버+ > 네이버 메인,19세 ~ 24세 남성,0,37,0,0,0,0.00,0,0,0,0,0,0,0,0,0,0,0,0,0,0,0,0,0,0,0,0,0,0,0,0,0,0,0,0,0,0,0,0,0,0,0,0,0,0,0,0,0,0,0,0,0,0,0.00,0,0.00,0.00
세탁기_커피소구_02,4640759,세탁기_트래픽_구독 페스티벌,1628465,2026.10.02.,네이버+ > 네이버 메인,25세 ~ 29세 남성,0,28,0,0,0,0.00,0,0,0,0,0,0,0,0,0,0,0,0,0,0,0,0,0,0,0,0,0,0,0,0,0,0,0,0,0,0,0,0,0,0,0,0,0,0,0,0,0,0,0,0,0,0,0.00,0,0.00,0.00
세탁기_커피소구_02,4640759,세탁기_트래픽_구독 페스티벌,1628465,2026.10.02.,네이버+ > 네이버 메인,30세 ~ 34세 남성,0,28,0,0,0,0.00,0,0,0,0,0,0,0,0,0,0,0,0,0,0,0,0,0,0,0,0,0,0,0,0,0,0,0,0,0,0,0,0,0,0,0,0,0,0,0,0,0,0,0,0,0,0,0.00,0,0.00,0.00
세탁기_커피소구_02,4640759,세탁기_트래픽_구독 페스티벌,1628465,2026.10.02.,네이버+ > 네이버 메인,35세 ~ 39세 남성,0,39,0,0,0,0.00,0,0,0,0,0,0,0,0,0,0,0,0,0,0,0,0,0,0,0,0,0,0,0,0,0,0,0,0,0,0,0,0,0,0,0,0,0,0,0,0,0,0,0,0,0,0,0.00,0,0.00,0.00
세탁기_커피소구_02,4640759,세탁기_트래픽_구독 페스티벌,1628465,2026.10.02.,네이버+ > 네이버 메인,40세 ~ 44세 남성,0,43,0,0,0,0.00,0,0,0,0,0,0,0,0,0,0,0,0,0,0,0,0,0,0,0,0,0,0,0,0,0,0,0,0,0,0,0,0,0,0,0,0,0,0,0,0,0,0,0,0,0,0,0.00,0,0.00,0.00
세탁기_커피소구_02,4640759,세탁기_트래픽_구독 페스티벌,1628465,2026.10.02.,네이버+ > 네이버 메인,45세 ~ 49세 남성,0,56,0,0,0,0.00,0,0,0,0,0,0,0,0,0,0,0,0,0,0,0,0,0,0,0,0,0,0,0,0,0,0,0,0,0,0,0,0,0,0,0,0,0,0,0,0,0,0,0,0,0,0,0.00,0,0.00,0.00
세탁기_커피소구_02,4640759,세탁기_트래픽_구독 페스티벌,1628465,2026.10.02.,네이버+ > 네이버 메인,50세 ~ 54세 남성,0,14,0,0,0,0.00,0,0,0,0,0,0,0,0,0,0,0,0,0,0,0,0,0,0,0,0,0,0,0,0,0,0,0,0,0,0,0,0,0,0,0,0,0,0,0,0,0,0,0,0,0,0,0.00,0,0.00,0.00
세탁기_커피소구_02,4640759,세탁기_트래픽_구독 페스티벌,1628465,2026.10.02.,네이버+ > 네이버 메인,55세 ~ 59세 남성,0,51,0,0,0,0.00,0,0,0,0,0,0,0,0,0,0,0,0,0,0,0,0,0,0,0,0,0,0,0,0,0,0,0,0,0,0,0,0,0,0,0,0,0,0,0,0,0,0,0,0,0,0,0.00,0,0.00,0.00
세탁기_커피소구_02,4640759,세탁기_트래픽_구독 페스티벌,1628465,2026.10.02.,네이버+ > 네이버 메인,60세 ~ 99세 남성,0,154,0,0,0,0.00,0,0,0,0,0,0,0,0,0,0,0,0,0,0,0,0,0,0,0,0,0,0,0,0,0,0,0,0,0,0,0,0,0,0,0,0,0,0,0,0,0,0,0,0,0,0,0.00,0,0.00,0.00
세탁기_커피소구_02,4640759,세탁기_트래픽_구독 페스티벌,1628465,2026.10.02.,네이버+ > 네이버 메인,연령 알 수 없음 남성,0,77,0,0,0,0.00,0,0,0,0,0,0,0,0,0,0,0,0,0,0,0,0,0,0,0,0,0,0,0,0,0,0,0,0,0,0,0,0,0,0,0,0,0,0,0,0,0,0,0,0,0,0,0.00,0,0.00,0.00
세탁기_커피소구_02,4640759,세탁기_트래픽_구독 페스티벌,1628465,2026.10.02.,네이버+ > 네이버 메인,14세 ~ 18세 성별 알 수 없음,0,1,0,0,0,0.00,0,0,0,0,0,0,0,0,0,0,0,0,0,0,0,0,0,0,0,0,0,0,0,0,0,0,0,0,0,0,0,0,0,0,0,0,0,0,0,0,0,0,0,0,0,0,0.00,0,0.00,0.00
세탁기_커피소구_02,4640759,세탁기_트래픽_구독 페스티벌,1628465,2026.10.02.,네이버+ > 네이버 메인,50세 ~ 54세 성별 알 수 없음,0,1,0,0,0,0.00,0,0,0,0,0,0,0,0,0,0,0,0,0,0,0,0,0,0,0,0,0,0,0,0,0,0,0,0,0,0,0,0,0,0,0,0,0,0,0,0,0,0,0,0,0,0,0.00,0,0.00,0.00
세탁기_커피소구_02,4640759,세탁기_트래픽_구독 페스티벌,1628465,2026.10.02.,네이버+ > 네이버 메인,55세 ~ 59세 성별 알 수 없음,0,1,0,0,0,0.00,0,0,0,0,0,0,0,0,0,0,0,0,0,0,0,0,0,0,0,0,0,0,0,0,0,0,0,0,0,0,0,0,0,0,0,0,0,0,0,0,0,0,0,0,0,0,0.00,0,0.00,0.00
세탁기_커피소구_02,4640759,세탁기_트래픽_구독 페스티벌,1628465,2026.10.02.,네이버+ > 네이버 메인,60세 ~ 99세 성별 알 수 없음,0,7,0,0,0,0.00,0,0,0,0,0,0,0,0,0,0,0,0,0,0,0,0,0,0,0,0,0,0,0,0,0,0,0,0,0,0,0,0,0,0,0,0,0,0,0,0,0,0,0,0,0,0,0.00,0,0.00,0.00
세탁기_커피소구_02,4640759,세탁기_트래픽_구독 페스티벌,1628465,2026.10.02.,네이버+ > 네이버 메인,알 수 없음,0,297,0,0,0,0.00,0,0,0,0,0,0,0,0,0,0,0,0,0,0,0,0,0,0,0,0,0,0,0,0,0,0,0,0,0,0,0,0,0,0,0,0,0,0,0,0,0,0,0,0,0,0,0.00,0,0.00,0.00
세탁기_커피소구_02,4640759,세탁기_트래픽_구독 페스티벌,1628465,2026.10.02.,네이버+ > 서비스 통합,14세 ~ 18세 여성,0,46,0,0,0,0.00,0,0,0,0,0,0,0,0,0,0,0,0,0,0,0,0,0,0,0,0,0,0,0,0,0,0,0,0,0,0,0,0,0,0,0,0,0,0,0,0,0,0,0,0,0,0,0.00,0,0.00,0.00
세탁기_커피소구_02,4640759,세탁기_트래픽_구독 페스티벌,1628465,2026.10.02.,네이버+ > 서비스 통합,19세 ~ 24세 여성,0,23,0,0,0,0.00,0,0,0,0,0,0,0,0,0,0,0,0,0,0,0,0,0,0,0,0,0,0,0,0,0,0,0,0,0,0,0,0,0,0,0,0,0,0,0,0,0,0,0,0,0,0,0.00,0,0.00,0.00
세탁기_커피소구_02,4640759,세탁기_트래픽_구독 페스티벌,1628465,2026.10.02.,네이버+ > 서비스 통합,25세 ~ 29세 여성,0,24,0,0,0,0.00,0,0,0,0,0,0,0,0,0,0,0,0,0,0,0,0,0,0,0,0,0,0,0,0,0,0,0,0,0,0,0,0,0,0,0,0,0,0,0,0,0,0,0,0,0,0,0.00,0,0.00,0.00
세탁기_커피소구_02,4640759,세탁기_트래픽_구독 페스티벌,1628465,2026.10.02.,네이버+ > 서비스 통합,30세 ~ 34세 여성,0,6,0,0,0,0.00,0,0,0,0,0,0,0,0,0,0,0,0,0,0,0,0,0,0,0,0,0,0,0,0,0,0,0,0,0,0,0,0,0,0,0,0,0,0,0,0,0,0,0,0,0,0,0.00,0,0.00,0.00
세탁기_커피소구_02,4640759,세탁기_트래픽_구독 페스티벌,1628465,2026.10.02.,네이버+ > 서비스 통합,35세 ~ 39세 여성,0,19,0,0,0,0.00,0,0,0,0,0,0,0,0,0,0,0,0,0,0,0,0,0,0,0,0,0,0,0,0,0,0,0,0,0,0,0,0,0,0,0,0,0,0,0,0,0,0,0,0,0,0,0.00,0,0.00,0.00
세탁기_커피소구_02,4640759,세탁기_트래픽_구독 페스티벌,1628465,2026.10.02.,네이버+ > 서비스 통합,40세 ~ 44세 여성,0,8,0,0,0,0.00,0,0,0,0,0,0,0,0,0,0,0,0,0,0,0,0,0,0,0,0,0,0,0,0,0,0,0,0,0,0,0,0,0,0,0,0,0,0,0,0,0,0,0,0,0,0,0.00,0,0.00,0.00
세탁기_커피소구_02,4640759,세탁기_트래픽_구독 페스티벌,1628465,2026.10.02.,네이버+ > 서비스 통합,45세 ~ 49세 여성,0,17,0,0,0,0.00,0,0,0,0,0,0,0,0,0,0,0,0,0,0,0,0,0,0,0,0,0,0,0,0,0,0,0,0,0,0,0,0,0,0,0,0,0,0,0,0,0,0,0,0,0,0,0.00,0,0.00,0.00
세탁기_커피소구_02,4640759,세탁기_트래픽_구독 페스티벌,1628465,2026.10.02.,네이버+ > 서비스 통합,50세 ~ 54세 여성,0,35,0,0,0,0.00,0,0,0,0,0,0,0,0,0,0,0,0,0,0,0,0,0,0,0,0,0,0,0,0,0,0,0,0,0,0,0,0,0,0,0,0,0,0,0,0,0,0,0,0,0,0,0.00,0,0.00,0.00
세탁기_커피소구_02,4640759,세탁기_트래픽_구독 페스티벌,1628465,2026.10.02.,네이버+ > 서비스 통합,55세 ~ 59세 여성,0,24,0,0,0,0.00,0,0,0,0,0,0,0,0,0,0,0,0,0,0,0,0,0,0,0,0,0,0,0,0,0,0,0,0,0,0,0,0,0,0,0,0,0,0,0,0,0,0,0,0,0,0,0.00,0,0.00,0.00
세탁기_커피소구_02,4640759,세탁기_트래픽_구독 페스티벌,1628465,2026.10.02.,네이버+ > 서비스 통합,60세 ~ 99세 여성,155,149,1041,2,78,1.34,0,0,0,0,0,0,0,0,0,0,0,0,0,0,0,0,0,0,0,0,0,0,0,0,0,0,0,0,0,0,0,0,0,0,0,0,0,0,0,0,0,0,0,0,0,0,0.00,0,0.00,0.00
세탁기_커피소구_02,4640759,세탁기_트래픽_구독 페스티벌,1628465,2026.10.02.,네이버+ > 서비스 통합,"연령 알 수 없음 여성 ",0,47,0,0,0,0.00,0,0,0,0,0,0,0,0,0,0,0,0,0,0,0,0,0,0,0,0,0,0,0,0,0,0,0,0,0,0,0,0,0,0,0,0,0,0,0,0,0,0,0,0,0,0,0.00,0,0.00,0.00
세탁기_커피소구_02,4640759,세탁기_트래픽_구독 페스티벌,1628465,2026.10.02.,네이버+ > 서비스 통합,14세 ~ 18세 남성,0,175,0,0,0,0.00,0,0,0,0,0,0,0,0,0,0,0,0,0,0,0,0,0,0,0,0,0,0,0,0,0,0,0,0,0,0,0,0,0,0,0,0,0,0,0,0,0,0,0,0,0,0,0.00,0,0.00,0.00
세탁기_커피소구_02,4640759,세탁기_트래픽_구독 페스티벌,1628465,2026.10.02.,네이버+ > 서비스 통합,19세 ~ 24세 남성,0,51,0,0,0,0.00,0,0,0,0,0,0,0,0,0,0,0,0,0,0,0,0,0,0,0,0,0,0,0,0,0,0,0,0,0,0,0,0,0,0,0,0,0,0,0,0,0,0,0,0,0,0,0.00,0,0.00,0.00
세탁기_커피소구_02,4640759,세탁기_트래픽_구독 페스티벌,1628465,2026.10.02.,네이버+ > 서비스 통합,25세 ~ 29세 남성,0,45,0,0,0,0.00,0,0,0,0,0,0,0,0,0,0,0,0,0,0,0,0,0,0,0,0,0,0,0,0,0,0,0,0,0,0,0,0,0,0,0,0,0,0,0,0,0,0,0,0,0,0,0.00,0,0.00,0.00
세탁기_커피소구_02,4640759,세탁기_트래픽_구독 페스티벌,1628465,2026.10.02.,네이버+ > 서비스 통합,30세 ~ 34세 남성,0,35,0,0,0,0.00,0,0,0,0,0,0,0,0,0,0,0,0,0,0,0,0,0,0,0,0,0,0,0,0,0,0,0,0,0,0,0,0,0,0,0,0,0,0,0,0,0,0,0,0,0,0,0.00,0,0.00,0.00
세탁기_커피소구_02,4640759,세탁기_트래픽_구독 페스티벌,1628465,2026.10.02.,네이버+ > 서비스 통합,35세 ~ 39세 남성,0,31,0,0,0,0.00,0,0,0,0,0,0,0,0,0,0,0,0,0,0,0,0,0,0,0,0,0,0,0,0,0,0,0,0,0,0,0,0,0,0,0,0,0,0,0,0,0,0,0,0,0,0,0.00,0,0.00,0.00
세탁기_커피소구_02,4640759,세탁기_트래픽_구독 페스티벌,1628465,2026.10.02.,네이버+ > 서비스 통합,40세 ~ 44세 남성,0,41,0,0,0,0.00,0,0,0,0,0,0,0,0,0,0,0,0,0,0,0,0,0,0,0,0,0,0,0,0,0,0,0,0,0,0,0,0,0,0,0,0,0,0,0,0,0,0,0,0,0,0,0.00,0,0.00,0.00
세탁기_커피소구_02,4640759,세탁기_트래픽_구독 페스티벌,1628465,2026.10.02.,네이버+ > 서비스 통합,45세 ~ 49세 남성,0,42,0,0,0,0.00,0,0,0,0,0,0,0,0,0,0,0,0,0,0,0,0,0,0,0,0,0,0,0,0,0,0,0,0,0,0,0,0,0,0,0,0,0,0,0,0,0,0,0,0,0,0,0.00,0,0.00,0.00
세탁기_커피소구_02,4640759,세탁기_트래픽_구독 페스티벌,1628465,2026.10.02.,네이버+ > 서비스 통합,50세 ~ 54세 남성,0,97,0,0,0,0.00,0,0,0,0,0,0,0,0,0,0,0,0,0,0,0,0,0,0,0,0,0,0,0,0,0,0,0,0,0,0,0,0,0,0,0,0,0,0,0,0,0,0,0,0,0,0,0.00,0,0.00,0.00
세탁기_커피소구_02,4640759,세탁기_트래픽_구독 페스티벌,1628465,2026.10.02.,네이버+ > 서비스 통합,55세 ~ 59세 남성,0,148,0,0,0,0.00,0,0,0,0,0,0,0,0,0,0,0,0,0,0,0,0,0,0,0,0,0,0,0,0,0,0,0,0,0,0,0,0,0,0,0,0,0,0,0,0,0,0,0,0,0,0,0.00,0,0.00,0.00
세탁기_커피소구_02,4640759,세탁기_트래픽_구독 페스티벌,1628465,2026.10.02.,네이버+ > 서비스 통합,60세 ~ 99세 남성,0,613,0,0,0,0.00,0,0,0,0,0,0,0,0,0,0,0,0,0,0,0,0,0,0,0,0,0,0,0,0,0,0,0,0,0,0,0,0,0,0,0,0,0,0,0,0,0,0,0,0,0,0,0.00,0,0.00,0.00
세탁기_커피소구_02,4640759,세탁기_트래픽_구독 페스티벌,1628465,2026.10.02.,네이버+ > 서비스 통합,연령 알 수 없음 남성,0,111,0,0,0,0.00,0,0,0,0,0,0,0,0,0,0,0,0,0,0,0,0,0,0,0,0,0,0,0,0,0,0,0,0,0,0,0,0,0,0,0,0,0,0,0,0,0,0,0,0,0,0,0.00,0,0.00,0.00
세탁기_커피소구_02,4640759,세탁기_트래픽_구독 페스티벌,1628465,2026.10.02.,네이버+ > 서비스 통합,14세 ~ 18세 성별 알 수 없음,0,1,0,0,0,0.00,0,0,0,0,0,0,0,0,0,0,0,0,0,0,0,0,0,0,0,0,0,0,0,0,0,0,0,0,0,0,0,0,0,0,0,0,0,0,0,0,0,0,0,0,0,0,0.00,0,0.00,0.00
세탁기_커피소구_02,4640759,세탁기_트래픽_구독 페스티벌,1628465,2026.10.02.,네이버+ > 서비스 통합,40세 ~ 44세 성별 알 수 없음,0,2,0,0,0,0.00,0,0,0,0,0,0,0,0,0,0,0,0,0,0,0,0,0,0,0,0,0,0,0,0,0,0,0,0,0,0,0,0,0,0,0,0,0,0,0,0,0,0,0,0,0,0,0.00,0,0.00,0.00
세탁기_커피소구_02,4640759,세탁기_트래픽_구독 페스티벌,1628465,2026.10.02.,네이버+ > 서비스 통합,45세 ~ 49세 성별 알 수 없음,0,1,0,0,0,0.00,0,0,0,0,0,0,0,0,0,0,0,0,0,0,0,0,0,0,0,0,0,0,0,0,0,0,0,0,0,0,0,0,0,0,0,0,0,0,0,0,0,0,0,0,0,0,0.00,0,0.00,0.00
세탁기_커피소구_02,4640759,세탁기_트래픽_구독 페스티벌,1628465,2026.10.02.,네이버+ > 서비스 통합,55세 ~ 59세 성별 알 수 없음,0,2,0,0,0,0.00,0,0,0,0,0,0,0,0,0,0,0,0,0,0,0,0,0,0,0,0,0,0,0,0,0,0,0,0,0,0,0,0,0,0,0,0,0,0,0,0,0,0,0,0,0,0,0.00,0,0.00,0.00
세탁기_커피소구_02,4640759,세탁기_트래픽_구독 페스티벌,1628465,2026.10.02.,네이버+ > 서비스 통합,60세 ~ 99세 성별 알 수 없음,0,5,0,0,0,0.00,0,0,0,0,0,0,0,0,0,0,0,0,0,0,0,0,0,0,0,0,0,0,0,0,0,0,0,0,0,0,0,0,0,0,0,0,0,0,0,0,0,0,0,0,0,0,0.00,0,0.00,0.00
세탁기_커피소구_02,4640759,세탁기_트래픽_구독 페스티벌,1628465,2026.10.02.,네이버+ > 서비스 통합,알 수 없음,0,693,0,0,0,0.00,0,0,0,0,0,0,0,0,0,0,0,0,0,0,0,0,0,0,0,0,0,0,0,0,0,0,0,0,0,0,0,0,0,0,0,0,0,0,0,0,0,0,0,0,0,0,0.00,0,0.00,0.00
세탁기_커피소구_02,4640759,세탁기_트래픽_구독 페스티벌,1628465,2026.10.02.,네이버 퍼포먼스 네트워크 > 서비스 통합,14세 ~ 18세 여성,263,1149,229,3,88,0.26,0,0,0,0,0,0,0,0,0,0,0,0,0,0,0,0,0,0,0,0,0,0,0,0,0,0,0,0,0,0,0,0,0,0,0,0,0,0,0,0,0,0,0,0,0,0,0.00,0,0.00,0.00
세탁기_커피소구_02,4640759,세탁기_트래픽_구독 페스티벌,1628465,2026.10.02.,네이버 퍼포먼스 네트워크 > 서비스 통합,19세 ~ 24세 여성,0,606,0,0,0,0.00,0,0,0,0,0,0,0,0,0,0,0,0,0,0,0,0,0,0,0,0,0,0,0,0,0,0,0,0,0,0,0,0,0,0,0,0,0,0,0,0,0,0,0,0,0,0,0.00,0,0.00,0.00
세탁기_커피소구_02,4640759,세탁기_트래픽_구독 페스티벌,1628465,2026.10.02.,네이버 퍼포먼스 네트워크 > 서비스 통합,25세 ~ 29세 여성,0,356,0,0,0,0.00,0,0,0,0,0,0,0,0,0,0,0,0,0,0,0,0,0,0,0,0,0,0,0,0,0,0,0,0,0,0,0,0,0,0,0,0,0,0,0,0,0,0,0,0,0,0,0.00,0,0.00,0.00
세탁기_커피소구_02,4640759,세탁기_트래픽_구독 페스티벌,1628465,2026.10.02.,네이버 퍼포먼스 네트워크 > 서비스 통합,30세 ~ 34세 여성,0,305,0,0,0,0.00,0,0,0,0,0,0,0,0,0,0,0,0,0,0,0,0,0,0,0,0,0,0,0,0,0,0,0,0,0,0,0,0,0,0,0,0,0,0,0,0,0,0,0,0,0,0,0.00,0,0.00,0.00
세탁기_커피소구_02,4640759,세탁기_트래픽_구독 페스티벌,1628465,2026.10.02.,네이버 퍼포먼스 네트워크 > 서비스 통합,35세 ~ 39세 여성,186,265,702,2,93,0.75,0,0,0,0,0,0,0,0,0,0,0,0,0,0,0,0,0,0,0,0,0,0,0,0,0,0,0,0,0,0,0,0,0,0,0,0,0,0,0,0,0,0,0,0,0,0,0.00,0,0.00,0.00
세탁기_커피소구_02,4640759,세탁기_트래픽_구독 페스티벌,1628465,2026.10.02.,네이버 퍼포먼스 네트워크 > 서비스 통합,40세 ~ 44세 여성,0,286,0,0,0,0.00,0,0,0,0,0,0,0,0,0,0,0,0,0,0,0,0,0,0,0,0,0,0,0,0,0,0,0,0,0,0,0,0,0,0,0,0,0,0,0,0,0,0,0,0,0,0,0.00,0,0.00,0.00
세탁기_커피소구_02,4640759,세탁기_트래픽_구독 페스티벌,1628465,2026.10.02.,네이버 퍼포먼스 네트워크 > 서비스 통합,45세 ~ 49세 여성,467,1119,418,4,117,0.36,0,0,0,0,0,0,0,0,0,0,0,0,0,0,0,0,0,0,0,0,0,0,0,0,0,0,0,0,0,0,0,0,0,0,0,0,0,0,0,0,0,0,0,0,0,0,0.00,0,0.00,0.00
세탁기_커피소구_02,4640759,세탁기_트래픽_구독 페스티벌,1628465,2026.10.02.,네이버 퍼포먼스 네트워크 > 서비스 통합,50세 ~ 54세 여성,1763,1371,1286,15,118,1.09,0,0,0,0,0,0,0,0,0,0,0,0,0,0,0,0,0,0,0,0,0,0,0,0,0,0,0,0,0,0,0,0,0,0,0,0,0,0,0,0,0,0,0,0,0,0,0.00,0,0.00,0.00
세탁기_커피소구_02,4640759,세탁기_트래픽_구독 페스티벌,1628465,2026.10.02.,네이버 퍼포먼스 네트워크 > 서비스 통합,55세 ~ 59세 여성,1325,3097,428,12,110,0.39,0,0,0,0,0,0,0,0,0,0,0,0,0,0,0,0,0,0,0,0,0,0,0,0,0,0,0,0,0,0,0,0,0,0,0,0,0,0,0,0,0,0,0,0,0,0,0.00,0,0.00,0.00
세탁기_커피소구_02,4640759,세탁기_트래픽_구독 페스티벌,1628465,2026.10.02.,네이버 퍼포먼스 네트워크 > 서비스 통합,60세 ~ 99세 여성,9808,23442,418,93,105,0.40,0,0,0,0,0,0,0,0,0,0,0,0,0,0,0,0,0,0,0,0,0,0,0,0,0,0,0,0,0,0,0,0,0,0,0,0,0,0,0,0,0,0,0,0,0,0,0.00,0,0.00,0.00
세탁기_커피소구_02,4640759,세탁기_트래픽_구독 페스티벌,1628465,2026.10.02.,네이버 퍼포먼스 네트워크 > 서비스 통합,"연령 알 수 없음 여성 ",0,438,0,0,0,0.00,0,0,0,0,0,0,0,0,0,0,0,0,0,0,0,0,0,0,0,0,0,0,0,0,0,0,0,0,0,0,0,0,0,0,0,0,0,0,0,0,0,0,0,0,0,0,0.00,0,0.00,0.00
세탁기_커피소구_02,4640759,세탁기_트래픽_구독 페스티벌,1628465,2026.10.02.,네이버 퍼포먼스 네트워크 > 서비스 통합,14세 ~ 18세 남성,413,1822,227,4,103,0.22,0,0,0,0,0,0,0,0,0,0,0,0,0,0,0,0,0,0,0,0,0,0,0,0,0,0,0,0,0,0,0,0,0,0,0,0,0,0,0,0,0,0,0,0,0,0,0.00,0,0.00,0.00
세탁기_커피소구_02,4640759,세탁기_트래픽_구독 페스티벌,1628465,2026.10.02.,네이버 퍼포먼스 네트워크 > 서비스 통합,19세 ~ 24세 남성,257,2268,113,3,86,0.13,0,0,0,0,0,0,0,0,0,0,0,0,0,0,0,0,0,0,0,0,0,0,0,0,0,0,0,0,0,0,0,0,0,0,0,0,0,0,0,0,0,0,0,0,0,0,0.00,0,0.00,0.00
세탁기_커피소구_02,4640759,세탁기_트래픽_구독 페스티벌,1628465,2026.10.02.,네이버 퍼포먼스 네트워크 > 서비스 통합,25세 ~ 29세 남성,85,2004,43,1,85,0.05,0,0,0,0,0,0,0,0,0,0,0,0,0,0,0,0,0,0,0,0,0,0,0,0,0,0,0,0,0,0,0,0,0,0,0,0,0,0,0,0,0,0,0,0,0,0,0.00,0,0.00,0.00
세탁기_커피소구_02,4640759,세탁기_트래픽_구독 페스티벌,1628465,2026.10.02.,네이버 퍼포먼스 네트워크 > 서비스 통합,30세 ~ 34세 남성,88,2211,40,1,88,0.05,0,0,0,0,0,0,0,0,0,0,0,0,0,0,0,0,0,0,0,0,0,0,0,0,0,0,0,0,0,0,0,0,0,0,0,0,0,0,0,0,0,0,0,0,0,0,0.00,0,0.00,0.00
세탁기_커피소구_02,4640759,세탁기_트래픽_구독 페스티벌,1628465,2026.10.02.,네이버 퍼포먼스 네트워크 > 서비스 통합,35세 ~ 39세 남성,88,1280,69,1,88,0.08,0,0,0,0,0,0,0,0,0,0,0,0,0,0,0,0,0,0,0,0,0,0,0,0,0,0,0,0,0,0,0,0,0,0,0,0,0,0,0,0,0,0,0,0,0,0,0.00,0,0.00,0.00
세탁기_커피소구_02,4640759,세탁기_트래픽_구독 페스티벌,1628465,2026.10.02.,네이버 퍼포먼스 네트워크 > 서비스 통합,40세 ~ 44세 남성,171,775,220,1,171,0.13,0,0,0,0,0,0,0,0,0,0,0,0,0,0,0,0,0,0,0,0,0,0,0,0,0,0,0,0,0,0,0,0,0,0,0,0,0,0,0,0,0,0,0,0,0,0,0.00,0,0.00,0.00
세탁기_커피소구_02,4640759,세탁기_트래픽_구독 페스티벌,1628465,2026.10.02.,네이버 퍼포먼스 네트워크 > 서비스 통합,45세 ~ 49세 남성,959,697,1376,6,160,0.86,0,0,0,0,0,0,0,0,0,0,0,0,0,0,0,0,0,0,0,0,0,0,0,0,0,0,0,0,0,0,0,0,0,0,0,0,0,0,0,0,0,0,0,0,0,0,0.00,0,0.00,0.00
세탁기_커피소구_02,4640759,세탁기_트래픽_구독 페스티벌,1628465,2026.10.02.,네이버 퍼포먼스 네트워크 > 서비스 통합,50세 ~ 54세 남성,996,1404,709,7,142,0.50,0,0,0,0,0,0,0,0,0,0,0,0,0,0,0,0,0,0,0,0,0,0,0,0,0,0,0,0,0,0,0,0,0,0,0,0,0,0,0,0,0,0,0,0,0,0,0.00,0,0.00,0.00
세탁기_커피소구_02,4640759,세탁기_트래픽_구독 페스티벌,1628465,2026.10.02.,네이버 퍼포먼스 네트워크 > 서비스 통합,55세 ~ 59세 남성,502,1619,310,5,100,0.31,0,0,0,0,0,0,0,0,0,0,0,0,0,0,0,0,0,0,0,0,0,0,0,0,0,0,0,0,0,0,0,0,0,0,0,0,0,0,0,0,0,0,0,0,0,0,0.00,0,0.00,0.00
세탁기_커피소구_02,4640759,세탁기_트래픽_구독 페스티벌,1628465,2026.10.02.,네이버 퍼포먼스 네트워크 > 서비스 통합,60세 ~ 99세 남성,4948,9846,503,39,127,0.40,0,0,0,0,0,0,0,0,0,0,0,0,0,0,0,0,0,0,0,0,0,0,0,0,0,0,0,0,0,0,0,0,0,0,0,0,0,0,0,0,0,0,0,0,0,0,0.00,0,0.00,0.00
세탁기_커피소구_02,4640759,세탁기_트래픽_구독 페스티벌,1628465,2026.10.02.,네이버 퍼포먼스 네트워크 > 서비스 통합,연령 알 수 없음 남성,106,2977,36,1,106,0.03,0,0,0,0,0,0,0,0,0,0,0,0,0,0,0,0,0,0,0,0,0,0,0,0,0,0,0,0,0,0,0,0,0,0,0,0,0,0,0,0,0,0,0,0,0,0,0.00,0,0.00,0.00
세탁기_커피소구_02,4640759,세탁기_트래픽_구독 페스티벌,1628465,2026.10.02.,네이버 퍼포먼스 네트워크 > 서비스 통합,14세 ~ 18세 성별 알 수 없음,0,119,0,0,0,0.00,0,0,0,0,0,0,0,0,0,0,0,0,0,0,0,0,0,0,0,0,0,0,0,0,0,0,0,0,0,0,0,0,0,0,0,0,0,0,0,0,0,0,0,0,0,0,0.00,0,0.00,0.00
세탁기_커피소구_02,4640759,세탁기_트래픽_구독 페스티벌,1628465,2026.10.02.,네이버 퍼포먼스 네트워크 > 서비스 통합,19세 ~ 24세 성별 알 수 없음,0,25,0,0,0,0.00,0,0,0,0,0,0,0,0,0,0,0,0,0,0,0,0,0,0,0,0,0,0,0,0,0,0,0,0,0,0,0,0,0,0,0,0,0,0,0,0,0,0,0,0,0,0,0.00,0,0.00,0.00
세탁기_커피소구_02,4640759,세탁기_트래픽_구독 페스티벌,1628465,2026.10.02.,네이버 퍼포먼스 네트워크 > 서비스 통합,25세 ~ 29세 성별 알 수 없음,0,53,0,0,0,0.00,0,0,0,0,0,0,0,0,0,0,0,0,0,0,0,0,0,0,0,0,0,0,0,0,0,0,0,0,0,0,0,0,0,0,0,0,0,0,0,0,0,0,0,0,0,0,0.00,0,0.00,0.00
세탁기_커피소구_02,4640759,세탁기_트래픽_구독 페스티벌,1628465,2026.10.02.,네이버 퍼포먼스 네트워크 > 서비스 통합,30세 ~ 34세 성별 알 수 없음,0,14,0,0,0,0.00,0,0,0,0,0,0,0,0,0,0,0,0,0,0,0,0,0,0,0,0,0,0,0,0,0,0,0,0,0,0,0,0,0,0,0,0,0,0,0,0,0,0,0,0,0,0,0.00,0,0.00,0.00
세탁기_커피소구_02,4640759,세탁기_트래픽_구독 페스티벌,1628465,2026.10.02.,네이버 퍼포먼스 네트워크 > 서비스 통합,35세 ~ 39세 성별 알 수 없음,0,14,0,0,0,0.00,0,0,0,0,0,0,0,0,0,0,0,0,0,0,0,0,0,0,0,0,0,0,0,0,0,0,0,0,0,0,0,0,0,0,0,0,0,0,0,0,0,0,0,0,0,0,0.00,0,0.00,0.00
세탁기_커피소구_02,4640759,세탁기_트래픽_구독 페스티벌,1628465,2026.10.02.,네이버 퍼포먼스 네트워크 > 서비스 통합,40세 ~ 44세 성별 알 수 없음,0,9,0,0,0,0.00,0,0,0,0,0,0,0,0,0,0,0,0,0,0,0,0,0,0,0,0,0,0,0,0,0,0,0,0,0,0,0,0,0,0,0,0,0,0,0,0,0,0,0,0,0,0,0.00,0,0.00,0.00
세탁기_커피소구_02,4640759,세탁기_트래픽_구독 페스티벌,1628465,2026.10.02.,네이버 퍼포먼스 네트워크 > 서비스 통합,45세 ~ 49세 성별 알 수 없음,0,4,0,0,0,0.00,0,0,0,0,0,0,0,0,0,0,0,0,0,0,0,0,0,0,0,0,0,0,0,0,0,0,0,0,0,0,0,0,0,0,0,0,0,0,0,0,0,0,0,0,0,0,0.00,0,0.00,0.00
세탁기_커피소구_02,4640759,세탁기_트래픽_구독 페스티벌,1628465,2026.10.02.,네이버 퍼포먼스 네트워크 > 서비스 통합,50세 ~ 54세 성별 알 수 없음,0,37,0,0,0,0.00,0,0,0,0,0,0,0,0,0,0,0,0,0,0,0,0,0,0,0,0,0,0,0,0,0,0,0,0,0,0,0,0,0,0,0,0,0,0,0,0,0,0,0,0,0,0,0.00,0,0.00,0.00
세탁기_커피소구_02,4640759,세탁기_트래픽_구독 페스티벌,1628465,2026.10.02.,네이버 퍼포먼스 네트워크 > 서비스 통합,55세 ~ 59세 성별 알 수 없음,0,30,0,0,0,0.00,0,0,0,0,0,0,0,0,0,0,0,0,0,0,0,0,0,0,0,0,0,0,0,0,0,0,0,0,0,0,0,0,0,0,0,0,0,0,0,0,0,0,0,0,0,0,0.00,0,0.00,0.00
세탁기_커피소구_02,4640759,세탁기_트래픽_구독 페스티벌,1628465,2026.10.02.,네이버 퍼포먼스 네트워크 > 서비스 통합,60세 ~ 99세 성별 알 수 없음,0,228,0,0,0,0.00,0,0,0,0,0,0,0,0,0,0,0,0,0,0,0,0,0,0,0,0,0,0,0,0,0,0,0,0,0,0,0,0,0,0,0,0,0,0,0,0,0,0,0,0,0,0,0.00,0,0.00,0.00
세탁기_커피소구_02,4640759,세탁기_트래픽_구독 페스티벌,1628465,2026.10.02.,네이버 퍼포먼스 네트워크 > 서비스 통합,알 수 없음,190,2811,68,2,95,0.07,0,0,0,0,0,0,0,0,0,0,0,0,0,0,0,0,0,0,0,0,0,0,0,0,0,0,0,0,0,0,0,0,0,0,0,0,0,0,0,0,0,0,0,0,0,0,0.00,0,0.00,0.00
세탁기_커피소구_02,4640759,세탁기_트래픽_구독 페스티벌,1628465,2026.10.02.,네이버 퍼포먼스 네트워크 > 피드,14세 ~ 18세 여성,0,13,0,0,0,0.00,0,0,0,0,0,0,0,0,0,0,0,0,0,0,0,0,0,0,0,0,0,0,0,0,0,0,0,0,0,0,0,0,0,0,0,0,0,0,0,0,0,0,0,0,0,0,0.00,0,0.00,0.00
세탁기_커피소구_02,4640759,세탁기_트래픽_구독 페스티벌,1628465,2026.10.02.,네이버 퍼포먼스 네트워크 > 피드,19세 ~ 24세 여성,0,6,0,0,0,0.00,0,0,0,0,0,0,0,0,0,0,0,0,0,0,0,0,0,0,0,0,0,0,0,0,0,0,0,0,0,0,0,0,0,0,0,0,0,0,0,0,0,0,0,0,0,0,0.00,0,0.00,0.00
세탁기_커피소구_02,4640759,세탁기_트래픽_구독 페스티벌,1628465,2026.10.02.,네이버 퍼포먼스 네트워크 > 피드,25세 ~ 29세 여성,0,1,0,0,0,0.00,0,0,0,0,0,0,0,0,0,0,0,0,0,0,0,0,0,0,0,0,0,0,0,0,0,0,0,0,0,0,0,0,0,0,0,0,0,0,0,0,0,0,0,0,0,0,0.00,0,0.00,0.00
세탁기_커피소구_02,4640759,세탁기_트래픽_구독 페스티벌,1628465,2026.10.02.,네이버 퍼포먼스 네트워크 > 피드,30세 ~ 34세 여성,0,3,0,0,0,0.00,0,0,0,0,0,0,0,0,0,0,0,0,0,0,0,0,0,0,0,0,0,0,0,0,0,0,0,0,0,0,0,0,0,0,0,0,0,0,0,0,0,0,0,0,0,0,0.00,0,0.00,0.00
세탁기_커피소구_02,4640759,세탁기_트래픽_구독 페스티벌,1628465,2026.10.02.,네이버 퍼포먼스 네트워크 > 피드,35세 ~ 39세 여성,0,4,0,0,0,0.00,0,0,0,0,0,0,0,0,0,0,0,0,0,0,0,0,0,0,0,0,0,0,0,0,0,0,0,0,0,0,0,0,0,0,0,0,0,0,0,0,0,0,0,0,0,0,0.00,0,0.00,0.00
세탁기_커피소구_02,4640759,세탁기_트래픽_구독 페스티벌,1628465,2026.10.02.,네이버 퍼포먼스 네트워크 > 피드,40세 ~ 44세 여성,0,8,0,0,0,0.00,0,0,0,0,0,0,0,0,0,0,0,0,0,0,0,0,0,0,0,0,0,0,0,0,0,0,0,0,0,0,0,0,0,0,0,0,0,0,0,0,0,0,0,0,0,0,0.00,0,0.00,0.00
세탁기_커피소구_02,4640759,세탁기_트래픽_구독 페스티벌,1628465,2026.10.02.,네이버 퍼포먼스 네트워크 > 피드,45세 ~ 49세 여성,0,37,0,0,0,0.00,0,0,0,0,0,0,0,0,0,0,0,0,0,0,0,0,0,0,0,0,0,0,0,0,0,0,0,0,0,0,0,0,0,0,0,0,0,0,0,0,0,0,0,0,0,0,0.00,0,0.00,0.00
세탁기_커피소구_02,4640759,세탁기_트래픽_구독 페스티벌,1628465,2026.10.02.,네이버 퍼포먼스 네트워크 > 피드,50세 ~ 54세 여성,0,24,0,0,0,0.00,0,0,0,0,0,0,0,0,0,0,0,0,0,0,0,0,0,0,0,0,0,0,0,0,0,0,0,0,0,0,0,0,0,0,0,0,0,0,0,0,0,0,0,0,0,0,0.00,0,0.00,0.00
세탁기_커피소구_02,4640759,세탁기_트래픽_구독 페스티벌,1628465,2026.10.02.,네이버 퍼포먼스 네트워크 > 피드,55세 ~ 59세 여성,139,48,2904,1,139,2.08,0,0,0,0,0,0,0,0,0,0,0,0,0,0,0,0,0,0,0,0,0,0,0,0,0,0,0,0,0,0,0,0,0,0,0,0,0,0,0,0,0,0,0,0,0,0,0.00,0,0.00,0.00
세탁기_커피소구_02,4640759,세탁기_트래픽_구독 페스티벌,1628465,2026.10.02.,네이버 퍼포먼스 네트워크 > 피드,60세 ~ 99세 여성,1404,569,2468,8,176,1.41,0,0,0,0,0,0,0,0,0,0,0,0,0,0,0,0,0,0,0,0,0,0,0,0,0,0,0,0,0,0,0,0,0,0,0,0,0,0,0,0,0,0,0,0,0,0,0.00,0,0.00,0.00
세탁기_커피소구_02,4640759,세탁기_트래픽_구독 페스티벌,1628465,2026.10.02.,네이버 퍼포먼스 네트워크 > 피드,14세 ~ 18세 남성,240,11,21786,1,240,9.09,0,0,0,0,0,0,0,0,0,0,0,0,0,0,0,0,0,0,0,0,0,0,0,0,0,0,0,0,0,0,0,0,0,0,0,0,0,0,0,0,0,0,0,0,0,0,0.00,0,0.00,0.00
세탁기_커피소구_02,4640759,세탁기_트래픽_구독 페스티벌,1628465,2026.10.02.,네이버 퍼포먼스 네트워크 > 피드,19세 ~ 24세 남성,0,5,0,0,0,0.00,0,0,0,0,0,0,0,0,0,0,0,0,0,0,0,0,0,0,0,0,0,0,0,0,0,0,0,0,0,0,0,0,0,0,0,0,0,0,0,0,0,0,0,0,0,0,0.00,0,0.00,0.00
세탁기_커피소구_02,4640759,세탁기_트래픽_구독 페스티벌,1628465,2026.10.02.,네이버 퍼포먼스 네트워크 > 피드,25세 ~ 29세 남성,0,2,0,0,0,0.00,0,0,0,0,0,0,0,0,0,0,0,0,0,0,0,0,0,0,0,0,0,0,0,0,0,0,0,0,0,0,0,0,0,0,0,0,0,0,0,0,0,0,0,0,0,0,0.00,0,0.00,0.00
세탁기_커피소구_02,4640759,세탁기_트래픽_구독 페스티벌,1628465,2026.10.02.,네이버 퍼포먼스 네트워크 > 피드,30세 ~ 34세 남성,0,3,0,0,0,0.00,0,0,0,0,0,0,0,0,0,0,0,0,0,0,0,0,0,0,0,0,0,0,0,0,0,0,0,0,0,0,0,0,0,0,0,0,0,0,0,0,0,0,0,0,0,0,0.00,0,0.00,0.00
세탁기_커피소구_02,4640759,세탁기_트래픽_구독 페스티벌,1628465,2026.10.02.,네이버 퍼포먼스 네트워크 > 피드,35세 ~ 39세 남성,0,3,0,0,0,0.00,0,0,0,0,0,0,0,0,0,0,0,0,0,0,0,0,0,0,0,0,0,0,0,0,0,0,0,0,0,0,0,0,0,0,0,0,0,0,0,0,0,0,0,0,0,0,0.00,0,0.00,0.00
세탁기_커피소구_02,4640759,세탁기_트래픽_구독 페스티벌,1628465,2026.10.02.,네이버 퍼포먼스 네트워크 > 피드,40세 ~ 44세 남성,0,11,0,0,0,0.00,0,0,0,0,0,0,0,0,0,0,0,0,0,0,0,0,0,0,0,0,0,0,0,0,0,0,0,0,0,0,0,0,0,0,0,0,0,0,0,0,0,0,0,0,0,0,0.00,0,0.00,0.00
세탁기_커피소구_02,4640759,세탁기_트래픽_구독 페스티벌,1628465,2026.10.02.,네이버 퍼포먼스 네트워크 > 피드,45세 ~ 49세 남성,0,28,0,0,0,0.00,0,0,0,0,0,0,0,0,0,0,0,0,0,0,0,0,0,0,0,0,0,0,0,0,0,0,0,0,0,0,0,0,0,0,0,0,0,0,0,0,0,0,0,0,0,0,0.00,0,0.00,0.00
세탁기_커피소구_02,4640759,세탁기_트래픽_구독 페스티벌,1628465,2026.10.02.,네이버 퍼포먼스 네트워크 > 피드,50세 ~ 54세 남성,0,28,0,0,0,0.00,0,0,0,0,0,0,0,0,0,0,0,0,0,0,0,0,0,0,0,0,0,0,0,0,0,0,0,0,0,0,0,0,0,0,0,0,0,0,0,0,0,0,0,0,0,0,0.00,0,0.00,0.00
세탁기_커피소구_02,4640759,세탁기_트래픽_구독 페스티벌,1628465,2026.10.02.,네이버 퍼포먼스 네트워크 > 피드,55세 ~ 59세 남성,0,43,0,0,0,0.00,0,0,0,0,0,0,0,0,0,0,0,0,0,0,0,0,0,0,0,0,0,0,0,0,0,0,0,0,0,0,0,0,0,0,0,0,0,0,0,0,0,0,0,0,0,0,0.00,0,0.00,0.00
세탁기_커피소구_02,4640759,세탁기_트래픽_구독 페스티벌,1628465,2026.10.02.,네이버 퍼포먼스 네트워크 > 피드,60세 ~ 99세 남성,958,384,2496,5,192,1.30,0,0,0,0,0,0,0,0,0,0,0,0,0,0,0,0,0,0,0,0,0,0,0,0,0,0,0,0,0,0,0,0,0,0,0,0,0,0,0,0,0,0,0,0,0,0,0.00,0,0.00,0.00
세탁기_커피소구_02,4640759,세탁기_트래픽_구독 페스티벌,1628465,2026.10.02.,네이버 퍼포먼스 네트워크 > 피드,60세 ~ 99세 성별 알 수 없음,0,1,0,0,0,0.00,0,0,0,0,0,0,0,0,0,0,0,0,0,0,0,0,0,0,0,0,0,0,0,0,0,0,0,0,0,0,0,0,0,0,0,0,0,0,0,0,0,0,0,0,0,0,0.00,0,0.00,0.00
세탁기_커피소구_02,4640759,세탁기_트래픽_구독 페스티벌,1628465,2026.10.02.,네이버 퍼포먼스 네트워크 > 피드,알 수 없음,83,12,6894,1,83,8.33,0,0,0,0,0,0,0,0,0,0,0,0,0,0,0,0,0,0,0,0,0,0,0,0,0,0,0,0,0,0,0,0,0,0,0,0,0,0,0,0,0,0,0,0,0,0,0.00,0,0.00,0.00
세탁기_커피소구_02,4640759,세탁기_트래픽_구독 페스티벌,1628465,2026.10.01.,네이버+ > 피드,14세 ~ 18세 여성,0,102,0,0,0,0.00,0,0,0,0,0,0,0,0,0,0,0,0,0,0,0,0,0,0,0,0,0,0,0,0,0,0,0,0,0,0,0,0,0,0,0,0,0,0,0,0,0,0,0,0,0,0,0.00,0,0.00,0.00
세탁기_커피소구_02,4640759,세탁기_트래픽_구독 페스티벌,1628465,2026.10.01.,네이버+ > 피드,19세 ~ 24세 여성,0,1,0,0,0,0.00,0,0,0,0,0,0,0,0,0,0,0,0,0,0,0,0,0,0,0,0,0,0,0,0,0,0,0,0,0,0,0,0,0,0,0,0,0,0,0,0,0,0,0,0,0,0,0.00,0,0.00,0.00
세탁기_커피소구_02,4640759,세탁기_트래픽_구독 페스티벌,1628465,2026.10.01.,네이버+ > 피드,35세 ~ 39세 여성,0,1,0,0,0,0.00,0,0,0,0,0,0,0,0,0,0,0,0,0,0,0,0,0,0,0,0,0,0,0,0,0,0,0,0,0,0,0,0,0,0,0,0,0,0,0,0,0,0,0,0,0,0,0.00,0,0.00,0.00
세탁기_커피소구_02,4640759,세탁기_트래픽_구독 페스티벌,1628465,2026.10.01.,네이버+ > 피드,40세 ~ 44세 여성,0,2,0,0,0,0.00,0,0,0,0,0,0,0,0,0,0,0,0,0,0,0,0,0,0,0,0,0,0,0,0,0,0,0,0,0,0,0,0,0,0,0,0,0,0,0,0,0,0,0,0,0,0,0.00,0,0.00,0.00
세탁기_커피소구_02,4640759,세탁기_트래픽_구독 페스티벌,1628465,2026.10.01.,네이버+ > 피드,45세 ~ 49세 여성,0,6,0,0,0,0.00,0,0,0,0,0,0,0,0,0,0,0,0,0,0,0,0,0,0,0,0,0,0,0,0,0,0,0,0,0,0,0,0,0,0,0,0,0,0,0,0,0,0,0,0,0,0,0.00,0,0.00,0.00
세탁기_커피소구_02,4640759,세탁기_트래픽_구독 페스티벌,1628465,2026.10.01.,네이버+ > 피드,50세 ~ 54세 여성,156,11,14227,1,156,9.09,0,0,0,0,0,0,0,0,0,0,0,0,0,0,0,0,0,0,0,0,0,0,0,0,0,0,0,0,0,0,0,0,0,0,0,0,0,0,0,0,0,0,0,0,0,0,0.00,0,0.00,0.00
세탁기_커피소구_02,4640759,세탁기_트래픽_구독 페스티벌,1628465,2026.10.01.,네이버+ > 피드,55세 ~ 59세 여성,0,17,0,0,0,0.00,0,0,0,0,0,0,0,0,0,0,0,0,0,0,0,0,0,0,0,0,0,0,0,0,0,0,0,0,0,0,0,0,0,0,0,0,0,0,0,0,0,0,0,0,0,0,0.00,0,0.00,0.00
세탁기_커피소구_02,4640759,세탁기_트래픽_구독 페스티벌,1628465,2026.10.01.,네이버+ > 피드,60세 ~ 99세 여성,706,243,2905,3,235,1.23,0,0,0,0,0,0,0,0,0,0,0,0,0,0,0,0,0,0,0,0,0,0,0,0,0,0,0,0,0,0,0,0,0,0,0,0,0,0,0,0,0,0,0,0,0,0,0.00,0,0.00,0.00
세탁기_커피소구_02,4640759,세탁기_트래픽_구독 페스티벌,1628465,2026.10.01.,네이버+ > 피드,"연령 알 수 없음 여성 ",0,4,0,0,0,0.00,0,0,0,0,0,0,0,0,0,0,0,0,0,0,0,0,0,0,0,0,0,0,0,0,0,0,0,0,0,0,0,0,0,0,0,0,0,0,0,0,0,0,0,0,0,0,0.00,0,0.00,0.00
세탁기_커피소구_02,4640759,세탁기_트래픽_구독 페스티벌,1628465,2026.10.01.,네이버+ > 피드,14세 ~ 18세 남성,208,193,1080,1,208,0.52,0,0,0,0,0,0,0,0,0,0,0,0,0,0,0,0,0,0,0,0,0,0,0,0,0,0,0,0,0,0,0,0,0,0,0,0,0,0,0,0,0,0,0,0,0,0,0.00,0,0.00,0.00
세탁기_커피소구_02,4640759,세탁기_트래픽_구독 페스티벌,1628465,2026.10.01.,네이버+ > 피드,25세 ~ 29세 남성,0,1,0,0,0,0.00,0,0,0,0,0,0,0,0,0,0,0,0,0,0,0,0,0,0,0,0,0,0,0,0,0,0,0,0,0,0,0,0,0,0,0,0,0,0,0,0,0,0,0,0,0,0,0.00,0,0.00,0.00
세탁기_커피소구_02,4640759,세탁기_트래픽_구독 페스티벌,1628465,2026.10.01.,네이버+ > 피드,35세 ~ 39세 남성,0,2,0,0,0,0.00,0,0,0,0,0,0,0,0,0,0,0,0,0,0,0,0,0,0,0,0,0,0,0,0,0,0,0,0,0,0,0,0,0,0,0,0,0,0,0,0,0,0,0,0,0,0,0.00,0,0.00,0.00
세탁기_커피소구_02,4640759,세탁기_트래픽_구독 페스티벌,1628465,2026.10.01.,네이버+ > 피드,40세 ~ 44세 남성,0,3,0,0,0,0.00,0,0,0,0,0,0,0,0,0,0,0,0,0,0,0,0,0,0,0,0,0,0,0,0,0,0,0,0,0,0,0,0,0,0,0,0,0,0,0,0,0,0,0,0,0,0,0.00,0,0.00,0.00
세탁기_커피소구_02,4640759,세탁기_트래픽_구독 페스티벌,1628465,2026.10.01.,네이버+ > 피드,45세 ~ 49세 남성,0,4,0,0,0,0.00,0,0,0,0,0,0,0,0,0,0,0,0,0,0,0,0,0,0,0,0,0,0,0,0,0,0,0,0,0,0,0,0,0,0,0,0,0,0,0,0,0,0,0,0,0,0,0.00,0,0.00,0.00
세탁기_커피소구_02,4640759,세탁기_트래픽_구독 페스티벌,1628465,2026.10.01.,네이버+ > 피드,50세 ~ 54세 남성,0,5,0,0,0,0.00,0,0,0,0,0,0,0,0,0,0,0,0,0,0,0,0,0,0,0,0,0,0,0,0,0,0,0,0,0,0,0,0,0,0,0,0,0,0,0,0,0,0,0,0,0,0,0.00,0,0.00,0.00
세탁기_커피소구_02,4640759,세탁기_트래픽_구독 페스티벌,1628465,2026.10.01.,네이버+ > 피드,55세 ~ 59세 남성,0,19,0,0,0,0.00,0,0,0,0,0,0,0,0,0,0,0,0,0,0,0,0,0,0,0,0,0,0,0,0,0,0,0,0,0,0,0,0,0,0,0,0,0,0,0,0,0,0,0,0,0,0,0.00,0,0.00,0.00
세탁기_커피소구_02,4640759,세탁기_트래픽_구독 페스티벌,1628465,2026.10.01.,네이버+ > 피드,60세 ~ 99세 남성,0,165,0,0,0,0.00,0,0,0,0,0,0,0,0,0,0,0,0,0,0,0,0,0,0,0,0,0,0,0,0,0,0,0,0,0,0,0,0,0,0,0,0,0,0,0,0,0,0,0,0,0,0,0.00,0,0.00,0.00
세탁기_커피소구_02,4640759,세탁기_트래픽_구독 페스티벌,1628465,2026.10.01.,네이버+ > 피드,연령 알 수 없음 남성,0,6,0,0,0,0.00,0,0,0,0,0,0,0,0,0,0,0,0,0,0,0,0,0,0,0,0,0,0,0,0,0,0,0,0,0,0,0,0,0,0,0,0,0,0,0,0,0,0,0,0,0,0,0.00,0,0.00,0.00
세탁기_커피소구_02,4640759,세탁기_트래픽_구독 페스티벌,1628465,2026.10.01.,네이버+ > 피드,14세 ~ 18세 성별 알 수 없음,0,8,0,0,0,0.00,0,0,0,0,0,0,0,0,0,0,0,0,0,0,0,0,0,0,0,0,0,0,0,0,0,0,0,0,0,0,0,0,0,0,0,0,0,0,0,0,0,0,0,0,0,0,0.00,0,0.00,0.00
세탁기_커피소구_02,4640759,세탁기_트래픽_구독 페스티벌,1628465,2026.10.01.,네이버+ > 피드,35세 ~ 39세 성별 알 수 없음,0,1,0,0,0,0.00,0,0,0,0,0,0,0,0,0,0,0,0,0,0,0,0,0,0,0,0,0,0,0,0,0,0,0,0,0,0,0,0,0,0,0,0,0,0,0,0,0,0,0,0,0,0,0.00,0,0.00,0.00
세탁기_커피소구_02,4640759,세탁기_트래픽_구독 페스티벌,1628465,2026.10.01.,네이버+ > 피드,45세 ~ 49세 성별 알 수 없음,0,1,0,0,0,0.00,0,0,0,0,0,0,0,0,0,0,0,0,0,0,0,0,0,0,0,0,0,0,0,0,0,0,0,0,0,0,0,0,0,0,0,0,0,0,0,0,0,0,0,0,0,0,0.00,0,0.00,0.00
세탁기_커피소구_02,4640759,세탁기_트래픽_구독 페스티벌,1628465,2026.10.01.,네이버+ > 피드,55세 ~ 59세 성별 알 수 없음,0,2,0,0,0,0.00,0,0,0,0,0,0,0,0,0,0,0,0,0,0,0,0,0,0,0,0,0,0,0,0,0,0,0,0,0,0,0,0,0,0,0,0,0,0,0,0,0,0,0,0,0,0,0.00,0,0.00,0.00
세탁기_커피소구_02,4640759,세탁기_트래픽_구독 페스티벌,1628465,2026.10.01.,네이버+ > 피드,60세 ~ 99세 성별 알 수 없음,209,5,41748,1,209,20.00,0,0,0,0,0,0,0,0,0,0,0,0,0,0,0,0,0,0,0,0,0,0,0,0,0,0,0,0,0,0,0,0,0,0,0,0,0,0,0,0,0,0,0,0,0,0,0.00,0,0.00,0.00
세탁기_커피소구_02,4640759,세탁기_트래픽_구독 페스티벌,1628465,2026.10.01.,네이버+ > 피드,알 수 없음,0,35,0,0,0,0.00,0,0,0,0,0,0,0,0,0,0,0,0,0,0,0,0,0,0,0,0,0,0,0,0,0,0,0,0,0,0,0,0,0,0,0,0,0,0,0,0,0,0,0,0,0,0,0.00,0,0.00,0.00
세탁기_커피소구_02,4640759,세탁기_트래픽_구독 페스티벌,1628465,2026.10.01.,네이버+ > 서비스 통합,14세 ~ 18세 여성,0,6,0,0,0,0.00,0,0,0,0,0,0,0,0,0,0,0,0,0,0,0,0,0,0,0,0,0,0,0,0,0,0,0,0,0,0,0,0,0,0,0,0,0,0,0,0,0,0,0,0,0,0,0.00,0,0.00,0.00
세탁기_커피소구_02,4640759,세탁기_트래픽_구독 페스티벌,1628465,2026.10.01.,네이버+ > 서비스 통합,55세 ~ 59세 여성,0,1,0,0,0,0.00,0,0,0,0,0,0,0,0,0,0,0,0,0,0,0,0,0,0,0,0,0,0,0,0,0,0,0,0,0,0,0,0,0,0,0,0,0,0,0,0,0,0,0,0,0,0,0.00,0,0.00,0.00
세탁기_커피소구_02,4640759,세탁기_트래픽_구독 페스티벌,1628465,2026.10.01.,네이버+ > 서비스 통합,60세 ~ 99세 여성,0,27,0,0,0,0.00,0,0,0,0,0,0,0,0,0,0,0,0,0,0,0,0,0,0,0,0,0,0,0,0,0,0,0,0,0,0,0,0,0,0,0,0,0,0,0,0,0,0,0,0,0,0,0.00,0,0.00,0.00
세탁기_커피소구_02,4640759,세탁기_트래픽_구독 페스티벌,1628465,2026.10.01.,네이버+ > 서비스 통합,14세 ~ 18세 남성,0,12,0,0,0,0.00,0,0,0,0,0,0,0,0,0,0,0,0,0,0,0,0,0,0,0,0,0,0,0,0,0,0,0,0,0,0,0,0,0,0,0,0,0,0,0,0,0,0,0,0,0,0,0.00,0,0.00,0.00
세탁기_커피소구_02,4640759,세탁기_트래픽_구독 페스티벌,1628465,2026.10.01.,네이버+ > 서비스 통합,19세 ~ 24세 남성,0,1,0,0,0,0.00,0,0,0,0,0,0,0,0,0,0,0,0,0,0,0,0,0,0,0,0,0,0,0,0,0,0,0,0,0,0,0,0,0,0,0,0,0,0,0,0,0,0,0,0,0,0,0.00,0,0.00,0.00
세탁기_커피소구_02,4640759,세탁기_트래픽_구독 페스티벌,1628465,2026.10.01.,네이버+ > 서비스 통합,35세 ~ 39세 남성,0,1,0,0,0,0.00,0,0,0,0,0,0,0,0,0,0,0,0,0,0,0,0,0,0,0,0,0,0,0,0,0,0,0,0,0,0,0,0,0,0,0,0,0,0,0,0,0,0,0,0,0,0,0.00,0,0.00,0.00
세탁기_커피소구_02,4640759,세탁기_트래픽_구독 페스티벌,1628465,2026.10.01.,네이버+ > 서비스 통합,50세 ~ 54세 남성,0,1,0,0,0,0.00,0,0,0,0,0,0,0,0,0,0,0,0,0,0,0,0,0,0,0,0,0,0,0,0,0,0,0,0,0,0,0,0,0,0,0,0,0,0,0,0,0,0,0,0,0,0,0.00,0,0.00,0.00
세탁기_커피소구_02,4640759,세탁기_트래픽_구독 페스티벌,1628465,2026.10.01.,네이버+ > 서비스 통합,55세 ~ 59세 남성,0,4,0,0,0,0.00,0,0,0,0,0,0,0,0,0,0,0,0,0,0,0,0,0,0,0,0,0,0,0,0,0,0,0,0,0,0,0,0,0,0,0,0,0,0,0,0,0,0,0,0,0,0,0.00,0,0.00,0.00
세탁기_커피소구_02,4640759,세탁기_트래픽_구독 페스티벌,1628465,2026.10.01.,네이버+ > 서비스 통합,60세 ~ 99세 남성,0,48,0,0,0,0.00,0,0,0,0,0,0,0,0,0,0,0,0,0,0,0,0,0,0,0,0,0,0,0,0,0,0,0,0,0,0,0,0,0,0,0,0,0,0,0,0,0,0,0,0,0,0,0.00,0,0.00,0.00
세탁기_커피소구_02,4640759,세탁기_트래픽_구독 페스티벌,1628465,2026.10.01.,네이버+ > 서비스 통합,60세 ~ 99세 성별 알 수 없음,0,2,0,0,0,0.00,0,0,0,0,0,0,0,0,0,0,0,0,0,0,0,0,0,0,0,0,0,0,0,0,0,0,0,0,0,0,0,0,0,0,0,0,0,0,0,0,0,0,0,0,0,0,0.00,0,0.00,0.00
세탁기_커피소구_02,4640759,세탁기_트래픽_구독 페스티벌,1628465,2026.10.01.,네이버 퍼포먼스 네트워크 > 서비스 통합,14세 ~ 18세 여성,162,68,2389,1,162,1.47,0,0,0,0,0,0,0,0,0,0,0,0,0,0,0,0,0,0,0,0,0,0,0,0,0,0,0,0,0,0,0,0,0,0,0,0,0,0,0,0,0,0,0,0,0,0,0.00,0,0.00,0.00
세탁기_커피소구_02,4640759,세탁기_트래픽_구독 페스티벌,1628465,2026.10.01.,네이버 퍼포먼스 네트워크 > 서비스 통합,19세 ~ 24세 여성,0,28,0,0,0,0.00,0,0,0,0,0,0,0,0,0,0,0,0,0,0,0,0,0,0,0,0,0,0,0,0,0,0,0,0,0,0,0,0,0,0,0,0,0,0,0,0,0,0,0,0,0,0,0.00,0,0.00,0.00
세탁기_커피소구_02,4640759,세탁기_트래픽_구독 페스티벌,1628465,2026.10.01.,네이버 퍼포먼스 네트워크 > 서비스 통합,25세 ~ 29세 여성,0,50,0,0,0,0.00,0,0,0,0,0,0,0,0,0,0,0,0,0,0,0,0,0,0,0,0,0,0,0,0,0,0,0,0,0,0,0,0,0,0,0,0,0,0,0,0,0,0,0,0,0,0,0.00,0,0.00,0.00
세탁기_커피소구_02,4640759,세탁기_트래픽_구독 페스티벌,1628465,2026.10.01.,네이버 퍼포먼스 네트워크 > 서비스 통합,30세 ~ 34세 여성,0,54,0,0,0,0.00,0,0,0,0,0,0,0,0,0,0,0,0,0,0,0,0,0,0,0,0,0,0,0,0,0,0,0,0,0,0,0,0,0,0,0,0,0,0,0,0,0,0,0,0,0,0,0.00,0,0.00,0.00
세탁기_커피소구_02,4640759,세탁기_트래픽_구독 페스티벌,1628465,2026.10.01.,네이버 퍼포먼스 네트워크 > 서비스 통합,35세 ~ 39세 여성,0,74,0,0,0,0.00,0,0,0,0,0,0,0,0,0,0,0,0,0,0,0,0,0,0,0,0,0,0,0,0,0,0,0,0,0,0,0,0,0,0,0,0,0,0,0,0,0,0,0,0,0,0,0.00,0,0.00,0.00
세탁기_커피소구_02,4640759,세탁기_트래픽_구독 페스티벌,1628465,2026.10.01.,네이버 퍼포먼스 네트워크 > 서비스 통합,40세 ~ 44세 여성,0,67,0,0,0,0.00,0,0,0,0,0,0,0,0,0,0,0,0,0,0,0,0,0,0,0,0,0,0,0,0,0,0,0,0,0,0,0,0,0,0,0,0,0,0,0,0,0,0,0,0,0,0,0.00,0,0.00,0.00
세탁기_커피소구_02,4640759,세탁기_트래픽_구독 페스티벌,1628465,2026.10.01.,네이버 퍼포먼스 네트워크 > 서비스 통합,45세 ~ 49세 여성,250,188,1330,1,250,0.53,0,0,0,0,0,0,0,0,0,0,0,0,0,0,0,0,0,0,0,0,0,0,0,0,0,0,0,0,0,0,0,0,0,0,0,0,0,0,0,0,0,0,0,0,0,0,0.00,0,0.00,0.00
세탁기_커피소구_02,4640759,세탁기_트래픽_구독 페스티벌,1628465,2026.10.01.,네이버 퍼포먼스 네트워크 > 서비스 통합,50세 ~ 54세 여성,375,328,1142,2,187,0.61,0,0,0,0,0,0,0,0,0,0,0,0,0,0,0,0,0,0,0,0,0,0,0,0,0,0,0,0,0,0,0,0,0,0,0,0,0,0,0,0,0,0,0,0,0,0,0.00,0,0.00,0.00
세탁기_커피소구_02,4640759,세탁기_트래픽_구독 페스티벌,1628465,2026.10.01.,네이버 퍼포먼스 네트워크 > 서비스 통합,55세 ~ 59세 여성,500,302,1655,2,250,0.66,0,0,0,0,0,0,0,0,0,0,0,0,0,0,0,0,0,0,0,0,0,0,0,0,0,0,0,0,0,0,0,0,0,0,0,0,0,0,0,0,0,0,0,0,0,0,0.00,0,0.00,0.00
세탁기_커피소구_02,4640759,세탁기_트래픽_구독 페스티벌,1628465,2026.10.01.,네이버 퍼포먼스 네트워크 > 서비스 통합,60세 ~ 99세 여성,4351,1804,2412,19,229,1.05,0,0,0,0,0,0,0,0,0,0,0,0,0,0,0,0,0,0,0,0,0,0,0,0,0,0,0,0,0,0,0,0,0,0,0,0,0,0,0,0,0,0,0,0,0,0,0.00,0,0.00,0.00
세탁기_커피소구_02,4640759,세탁기_트래픽_구독 페스티벌,1628465,2026.10.01.,네이버 퍼포먼스 네트워크 > 서비스 통합,"연령 알 수 없음 여성 ",0,9,0,0,0,0.00,0,0,0,0,0,0,0,0,0,0,0,0,0,0,0,0,0,0,0,0,0,0,0,0,0,0,0,0,0,0,0,0,0,0,0,0,0,0,0,0,0,0,0,0,0,0,0.00,0,0.00,0.00
세탁기_커피소구_02,4640759,세탁기_트래픽_구독 페스티벌,1628465,2026.10.01.,네이버 퍼포먼스 네트워크 > 서비스 통합,14세 ~ 18세 남성,0,105,0,0,0,0.00,0,0,0,0,0,0,0,0,0,0,0,0,0,0,0,0,0,0,0,0,0,0,0,0,0,0,0,0,0,0,0,0,0,0,0,0,0,0,0,0,0,0,0,0,0,0,0.00,0,0.00,0.00
세탁기_커피소구_02,4640759,세탁기_트래픽_구독 페스티벌,1628465,2026.10.01.,네이버 퍼포먼스 네트워크 > 서비스 통합,19세 ~ 24세 남성,214,42,5098,1,214,2.38,0,0,0,0,0,0,0,0,0,0,0,0,0,0,0,0,0,0,0,0,0,0,0,0,0,0,0,0,0,0,0,0,0,0,0,0,0,0,0,0,0,0,0,0,0,0,0.00,0,0.00,0.00
세탁기_커피소구_02,4640759,세탁기_트래픽_구독 페스티벌,1628465,2026.10.01.,네이버 퍼포먼스 네트워크 > 서비스 통합,25세 ~ 29세 남성,0,67,0,0,0,0.00,0,0,0,0,0,0,0,0,0,0,0,0,0,0,0,0,0,0,0,0,0,0,0,0,0,0,0,0,0,0,0,0,0,0,0,0,0,0,0,0,0,0,0,0,0,0,0.00,0,0.00,0.00
세탁기_커피소구_02,4640759,세탁기_트래픽_구독 페스티벌,1628465,2026.10.01.,네이버 퍼포먼스 네트워크 > 서비스 통합,30세 ~ 34세 남성,0,83,0,0,0,0.00,0,0,0,0,0,0,0,0,0,0,0,0,0,0,0,0,0,0,0,0,0,0,0,0,0,0,0,0,0,0,0,0,0,0,0,0,0,0,0,0,0,0,0,0,0,0,0.00,0,0.00,0.00
세탁기_커피소구_02,4640759,세탁기_트래픽_구독 페스티벌,1628465,2026.10.01.,네이버 퍼포먼스 네트워크 > 서비스 통합,35세 ~ 39세 남성,0,89,0,0,0,0.00,0,0,0,0,0,0,0,0,0,0,0,0,0,0,0,0,0,0,0,0,0,0,0,0,0,0,0,0,0,0,0,0,0,0,0,0,0,0,0,0,0,0,0,0,0,0,0.00,0,0.00,0.00
세탁기_커피소구_02,4640759,세탁기_트래픽_구독 페스티벌,1628465,2026.10.01.,네이버 퍼포먼스 네트워크 > 서비스 통합,40세 ~ 44세 남성,446,175,2546,2,223,1.14,0,0,0,0,0,0,0,0,0,0,0,0,0,0,0,0,0,0,0,0,0,0,0,0,0,0,0,0,0,0,0,0,0,0,0,0,0,0,0,0,0,0,0,0,0,0,0.00,0,0.00,0.00
세탁기_커피소구_02,4640759,세탁기_트래픽_구독 페스티벌,1628465,2026.10.01.,네이버 퍼포먼스 네트워크 > 서비스 통합,45세 ~ 49세 남성,212,354,600,1,212,0.28,0,0,0,0,0,0,0,0,0,0,0,0,0,0,0,0,0,0,0,0,0,0,0,0,0,0,0,0,0,0,0,0,0,0,0,0,0,0,0,0,0,0,0,0,0,0,0.00,0,0.00,0.00
세탁기_커피소구_02,4640759,세탁기_트래픽_구독 페스티벌,1628465,2026.10.01.,네이버 퍼포먼스 네트워크 > 서비스 통합,50세 ~ 54세 남성,942,528,1784,4,235,0.76,0,0,0,0,0,0,0,0,0,0,0,0,0,0,0,0,0,0,0,0,0,0,0,0,0,0,0,0,0,0,0,0,0,0,0,0,0,0,0,0,0,0,0,0,0,0,0.00,0,0.00,0.00
세탁기_커피소구_02,4640759,세탁기_트래픽_구독 페스티벌,1628465,2026.10.01.,네이버 퍼포먼스 네트워크 > 서비스 통합,55세 ~ 59세 남성,552,420,1314,3,184,0.71,0,0,0,0,0,0,0,0,0,0,0,0,0,0,0,0,0,0,0,0,0,0,0,0,0,0,0,0,0,0,0,0,0,0,0,0,0,0,0,0,0,0,0,0,0,0,0.00,0,0.00,0.00
세탁기_커피소구_02,4640759,세탁기_트래픽_구독 페스티벌,1628465,2026.10.01.,네이버 퍼포먼스 네트워크 > 서비스 통합,60세 ~ 99세 남성,3188,2094,1522,14,228,0.67,0,0,0,0,0,0,0,0,0,0,0,0,0,0,0,0,0,0,0,0,0,0,0,0,0,0,0,0,0,0,0,0,0,0,0,0,0,0,0,0,0,0,0,0,0,0,0.00,0,0.00,0.00
세탁기_커피소구_02,4640759,세탁기_트래픽_구독 페스티벌,1628465,2026.10.01.,네이버 퍼포먼스 네트워크 > 서비스 통합,연령 알 수 없음 남성,0,54,0,0,0,0.00,0,0,0,0,0,0,0,0,0,0,0,0,0,0,0,0,0,0,0,0,0,0,0,0,0,0,0,0,0,0,0,0,0,0,0,0,0,0,0,0,0,0,0,0,0,0,0.00,0,0.00,0.00
세탁기_커피소구_02,4640759,세탁기_트래픽_구독 페스티벌,1628465,2026.10.01.,네이버 퍼포먼스 네트워크 > 서비스 통합,30세 ~ 34세 성별 알 수 없음,0,1,0,0,0,0.00,0,0,0,0,0,0,0,0,0,0,0,0,0,0,0,0,0,0,0,0,0,0,0,0,0,0,0,0,0,0,0,0,0,0,0,0,0,0,0,0,0,0,0,0,0,0,0.00,0,0.00,0.00
세탁기_커피소구_02,4640759,세탁기_트래픽_구독 페스티벌,1628465,2026.10.01.,네이버 퍼포먼스 네트워크 > 서비스 통합,35세 ~ 39세 성별 알 수 없음,0,1,0,0,0,0.00,0,0,0,0,0,0,0,0,0,0,0,0,0,0,0,0,0,0,0,0,0,0,0,0,0,0,0,0,0,0,0,0,0,0,0,0,0,0,0,0,0,0,0,0,0,0,0.00,0,0.00,0.00
세탁기_커피소구_02,4640759,세탁기_트래픽_구독 페스티벌,1628465,2026.10.01.,네이버 퍼포먼스 네트워크 > 서비스 통합,40세 ~ 44세 성별 알 수 없음,0,1,0,0,0,0.00,0,0,0,0,0,0,0,0,0,0,0,0,0,0,0,0,0,0,0,0,0,0,0,0,0,0,0,0,0,0,0,0,0,0,0,0,0,0,0,0,0,0,0,0,0,0,0.00,0,0.00,0.00
세탁기_커피소구_02,4640759,세탁기_트래픽_구독 페스티벌,1628465,2026.10.01.,네이버 퍼포먼스 네트워크 > 서비스 통합,45세 ~ 49세 성별 알 수 없음,0,1,0,0,0,0.00,0,0,0,0,0,0,0,0,0,0,0,0,0,0,0,0,0,0,0,0,0,0,0,0,0,0,0,0,0,0,0,0,0,0,0,0,0,0,0,0,0,0,0,0,0,0,0.00,0,0.00,0.00
세탁기_커피소구_02,4640759,세탁기_트래픽_구독 페스티벌,1628465,2026.10.01.,네이버 퍼포먼스 네트워크 > 서비스 통합,50세 ~ 54세 성별 알 수 없음,0,6,0,0,0,0.00,0,0,0,0,0,0,0,0,0,0,0,0,0,0,0,0,0,0,0,0,0,0,0,0,0,0,0,0,0,0,0,0,0,0,0,0,0,0,0,0,0,0,0,0,0,0,0.00,0,0.00,0.00
세탁기_커피소구_02,4640759,세탁기_트래픽_구독 페스티벌,1628465,2026.10.01.,네이버 퍼포먼스 네트워크 > 서비스 통합,55세 ~ 59세 성별 알 수 없음,0,1,0,0,0,0.00,0,0,0,0,0,0,0,0,0,0,0,0,0,0,0,0,0,0,0,0,0,0,0,0,0,0,0,0,0,0,0,0,0,0,0,0,0,0,0,0,0,0,0,0,0,0,0.00,0,0.00,0.00
세탁기_커피소구_02,4640759,세탁기_트래픽_구독 페스티벌,1628465,2026.10.01.,네이버 퍼포먼스 네트워크 > 서비스 통합,60세 ~ 99세 성별 알 수 없음,0,8,0,0,0,0.00,0,0,0,0,0,0,0,0,0,0,0,0,0,0,0,0,0,0,0,0,0,0,0,0,0,0,0,0,0,0,0,0,0,0,0,0,0,0,0,0,0,0,0,0,0,0,0.00,0,0.00,0.00
세탁기_커피소구_02,4640759,세탁기_트래픽_구독 페스티벌,1628465,2026.10.01.,네이버 퍼포먼스 네트워크 > 서비스 통합,알 수 없음,0,79,0,0,0,0.00,0,0,0,0,0,0,0,0,0,0,0,0,0,0,0,0,0,0,0,0,0,0,0,0,0,0,0,0,0,0,0,0,0,0,0,0,0,0,0,0,0,0,0,0,0,0,0.00,0,0.00,0.00
세탁기_커피소구_02,4640759,세탁기_트래픽_구독 페스티벌,1628465,2026.10.01.,네이버 퍼포먼스 네트워크 > 피드,14세 ~ 18세 여성,267,44,6071,1,267,2.27,0,0,0,0,0,0,0,0,0,0,0,0,0,0,0,0,0,0,0,0,0,0,0,0,0,0,0,0,0,0,0,0,0,0,0,0,0,0,0,0,0,0,0,0,0,0,0.00,0,0.00,0.00
세탁기_커피소구_02,4640759,세탁기_트래픽_구독 페스티벌,1628465,2026.10.01.,네이버 퍼포먼스 네트워크 > 피드,19세 ~ 24세 여성,0,26,0,0,0,0.00,0,0,0,0,0,0,0,0,0,0,0,0,0,0,0,0,0,0,0,0,0,0,0,0,0,0,0,0,0,0,0,0,0,0,0,0,0,0,0,0,0,0,0,0,0,0,0.00,0,0.00,0.00
세탁기_커피소구_02,4640759,세탁기_트래픽_구독 페스티벌,1628465,2026.10.01.,네이버 퍼포먼스 네트워크 > 피드,25세 ~ 29세 여성,0,4,0,0,0,0.00,0,0,0,0,0,0,0,0,0,0,0,0,0,0,0,0,0,0,0,0,0,0,0,0,0,0,0,0,0,0,0,0,0,0,0,0,0,0,0,0,0,0,0,0,0,0,0.00,0,0.00,0.00
세탁기_커피소구_02,4640759,세탁기_트래픽_구독 페스티벌,1628465,2026.10.01.,네이버 퍼포먼스 네트워크 > 피드,30세 ~ 34세 여성,0,8,0,0,0,0.00,0,0,0,0,0,0,0,0,0,0,0,0,0,0,0,0,0,0,0,0,0,0,0,0,0,0,0,0,0,0,0,0,0,0,0,0,0,0,0,0,0,0,0,0,0,0,0.00,0,0.00,0.00
세탁기_커피소구_02,4640759,세탁기_트래픽_구독 페스티벌,1628465,2026.10.01.,네이버 퍼포먼스 네트워크 > 피드,35세 ~ 39세 여성,0,11,0,0,0,0.00,0,0,0,0,0,0,0,0,0,0,0,0,0,0,0,0,0,0,0,0,0,0,0,0,0,0,0,0,0,0,0,0,0,0,0,0,0,0,0,0,0,0,0,0,0,0,0.00,0,0.00,0.00
세탁기_커피소구_02,4640759,세탁기_트래픽_구독 페스티벌,1628465,2026.10.01.,네이버 퍼포먼스 네트워크 > 피드,40세 ~ 44세 여성,0,25,0,0,0,0.00,0,0,0,0,0,0,0,0,0,0,0,0,0,0,0,0,0,0,0,0,0,0,0,0,0,0,0,0,0,0,0,0,0,0,0,0,0,0,0,0,0,0,0,0,0,0,0.00,0,0.00,0.00
세탁기_커피소구_02,4640759,세탁기_트래픽_구독 페스티벌,1628465,2026.10.01.,네이버 퍼포먼스 네트워크 > 피드,45세 ~ 49세 여성,282,134,2105,2,141,1.49,0,0,0,0,0,0,0,0,0,0,0,0,0,0,0,0,0,0,0,0,0,0,0,0,0,0,0,0,0,0,0,0,0,0,0,0,0,0,0,0,0,0,0,0,0,0,0.00,0,0.00,0.00
세탁기_커피소구_02,4640759,세탁기_트래픽_구독 페스티벌,1628465,2026.10.01.,네이버 퍼포먼스 네트워크 > 피드,50세 ~ 54세 여성,177,158,1120,1,177,0.63,0,0,0,0,0,0,0,0,0,0,0,0,0,0,0,0,0,0,0,0,0,0,0,0,0,0,0,0,0,0,0,0,0,0,0,0,0,0,0,0,0,0,0,0,0,0,0.00,0,0.00,0.00
세탁기_커피소구_02,4640759,세탁기_트래픽_구독 페스티벌,1628465,2026.10.01.,네이버 퍼포먼스 네트워크 > 피드,55세 ~ 59세 여성,1798,316,5689,8,225,2.53,0,0,0,0,0,0,0,0,0,0,0,0,0,0,0,0,0,0,0,0,0,0,0,0,0,0,0,0,0,0,0,0,0,0,0,0,0,0,0,0,0,0,0,0,0,0,0.00,0,0.00,0.00
세탁기_커피소구_02,4640759,세탁기_트래픽_구독 페스티벌,1628465,2026.10.01.,네이버 퍼포먼스 네트워크 > 피드,60세 ~ 99세 여성,4162,1820,2287,23,181,1.26,0,0,0,0,0,0,0,0,0,0,0,0,0,0,0,0,0,0,0,0,0,0,0,0,0,0,0,0,0,0,0,0,0,0,0,0,0,0,0,0,0,0,0,0,0,0,0.00,0,0.00,0.00
세탁기_커피소구_02,4640759,세탁기_트래픽_구독 페스티벌,1628465,2026.10.01.,네이버 퍼포먼스 네트워크 > 피드,14세 ~ 18세 남성,0,23,0,0,0,0.00,0,0,0,0,0,0,0,0,0,0,0,0,0,0,0,0,0,0,0,0,0,0,0,0,0,0,0,0,0,0,0,0,0,0,0,0,0,0,0,0,0,0,0,0,0,0,0.00,0,0.00,0.00
세탁기_커피소구_02,4640759,세탁기_트래픽_구독 페스티벌,1628465,2026.10.01.,네이버 퍼포먼스 네트워크 > 피드,19세 ~ 24세 남성,0,15,0,0,0,0.00,0,0,0,0,0,0,0,0,0,0,0,0,0,0,0,0,0,0,0,0,0,0,0,0,0,0,0,0,0,0,0,0,0,0,0,0,0,0,0,0,0,0,0,0,0,0,0.00,0,0.00,0.00
세탁기_커피소구_02,4640759,세탁기_트래픽_구독 페스티벌,1628465,2026.10.01.,네이버 퍼포먼스 네트워크 > 피드,25세 ~ 29세 남성,0,10,0,0,0,0.00,0,0,0,0,0,0,0,0,0,0,0,0,0,0,0,0,0,0,0,0,0,0,0,0,0,0,0,0,0,0,0,0,0,0,0,0,0,0,0,0,0,0,0,0,0,0,0.00,0,0.00,0.00
세탁기_커피소구_02,4640759,세탁기_트래픽_구독 페스티벌,1628465,2026.10.01.,네이버 퍼포먼스 네트워크 > 피드,30세 ~ 34세 남성,0,11,0,0,0,0.00,0,0,0,0,0,0,0,0,0,0,0,0,0,0,0,0,0,0,0,0,0,0,0,0,0,0,0,0,0,0,0,0,0,0,0,0,0,0,0,0,0,0,0,0,0,0,0.00,0,0.00,0.00
세탁기_커피소구_02,4640759,세탁기_트래픽_구독 페스티벌,1628465,2026.10.01.,네이버 퍼포먼스 네트워크 > 피드,35세 ~ 39세 남성,0,9,0,0,0,0.00,0,0,0,0,0,0,0,0,0,0,0,0,0,0,0,0,0,0,0,0,0,0,0,0,0,0,0,0,0,0,0,0,0,0,0,0,0,0,0,0,0,0,0,0,0,0,0.00,0,0.00,0.00
세탁기_커피소구_02,4640759,세탁기_트래픽_구독 페스티벌,1628465,2026.10.01.,네이버 퍼포먼스 네트워크 > 피드,40세 ~ 44세 남성,0,42,0,0,0,0.00,0,0,0,0,0,0,0,0,0,0,0,0,0,0,0,0,0,0,0,0,0,0,0,0,0,0,0,0,0,0,0,0,0,0,0,0,0,0,0,0,0,0,0,0,0,0,0.00,0,0.00,0.00
세탁기_커피소구_02,4640759,세탁기_트래픽_구독 페스티벌,1628465,2026.10.01.,네이버 퍼포먼스 네트워크 > 피드,45세 ~ 49세 남성,230,62,3703,1,230,1.61,0,0,0,0,0,0,0,0,0,0,0,0,0,0,0,0,0,0,0,0,0,0,0,0,0,0,0,0,0,0,0,0,0,0,0,0,0,0,0,0,0,0,0,0,0,0,0.00,0,0.00,0.00
세탁기_커피소구_02,4640759,세탁기_트래픽_구독 페스티벌,1628465,2026.10.01.,네이버 퍼포먼스 네트워크 > 피드,50세 ~ 54세 남성,246,123,1998,1,246,0.81,0,0,0,0,0,0,0,0,0,0,0,0,0,0,0,0,0,0,0,0,0,0,0,0,0,0,0,0,0,0,0,0,0,0,0,0,0,0,0,0,0,0,0,0,0,0,0.00,0,0.00,0.00
세탁기_커피소구_02,4640759,세탁기_트래픽_구독 페스티벌,1628465,2026.10.01.,네이버 퍼포먼스 네트워크 > 피드,55세 ~ 59세 남성,1106,155,7138,5,221,3.23,0,0,0,0,0,0,0,0,0,0,0,0,0,0,0,0,0,0,0,0,0,0,0,0,0,0,0,0,0,0,0,0,0,0,0,0,0,0,0,0,0,0,0,0,0,0,0.00,0,0.00,0.00
세탁기_커피소구_02,4640759,세탁기_트래픽_구독 페스티벌,1628465,2026.10.01.,네이버 퍼포먼스 네트워크 > 피드,60세 ~ 99세 남성,2916,925,3152,15,194,1.62,0,0,0,0,0,0,0,0,0,0,0,0,0,0,0,0,0,0,0,0,0,0,0,0,0,0,0,0,0,0,0,0,0,0,0,0,0,0,0,0,0,0,0,0,0,0,0.00,0,0.00,0.00
세탁기_커피소구_02,4640759,세탁기_트래픽_구독 페스티벌,1628465,2026.10.01.,네이버 퍼포먼스 네트워크 > 피드,알 수 없음,0,23,0,0,0,0.00,0,0,0,0,0,0,0,0,0,0,0,0,0,0,0,0,0,0,0,0,0,0,0,0,0,0,0,0,0,0,0,0,0,0,0,0,0,0,0,0,0,0,0,0,0,0,0.00,0,0.00,0.00
세탁기_커피소구_01,4640746,세탁기_트래픽_구독 페스티벌,1628465,2026.10.07.,네이버+ > 피드,25세 ~ 29세 여성,0,1,0,0,0,0.00,0,0,0,0,0,0,0,0,0,0,0,0,0,0,0,0,0,0,0,0,0,0,0,0,0,0,0,0,0,0,0,0,0,0,0,0,0,0,0,0,0,0,0,0,0,0,0.00,0,0.00,0.00
세탁기_커피소구_01,4640746,세탁기_트래픽_구독 페스티벌,1628465,2026.10.07.,네이버+ > 피드,40세 ~ 44세 여성,0,3,0,0,0,0.00,0,0,0,0,0,0,0,0,0,0,0,0,0,0,0,0,0,0,0,0,0,0,0,0,0,0,0,0,0,0,0,0,0,0,0,0,0,0,0,0,0,0,0,0,0,0,0.00,0,0.00,0.00
세탁기_커피소구_01,4640746,세탁기_트래픽_구독 페스티벌,1628465,2026.10.07.,네이버+ > 피드,45세 ~ 49세 여성,0,1,0,0,0,0.00,0,0,0,0,0,0,0,0,0,0,0,0,0,0,0,0,0,0,0,0,0,0,0,0,0,0,0,0,0,0,0,0,0,0,0,0,0,0,0,0,0,0,0,0,0,0,0.00,0,0.00,0.00
세탁기_커피소구_01,4640746,세탁기_트래픽_구독 페스티벌,1628465,2026.10.07.,네이버+ > 피드,"연령 알 수 없음 여성 ",0,4,0,0,0,0.00,0,0,0,0,0,0,0,0,0,0,0,0,0,0,0,0,0,0,0,0,0,0,0,0,0,0,0,0,0,0,0,0,0,0,0,0,0,0,0,0,0,0,0,0,0,0,0.00,0,0.00,0.00
세탁기_커피소구_01,4640746,세탁기_트래픽_구독 페스티벌,1628465,2026.10.07.,네이버+ > 피드,19세 ~ 24세 남성,133,1,133185,1,133,100.00,0,0,0,0,0,0,0,0,0,0,0,0,0,0,0,0,0,0,0,0,0,0,0,0,0,0,0,0,0,0,0,0,0,0,0,0,0,0,0,0,0,0,0,0,0,0,0.00,0,0.00,0.00
세탁기_커피소구_01,4640746,세탁기_트래픽_구독 페스티벌,1628465,2026.10.07.,네이버+ > 피드,45세 ~ 49세 남성,0,1,0,0,0,0.00,0,0,0,0,0,0,0,0,0,0,0,0,0,0,0,0,0,0,0,0,0,0,0,0,0,0,0,0,0,0,0,0,0,0,0,0,0,0,0,0,0,0,0,0,0,0,0.00,0,0.00,0.00
세탁기_커피소구_01,4640746,세탁기_트래픽_구독 페스티벌,1628465,2026.10.07.,네이버+ > 피드,40세 ~ 44세 성별 알 수 없음,0,1,0,0,0,0.00,0,0,0,0,0,0,0,0,0,0,0,0,0,0,0,0,0,0,0,0,0,0,0,0,0,0,0,0,0,0,0,0,0,0,0,0,0,0,0,0,0,0,0,0,0,0,0.00,0,0.00,0.00
세탁기_커피소구_01,4640746,세탁기_트래픽_구독 페스티벌,1628465,2026.10.07.,네이버+ > 피드,알 수 없음,0,5,0,0,0,0.00,0,0,0,0,0,0,0,0,0,0,0,0,0,0,0,0,0,0,0,0,0,0,0,0,0,0,0,0,0,0,0,0,0,0,0,0,0,0,0,0,0,0,0,0,0,0,0.00,0,0.00,0.00
세탁기_커피소구_01,4640746,세탁기_트래픽_구독 페스티벌,1628465,2026.10.07.,네이버+ > 네이버 메인,19세 ~ 24세 여성,0,44,0,0,0,0.00,0,0,0,0,0,0,0,0,0,0,0,0,0,0,0,0,0,0,0,0,0,0,0,0,0,0,0,0,0,0,0,0,0,0,0,0,0,0,0,0,0,0,0,0,0,0,0.00,0,0.00,0.00
세탁기_커피소구_01,4640746,세탁기_트래픽_구독 페스티벌,1628465,2026.10.07.,네이버+ > 네이버 메인,25세 ~ 29세 여성,0,5,0,0,0,0.00,0,0,0,0,0,0,0,0,0,0,0,0,0,0,0,0,0,0,0,0,0,0,0,0,0,0,0,0,0,0,0,0,0,0,0,0,0,0,0,0,0,0,0,0,0,0,0.00,0,0.00,0.00
세탁기_커피소구_01,4640746,세탁기_트래픽_구독 페스티벌,1628465,2026.10.07.,네이버+ > 네이버 메인,30세 ~ 34세 여성,0,1,0,0,0,0.00,0,0,0,0,0,0,0,0,0,0,0,0,0,0,0,0,0,0,0,0,0,0,0,0,0,0,0,0,0,0,0,0,0,0,0,0,0,0,0,0,0,0,0,0,0,0,0.00,0,0.00,0.00
세탁기_커피소구_01,4640746,세탁기_트래픽_구독 페스티벌,1628465,2026.10.07.,네이버+ > 네이버 메인,35세 ~ 39세 여성,0,5,0,0,0,0.00,0,0,0,0,0,0,0,0,0,0,0,0,0,0,0,0,0,0,0,0,0,0,0,0,0,0,0,0,0,0,0,0,0,0,0,0,0,0,0,0,0,0,0,0,0,0,0.00,0,0.00,0.00
세탁기_커피소구_01,4640746,세탁기_트래픽_구독 페스티벌,1628465,2026.10.07.,네이버+ > 네이버 메인,40세 ~ 44세 여성,0,7,0,0,0,0.00,0,0,0,0,0,0,0,0,0,0,0,0,0,0,0,0,0,0,0,0,0,0,0,0,0,0,0,0,0,0,0,0,0,0,0,0,0,0,0,0,0,0,0,0,0,0,0.00,0,0.00,0.00
세탁기_커피소구_01,4640746,세탁기_트래픽_구독 페스티벌,1628465,2026.10.07.,네이버+ > 네이버 메인,"연령 알 수 없음 여성 ",0,12,0,0,0,0.00,0,0,0,0,0,0,0,0,0,0,0,0,0,0,0,0,0,0,0,0,0,0,0,0,0,0,0,0,0,0,0,0,0,0,0,0,0,0,0,0,0,0,0,0,0,0,0.00,0,0.00,0.00
세탁기_커피소구_01,4640746,세탁기_트래픽_구독 페스티벌,1628465,2026.10.07.,네이버+ > 네이버 메인,19세 ~ 24세 남성,0,136,0,0,0,0.00,0,0,0,0,0,0,0,0,0,0,0,0,0,0,0,0,0,0,0,0,0,0,0,0,0,0,0,0,0,0,0,0,0,0,0,0,0,0,0,0,0,0,0,0,0,0,0.00,0,0.00,0.00
세탁기_커피소구_01,4640746,세탁기_트래픽_구독 페스티벌,1628465,2026.10.07.,네이버+ > 네이버 메인,25세 ~ 29세 남성,0,73,0,0,0,0.00,0,0,0,0,0,0,0,0,0,0,0,0,0,0,0,0,0,0,0,0,0,0,0,0,0,0,0,0,0,0,0,0,0,0,0,0,0,0,0,0,0,0,0,0,0,0,0.00,0,0.00,0.00
세탁기_커피소구_01,4640746,세탁기_트래픽_구독 페스티벌,1628465,2026.10.07.,네이버+ > 네이버 메인,30세 ~ 34세 남성,0,14,0,0,0,0.00,0,0,0,0,0,0,0,0,0,0,0,0,0,0,0,0,0,0,0,0,0,0,0,0,0,0,0,0,0,0,0,0,0,0,0,0,0,0,0,0,0,0,0,0,0,0,0.00,0,0.00,0.00
세탁기_커피소구_01,4640746,세탁기_트래픽_구독 페스티벌,1628465,2026.10.07.,네이버+ > 네이버 메인,35세 ~ 39세 남성,0,50,0,0,0,0.00,0,0,0,0,0,0,0,0,0,0,0,0,0,0,0,0,0,0,0,0,0,0,0,0,0,0,0,0,0,0,0,0,0,0,0,0,0,0,0,0,0,0,0,0,0,0,0.00,0,0.00,0.00
세탁기_커피소구_01,4640746,세탁기_트래픽_구독 페스티벌,1628465,2026.10.07.,네이버+ > 네이버 메인,40세 ~ 44세 남성,0,42,0,0,0,0.00,0,0,0,0,0,0,0,0,0,0,0,0,0,0,0,0,0,0,0,0,0,0,0,0,0,0,0,0,0,0,0,0,0,0,0,0,0,0,0,0,0,0,0,0,0,0,0.00,0,0.00,0.00
세탁기_커피소구_01,4640746,세탁기_트래픽_구독 페스티벌,1628465,2026.10.07.,네이버+ > 네이버 메인,45세 ~ 49세 남성,0,60,0,0,0,0.00,0,0,0,0,0,0,0,0,0,0,0,0,0,0,0,0,0,0,0,0,0,0,0,0,0,0,0,0,0,0,0,0,0,0,0,0,0,0,0,0,0,0,0,0,0,0,0.00,0,0.00,0.00
세탁기_커피소구_01,4640746,세탁기_트래픽_구독 페스티벌,1628465,2026.10.07.,네이버+ > 네이버 메인,연령 알 수 없음 남성,0,135,0,0,0,0.00,0,0,0,0,0,0,0,0,0,0,0,0,0,0,0,0,0,0,0,0,0,0,0,0,0,0,0,0,0,0,0,0,0,0,0,0,0,0,0,0,0,0,0,0,0,0,0.00,0,0.00,0.00
세탁기_커피소구_01,4640746,세탁기_트래픽_구독 페스티벌,1628465,2026.10.07.,네이버+ > 네이버 메인,19세 ~ 24세 성별 알 수 없음,0,6,0,0,0,0.00,0,0,0,0,0,0,0,0,0,0,0,0,0,0,0,0,0,0,0,0,0,0,0,0,0,0,0,0,0,0,0,0,0,0,0,0,0,0,0,0,0,0,0,0,0,0,0.00,0,0.00,0.00
세탁기_커피소구_01,4640746,세탁기_트래픽_구독 페스티벌,1628465,2026.10.07.,네이버+ > 네이버 메인,25세 ~ 29세 성별 알 수 없음,0,5,0,0,0,0.00,0,0,0,0,0,0,0,0,0,0,0,0,0,0,0,0,0,0,0,0,0,0,0,0,0,0,0,0,0,0,0,0,0,0,0,0,0,0,0,0,0,0,0,0,0,0,0.00,0,0.00,0.00
세탁기_커피소구_01,4640746,세탁기_트래픽_구독 페스티벌,1628465,2026.10.07.,네이버+ > 네이버 메인,알 수 없음,0,254,0,0,0,0.00,0,0,0,0,0,0,0,0,0,0,0,0,0,0,0,0,0,0,0,0,0,0,0,0,0,0,0,0,0,0,0,0,0,0,0,0,0,0,0,0,0,0,0,0,0,0,0.00,0,0.00,0.00
세탁기_커피소구_01,4640746,세탁기_트래픽_구독 페스티벌,1628465,2026.10.07.,네이버+ > 서비스 통합,19세 ~ 24세 여성,121,151,800,1,121,0.66,0,0,0,0,0,0,0,0,0,0,0,0,0,0,0,0,0,0,0,0,0,0,0,0,0,0,0,0,0,0,0,0,0,0,0,0,0,0,0,0,0,0,0,0,0,0,0.00,0,0.00,0.00
세탁기_커피소구_01,4640746,세탁기_트래픽_구독 페스티벌,1628465,2026.10.07.,네이버+ > 서비스 통합,25세 ~ 29세 여성,0,58,0,0,0,0.00,0,0,0,0,0,0,0,0,0,0,0,0,0,0,0,0,0,0,0,0,0,0,0,0,0,0,0,0,0,0,0,0,0,0,0,0,0,0,0,0,0,0,0,0,0,0,0.00,0,0.00,0.00
세탁기_커피소구_01,4640746,세탁기_트래픽_구독 페스티벌,1628465,2026.10.07.,네이버+ > 서비스 통합,30세 ~ 34세 여성,0,16,0,0,0,0.00,0,0,0,0,0,0,0,0,0,0,0,0,0,0,0,0,0,0,0,0,0,0,0,0,0,0,0,0,0,0,0,0,0,0,0,0,0,0,0,0,0,0,0,0,0,0,0.00,0,0.00,0.00
세탁기_커피소구_01,4640746,세탁기_트래픽_구독 페스티벌,1628465,2026.10.07.,네이버+ > 서비스 통합,35세 ~ 39세 여성,0,28,0,0,0,0.00,0,0,0,0,0,0,0,0,0,0,0,0,0,0,0,0,0,0,0,0,0,0,0,0,0,0,0,0,0,0,0,0,0,0,0,0,0,0,0,0,0,0,0,0,0,0,0.00,0,0.00,0.00
세탁기_커피소구_01,4640746,세탁기_트래픽_구독 페스티벌,1628465,2026.10.07.,네이버+ > 서비스 통합,40세 ~ 44세 여성,0,21,0,0,0,0.00,0,0,0,0,0,0,0,0,0,0,0,0,0,0,0,0,0,0,0,0,0,0,0,0,0,0,0,0,0,0,0,0,0,0,0,0,0,0,0,0,0,0,0,0,0,0,0.00,0,0.00,0.00
세탁기_커피소구_01,4640746,세탁기_트래픽_구독 페스티벌,1628465,2026.10.07.,네이버+ > 서비스 통합,45세 ~ 49세 여성,0,27,0,0,0,0.00,0,0,0,0,0,0,0,0,0,0,0,0,0,0,0,0,0,0,0,0,0,0,0,0,0,0,0,0,0,0,0,0,0,0,0,0,0,0,0,0,0,0,0,0,0,0,0.00,0,0.00,0.00
세탁기_커피소구_01,4640746,세탁기_트래픽_구독 페스티벌,1628465,2026.10.07.,네이버+ > 서비스 통합,"연령 알 수 없음 여성 ",0,57,0,0,0,0.00,0,0,0,0,0,0,0,0,0,0,0,0,0,0,0,0,0,0,0,0,0,0,0,0,0,0,0,0,0,0,0,0,0,0,0,0,0,0,0,0,0,0,0,0,0,0,0.00,0,0.00,0.00
세탁기_커피소구_01,4640746,세탁기_트래픽_구독 페스티벌,1628465,2026.10.07.,네이버+ > 서비스 통합,19세 ~ 24세 남성,0,511,0,0,0,0.00,0,0,0,0,0,0,0,0,0,0,0,0,0,0,0,0,0,0,0,0,0,0,0,0,0,0,0,0,0,0,0,0,0,0,0,0,0,0,0,0,0,0,0,0,0,0,0.00,0,0.00,0.00
세탁기_커피소구_01,4640746,세탁기_트래픽_구독 페스티벌,1628465,2026.10.07.,네이버+ > 서비스 통합,25세 ~ 29세 남성,119,187,636,1,119,0.53,0,0,0,0,0,0,0,0,0,0,0,0,0,0,0,0,0,0,0,0,0,0,0,0,0,0,0,0,0,0,0,0,0,0,0,0,0,0,0,0,0,0,0,0,0,0,0.00,0,0.00,0.00
세탁기_커피소구_01,4640746,세탁기_트래픽_구독 페스티벌,1628465,2026.10.07.,네이버+ > 서비스 통합,30세 ~ 34세 남성,0,103,0,0,0,0.00,0,0,0,0,0,0,0,0,0,0,0,0,0,0,0,0,0,0,0,0,0,0,0,0,0,0,0,0,0,0,0,0,0,0,0,0,0,0,0,0,0,0,0,0,0,0,0.00,0,0.00,0.00
세탁기_커피소구_01,4640746,세탁기_트래픽_구독 페스티벌,1628465,2026.10.07.,네이버+ > 서비스 통합,35세 ~ 39세 남성,0,98,0,0,0,0.00,0,0,0,0,0,0,0,0,0,0,0,0,0,0,0,0,0,0,0,0,0,0,0,0,0,0,0,0,0,0,0,0,0,0,0,0,0,0,0,0,0,0,0,0,0,0,0.00,0,0.00,0.00
세탁기_커피소구_01,4640746,세탁기_트래픽_구독 페스티벌,1628465,2026.10.07.,네이버+ > 서비스 통합,40세 ~ 44세 남성,0,121,0,0,0,0.00,0,0,0,0,0,0,0,0,0,0,0,0,0,0,0,0,0,0,0,0,0,0,0,0,0,0,0,0,0,0,0,0,0,0,0,0,0,0,0,0,0,0,0,0,0,0,0.00,0,0.00,0.00
세탁기_커피소구_01,4640746,세탁기_트래픽_구독 페스티벌,1628465,2026.10.07.,네이버+ > 서비스 통합,45세 ~ 49세 남성,0,108,0,0,0,0.00,0,0,0,0,0,0,0,0,0,0,0,0,0,0,0,0,0,0,0,0,0,0,0,0,0,0,0,0,0,0,0,0,0,0,0,0,0,0,0,0,0,0,0,0,0,0,0.00,0,0.00,0.00
세탁기_커피소구_01,4640746,세탁기_트래픽_구독 페스티벌,1628465,2026.10.07.,네이버+ > 서비스 통합,연령 알 수 없음 남성,0,336,0,0,0,0.00,0,0,0,0,0,0,0,0,0,0,0,0,0,0,0,0,0,0,0,0,0,0,0,0,0,0,0,0,0,0,0,0,0,0,0,0,0,0,0,0,0,0,0,0,0,0,0.00,0,0.00,0.00
세탁기_커피소구_01,4640746,세탁기_트래픽_구독 페스티벌,1628465,2026.10.07.,네이버+ > 서비스 통합,19세 ~ 24세 성별 알 수 없음,0,8,0,0,0,0.00,0,0,0,0,0,0,0,0,0,0,0,0,0,0,0,0,0,0,0,0,0,0,0,0,0,0,0,0,0,0,0,0,0,0,0,0,0,0,0,0,0,0,0,0,0,0,0.00,0,0.00,0.00
세탁기_커피소구_01,4640746,세탁기_트래픽_구독 페스티벌,1628465,2026.10.07.,네이버+ > 서비스 통합,25세 ~ 29세 성별 알 수 없음,0,1,0,0,0,0.00,0,0,0,0,0,0,0,0,0,0,0,0,0,0,0,0,0,0,0,0,0,0,0,0,0,0,0,0,0,0,0,0,0,0,0,0,0,0,0,0,0,0,0,0,0,0,0.00,0,0.00,0.00
세탁기_커피소구_01,4640746,세탁기_트래픽_구독 페스티벌,1628465,2026.10.07.,네이버+ > 서비스 통합,30세 ~ 34세 성별 알 수 없음,0,2,0,0,0,0.00,0,0,0,0,0,0,0,0,0,0,0,0,0,0,0,0,0,0,0,0,0,0,0,0,0,0,0,0,0,0,0,0,0,0,0,0,0,0,0,0,0,0,0,0,0,0,0.00,0,0.00,0.00
세탁기_커피소구_01,4640746,세탁기_트래픽_구독 페스티벌,1628465,2026.10.07.,네이버+ > 서비스 통합,35세 ~ 39세 성별 알 수 없음,0,3,0,0,0,0.00,0,0,0,0,0,0,0,0,0,0,0,0,0,0,0,0,0,0,0,0,0,0,0,0,0,0,0,0,0,0,0,0,0,0,0,0,0,0,0,0,0,0,0,0,0,0,0.00,0,0.00,0.00
세탁기_커피소구_01,4640746,세탁기_트래픽_구독 페스티벌,1628465,2026.10.07.,네이버+ > 서비스 통합,40세 ~ 44세 성별 알 수 없음,0,3,0,0,0,0.00,0,0,0,0,0,0,0,0,0,0,0,0,0,0,0,0,0,0,0,0,0,0,0,0,0,0,0,0,0,0,0,0,0,0,0,0,0,0,0,0,0,0,0,0,0,0,0.00,0,0.00,0.00
세탁기_커피소구_01,4640746,세탁기_트래픽_구독 페스티벌,1628465,2026.10.07.,네이버+ > 서비스 통합,알 수 없음,1342,6321,212,11,122,0.17,0,0,0,0,0,0,0,0,0,0,0,0,0,0,0,0,0,0,0,0,0,0,0,0,0,0,0,0,0,0,0,0,0,0,0,0,0,0,0,0,0,0,0,0,0,0,0.00,0,0.00,0.00
세탁기_커피소구_01,4640746,세탁기_트래픽_구독 페스티벌,1628465,2026.10.07.,네이버 퍼포먼스 네트워크 > 서비스 통합,19세 ~ 24세 여성,1176,5283,223,11,107,0.21,0,0,0,0,0,0,0,0,0,0,0,0,0,0,0,0,0,0,0,0,0,0,0,0,0,0,0,0,0,0,0,0,0,0,0,0,0,0,0,0,0,0,0,0,0,0,0.00,0,0.00,0.00
세탁기_커피소구_01,4640746,세탁기_트래픽_구독 페스티벌,1628465,2026.10.07.,네이버 퍼포먼스 네트워크 > 서비스 통합,25세 ~ 29세 여성,906,3388,267,8,113,0.24,0,0,0,0,0,0,0,0,0,0,0,0,0,0,0,0,0,0,0,0,0,0,0,0,0,0,0,0,0,0,0,0,0,0,0,0,0,0,0,0,0,0,0,0,0,0,0.00,0,0.00,0.00
세탁기_커피소구_01,4640746,세탁기_트래픽_구독 페스티벌,1628465,2026.10.07.,네이버 퍼포먼스 네트워크 > 서비스 통합,30세 ~ 34세 여성,610,2748,222,5,122,0.18,0,0,0,0,0,0,0,0,0,0,0,0,0,0,0,0,0,0,0,0,0,0,0,0,0,0,0,0,0,0,0,0,0,0,0,0,0,0,0,0,0,0,0,0,0,0,0.00,0,0.00,0.00
세탁기_커피소구_01,4640746,세탁기_트래픽_구독 페스티벌,1628465,2026.10.07.,네이버 퍼포먼스 네트워크 > 서비스 통합,35세 ~ 39세 여성,446,2334,191,4,111,0.17,0,0,0,0,0,0,0,0,0,0,0,0,0,0,0,0,0,0,0,0,0,0,0,0,0,0,0,0,0,0,0,0,0,0,0,0,0,0,0,0,0,0,0,0,0,0,0.00,0,0.00,0.00
세탁기_커피소구_01,4640746,세탁기_트래픽_구독 페스티벌,1628465,2026.10.07.,네이버 퍼포먼스 네트워크 > 서비스 통합,40세 ~ 44세 여성,539,3631,148,5,108,0.14,0,0,0,0,0,0,0,0,0,0,0,0,0,0,0,0,0,0,0,0,0,0,0,0,0,0,0,0,0,0,0,0,0,0,0,0,0,0,0,0,0,0,0,0,0,0,0.00,0,0.00,0.00
세탁기_커피소구_01,4640746,세탁기_트래픽_구독 페스티벌,1628465,2026.10.07.,네이버 퍼포먼스 네트워크 > 서비스 통합,45세 ~ 49세 여성,9629,15025,641,84,115,0.56,0,0,0,0,0,0,0,0,0,0,0,0,0,0,0,0,0,0,0,0,0,0,0,0,0,0,0,0,0,0,0,0,0,0,0,0,0,0,0,0,0,0,0,0,0,0,0.00,0,0.00,0.00
세탁기_커피소구_01,4640746,세탁기_트래픽_구독 페스티벌,1628465,2026.10.07.,네이버 퍼포먼스 네트워크 > 서비스 통합,"연령 알 수 없음 여성 ",602,2204,273,5,120,0.23,0,0,0,0,0,0,0,0,0,0,0,0,0,0,0,0,0,0,0,0,0,0,0,0,0,0,0,0,0,0,0,0,0,0,0,0,0,0,0,0,0,0,0,0,0,0,0.00,0,0.00,0.00
세탁기_커피소구_01,4640746,세탁기_트래픽_구독 페스티벌,1628465,2026.10.07.,네이버 퍼포먼스 네트워크 > 서비스 통합,19세 ~ 24세 남성,2429,14155,172,22,110,0.16,0,0,0,0,0,0,0,0,0,0,0,0,0,0,0,0,0,0,0,0,0,0,0,0,0,0,0,0,0,0,0,0,0,0,0,0,0,0,0,0,0,0,0,0,0,0,0.00,0,0.00,0.00
세탁기_커피소구_01,4640746,세탁기_트래픽_구독 페스티벌,1628465,2026.10.07.,네이버 퍼포먼스 네트워크 > 서비스 통합,25세 ~ 29세 남성,2051,17501,117,18,114,0.10,0,0,0,0,0,0,0,0,0,0,0,0,0,0,0,0,0,0,0,0,0,0,0,0,0,0,0,0,0,0,0,0,0,0,0,0,0,0,0,0,0,0,0,0,0,0,0.00,0,0.00,0.00
세탁기_커피소구_01,4640746,세탁기_트래픽_구독 페스티벌,1628465,2026.10.07.,네이버 퍼포먼스 네트워크 > 서비스 통합,30세 ~ 34세 남성,1869,16529,113,15,125,0.09,0,0,0,0,0,0,0,0,0,0,0,0,0,0,0,0,0,0,0,0,0,0,0,0,0,0,0,0,0,0,0,0,0,0,0,0,0,0,0,0,0,0,0,0,0,0,0.00,0,0.00,0.00
세탁기_커피소구_01,4640746,세탁기_트래픽_구독 페스티벌,1628465,2026.10.07.,네이버 퍼포먼스 네트워크 > 서비스 통합,35세 ~ 39세 남성,766,11864,65,7,109,0.06,0,0,0,0,0,0,0,0,0,0,0,0,0,0,0,0,0,0,0,0,0,0,0,0,0,0,0,0,0,0,0,0,0,0,0,0,0,0,0,0,0,0,0,0,0,0,0.00,0,0.00,0.00
세탁기_커피소구_01,4640746,세탁기_트래픽_구독 페스티벌,1628465,2026.10.07.,네이버 퍼포먼스 네트워크 > 서비스 통합,40세 ~ 44세 남성,1673,10758,156,15,112,0.14,0,0,0,0,0,0,0,0,0,0,0,0,0,0,0,0,0,0,0,0,0,0,0,0,0,0,0,0,0,0,0,0,0,0,0,0,0,0,0,0,0,0,0,0,0,0,0.00,0,0.00,0.00
세탁기_커피소구_01,4640746,세탁기_트래픽_구독 페스티벌,1628465,2026.10.07.,네이버 퍼포먼스 네트워크 > 서비스 통합,45세 ~ 49세 남성,4484,13329,336,39,115,0.29,0,0,0,0,0,0,0,0,0,0,0,0,0,0,0,0,0,0,0,0,0,0,0,0,0,0,0,0,0,0,0,0,0,0,0,0,0,0,0,0,0,0,0,0,0,0,0.00,0,0.00,0.00
세탁기_커피소구_01,4640746,세탁기_트래픽_구독 페스티벌,1628465,2026.10.07.,네이버 퍼포먼스 네트워크 > 서비스 통합,연령 알 수 없음 남성,1657,18953,87,15,110,0.08,0,0,0,0,0,0,0,0,0,0,0,0,0,0,0,0,0,0,0,0,0,0,0,0,0,0,0,0,0,0,0,0,0,0,0,0,0,0,0,0,0,0,0,0,0,0,0.00,0,0.00,0.00
세탁기_커피소구_01,4640746,세탁기_트래픽_구독 페스티벌,1628465,2026.10.07.,네이버 퍼포먼스 네트워크 > 서비스 통합,19세 ~ 24세 성별 알 수 없음,0,315,0,0,0,0.00,0,0,0,0,0,0,0,0,0,0,0,0,0,0,0,0,0,0,0,0,0,0,0,0,0,0,0,0,0,0,0,0,0,0,0,0,0,0,0,0,0,0,0,0,0,0,0.00,0,0.00,0.00
세탁기_커피소구_01,4640746,세탁기_트래픽_구독 페스티벌,1628465,2026.10.07.,네이버 퍼포먼스 네트워크 > 서비스 통합,25세 ~ 29세 성별 알 수 없음,0,459,0,0,0,0.00,0,0,0,0,0,0,0,0,0,0,0,0,0,0,0,0,0,0,0,0,0,0,0,0,0,0,0,0,0,0,0,0,0,0,0,0,0,0,0,0,0,0,0,0,0,0,0.00,0,0.00,0.00
세탁기_커피소구_01,4640746,세탁기_트래픽_구독 페스티벌,1628465,2026.10.07.,네이버 퍼포먼스 네트워크 > 서비스 통합,30세 ~ 34세 성별 알 수 없음,0,307,0,0,0,0.00,0,0,0,0,0,0,0,0,0,0,0,0,0,0,0,0,0,0,0,0,0,0,0,0,0,0,0,0,0,0,0,0,0,0,0,0,0,0,0,0,0,0,0,0,0,0,0.00,0,0.00,0.00
세탁기_커피소구_01,4640746,세탁기_트래픽_구독 페스티벌,1628465,2026.10.07.,네이버 퍼포먼스 네트워크 > 서비스 통합,35세 ~ 39세 성별 알 수 없음,0,244,0,0,0,0.00,0,0,0,0,0,0,0,0,0,0,0,0,0,0,0,0,0,0,0,0,0,0,0,0,0,0,0,0,0,0,0,0,0,0,0,0,0,0,0,0,0,0,0,0,0,0,0.00,0,0.00,0.00
세탁기_커피소구_01,4640746,세탁기_트래픽_구독 페스티벌,1628465,2026.10.07.,네이버 퍼포먼스 네트워크 > 서비스 통합,40세 ~ 44세 성별 알 수 없음,0,231,0,0,0,0.00,0,0,0,0,0,0,0,0,0,0,0,0,0,0,0,0,0,0,0,0,0,0,0,0,0,0,0,0,0,0,0,0,0,0,0,0,0,0,0,0,0,0,0,0,0,0,0.00,0,0.00,0.00
세탁기_커피소구_01,4640746,세탁기_트래픽_구독 페스티벌,1628465,2026.10.07.,네이버 퍼포먼스 네트워크 > 서비스 통합,45세 ~ 49세 성별 알 수 없음,0,129,0,0,0,0.00,0,0,0,0,0,0,0,0,0,0,0,0,0,0,0,0,0,0,0,0,0,0,0,0,0,0,0,0,0,0,0,0,0,0,0,0,0,0,0,0,0,0,0,0,0,0,0.00,0,0.00,0.00
세탁기_커피소구_01,4640746,세탁기_트래픽_구독 페스티벌,1628465,2026.10.07.,네이버 퍼포먼스 네트워크 > 서비스 통합,알 수 없음,4603,16994,271,42,110,0.25,0,0,0,0,0,0,0,0,0,0,0,0,0,0,0,0,0,0,0,0,0,0,0,0,0,0,0,0,0,0,0,0,0,0,0,0,0,0,0,0,0,0,0,0,0,0,0.00,0,0.00,0.00
세탁기_커피소구_01,4640746,세탁기_트래픽_구독 페스티벌,1628465,2026.10.07.,네이버 퍼포먼스 네트워크 > 피드,25세 ~ 29세 여성,0,1,0,0,0,0.00,0,0,0,0,0,0,0,0,0,0,0,0,0,0,0,0,0,0,0,0,0,0,0,0,0,0,0,0,0,0,0,0,0,0,0,0,0,0,0,0,0,0,0,0,0,0,0.00,0,0.00,0.00
세탁기_커피소구_01,4640746,세탁기_트래픽_구독 페스티벌,1628465,2026.10.07.,네이버 퍼포먼스 네트워크 > 피드,30세 ~ 34세 여성,0,1,0,0,0,0.00,0,0,0,0,0,0,0,0,0,0,0,0,0,0,0,0,0,0,0,0,0,0,0,0,0,0,0,0,0,0,0,0,0,0,0,0,0,0,0,0,0,0,0,0,0,0,0.00,0,0.00,0.00
세탁기_커피소구_01,4640746,세탁기_트래픽_구독 페스티벌,1628465,2026.10.07.,네이버 퍼포먼스 네트워크 > 피드,45세 ~ 49세 여성,0,37,0,0,0,0.00,0,0,0,0,0,0,0,0,0,0,0,0,0,0,0,0,0,0,0,0,0,0,0,0,0,0,0,0,0,0,0,0,0,0,0,0,0,0,0,0,0,0,0,0,0,0,0.00,0,0.00,0.00
세탁기_커피소구_01,4640746,세탁기_트래픽_구독 페스티벌,1628465,2026.10.07.,네이버 퍼포먼스 네트워크 > 피드,19세 ~ 24세 남성,0,3,0,0,0,0.00,0,0,0,0,0,0,0,0,0,0,0,0,0,0,0,0,0,0,0,0,0,0,0,0,0,0,0,0,0,0,0,0,0,0,0,0,0,0,0,0,0,0,0,0,0,0,0.00,0,0.00,0.00
세탁기_커피소구_01,4640746,세탁기_트래픽_구독 페스티벌,1628465,2026.10.07.,네이버 퍼포먼스 네트워크 > 피드,30세 ~ 34세 남성,0,2,0,0,0,0.00,0,0,0,0,0,0,0,0,0,0,0,0,0,0,0,0,0,0,0,0,0,0,0,0,0,0,0,0,0,0,0,0,0,0,0,0,0,0,0,0,0,0,0,0,0,0,0.00,0,0.00,0.00
세탁기_커피소구_01,4640746,세탁기_트래픽_구독 페스티벌,1628465,2026.10.07.,네이버 퍼포먼스 네트워크 > 피드,35세 ~ 39세 남성,0,1,0,0,0,0.00,0,0,0,0,0,0,0,0,0,0,0,0,0,0,0,0,0,0,0,0,0,0,0,0,0,0,0,0,0,0,0,0,0,0,0,0,0,0,0,0,0,0,0,0,0,0,0.00,0,0.00,0.00
세탁기_커피소구_01,4640746,세탁기_트래픽_구독 페스티벌,1628465,2026.10.07.,네이버 퍼포먼스 네트워크 > 피드,40세 ~ 44세 남성,0,4,0,0,0,0.00,0,0,0,0,0,0,0,0,0,0,0,0,0,0,0,0,0,0,0,0,0,0,0,0,0,0,0,0,0,0,0,0,0,0,0,0,0,0,0,0,0,0,0,0,0,0,0.00,0,0.00,0.00
세탁기_커피소구_01,4640746,세탁기_트래픽_구독 페스티벌,1628465,2026.10.07.,네이버 퍼포먼스 네트워크 > 피드,45세 ~ 49세 남성,0,27,0,0,0,0.00,0,0,0,0,0,0,0,0,0,0,0,0,0,0,0,0,0,0,0,0,0,0,0,0,0,0,0,0,0,0,0,0,0,0,0,0,0,0,0,0,0,0,0,0,0,0,0.00,0,0.00,0.00
세탁기_커피소구_01,4640746,세탁기_트래픽_구독 페스티벌,1628465,2026.10.07.,네이버 퍼포먼스 네트워크 > 피드,알 수 없음,0,9,0,0,0,0.00,0,0,0,0,0,0,0,0,0,0,0,0,0,0,0,0,0,0,0,0,0,0,0,0,0,0,0,0,0,0,0,0,0,0,0,0,0,0,0,0,0,0,0,0,0,0,0.00,0,0.00,0.00
세탁기_커피소구_01,4640746,세탁기_트래픽_구독 페스티벌,1628465,2026.10.06.,네이버+ > 피드,19세 ~ 24세 여성,0,1,0,0,0,0.00,0,0,0,0,0,0,0,0,0,0,0,0,0,0,0,0,0,0,0,0,0,0,0,0,0,0,0,0,0,0,0,0,0,0,0,0,0,0,0,0,0,0,0,0,0,0,0.00,0,0.00,0.00
세탁기_커피소구_01,4640746,세탁기_트래픽_구독 페스티벌,1628465,2026.10.06.,네이버+ > 피드,25세 ~ 29세 여성,88,6,14627,1,88,16.67,0,0,0,0,0,0,0,0,0,0,0,0,0,0,0,0,0,0,0,0,0,0,0,0,0,0,0,0,0,0,0,0,0,0,0,0,0,0,0,0,0,0,0,0,0,0,0.00,0,0.00,0.00
세탁기_커피소구_01,4640746,세탁기_트래픽_구독 페스티벌,1628465,2026.10.06.,네이버+ > 피드,30세 ~ 34세 여성,0,2,0,0,0,0.00,0,0,0,0,0,0,0,0,0,0,0,0,0,0,0,0,0,0,0,0,0,0,0,0,0,0,0,0,0,0,0,0,0,0,0,0,0,0,0,0,0,0,0,0,0,0,0.00,0,0.00,0.00
세탁기_커피소구_01,4640746,세탁기_트래픽_구독 페스티벌,1628465,2026.10.06.,네이버+ > 피드,35세 ~ 39세 여성,0,1,0,0,0,0.00,0,0,0,0,0,0,0,0,0,0,0,0,0,0,0,0,0,0,0,0,0,0,0,0,0,0,0,0,0,0,0,0,0,0,0,0,0,0,0,0,0,0,0,0,0,0,0.00,0,0.00,0.00
세탁기_커피소구_01,4640746,세탁기_트래픽_구독 페스티벌,1628465,2026.10.06.,네이버+ > 피드,40세 ~ 44세 여성,0,3,0,0,0,0.00,0,0,0,0,0,0,0,0,0,0,0,0,0,0,0,0,0,0,0,0,0,0,0,0,0,0,0,0,0,0,0,0,0,0,0,0,0,0,0,0,0,0,0,0,0,0,0.00,0,0.00,0.00
세탁기_커피소구_01,4640746,세탁기_트래픽_구독 페스티벌,1628465,2026.10.06.,네이버+ > 피드,45세 ~ 49세 여성,0,3,0,0,0,0.00,0,0,0,0,0,0,0,0,0,0,0,0,0,0,0,0,0,0,0,0,0,0,0,0,0,0,0,0,0,0,0,0,0,0,0,0,0,0,0,0,0,0,0,0,0,0,0.00,0,0.00,0.00
세탁기_커피소구_01,4640746,세탁기_트래픽_구독 페스티벌,1628465,2026.10.06.,네이버+ > 피드,19세 ~ 24세 남성,0,2,0,0,0,0.00,0,0,0,0,0,0,0,0,0,0,0,0,0,0,0,0,0,0,0,0,0,0,0,0,0,0,0,0,0,0,0,0,0,0,0,0,0,0,0,0,0,0,0,0,0,0,0.00,0,0.00,0.00
세탁기_커피소구_01,4640746,세탁기_트래픽_구독 페스티벌,1628465,2026.10.06.,네이버+ > 피드,25세 ~ 29세 남성,0,2,0,0,0,0.00,0,0,0,0,0,0,0,0,0,0,0,0,0,0,0,0,0,0,0,0,0,0,0,0,0,0,0,0,0,0,0,0,0,0,0,0,0,0,0,0,0,0,0,0,0,0,0.00,0,0.00,0.00
세탁기_커피소구_01,4640746,세탁기_트래픽_구독 페스티벌,1628465,2026.10.06.,네이버+ > 피드,35세 ~ 39세 남성,0,1,0,0,0,0.00,0,0,0,0,0,0,0,0,0,0,0,0,0,0,0,0,0,0,0,0,0,0,0,0,0,0,0,0,0,0,0,0,0,0,0,0,0,0,0,0,0,0,0,0,0,0,0.00,0,0.00,0.00
세탁기_커피소구_01,4640746,세탁기_트래픽_구독 페스티벌,1628465,2026.10.06.,네이버+ > 피드,40세 ~ 44세 남성,0,1,0,0,0,0.00,0,0,0,0,0,0,0,0,0,0,0,0,0,0,0,0,0,0,0,0,0,0,0,0,0,0,0,0,0,0,0,0,0,0,0,0,0,0,0,0,0,0,0,0,0,0,0.00,0,0.00,0.00
세탁기_커피소구_01,4640746,세탁기_트래픽_구독 페스티벌,1628465,2026.10.06.,네이버+ > 피드,45세 ~ 49세 남성,0,13,0,0,0,0.00,0,0,0,0,0,0,0,0,0,0,0,0,0,0,0,0,0,0,0,0,0,0,0,0,0,0,0,0,0,0,0,0,0,0,0,0,0,0,0,0,0,0,0,0,0,0,0.00,0,0.00,0.00
세탁기_커피소구_01,4640746,세탁기_트래픽_구독 페스티벌,1628465,2026.10.06.,네이버+ > 피드,연령 알 수 없음 남성,0,1,0,0,0,0.00,0,0,0,0,0,0,0,0,0,0,0,0,0,0,0,0,0,0,0,0,0,0,0,0,0,0,0,0,0,0,0,0,0,0,0,0,0,0,0,0,0,0,0,0,0,0,0.00,0,0.00,0.00
세탁기_커피소구_01,4640746,세탁기_트래픽_구독 페스티벌,1628465,2026.10.06.,네이버+ > 피드,알 수 없음,98,20,4885,1,98,5.00,0,0,0,0,0,0,0,0,0,0,0,0,0,0,0,0,0,0,0,0,0,0,0,0,0,0,0,0,0,0,0,0,0,0,0,0,0,0,0,0,0,0,0,0,0,0,0.00,0,0.00,0.00
세탁기_커피소구_01,4640746,세탁기_트래픽_구독 페스티벌,1628465,2026.10.06.,네이버+ > 네이버 메인,19세 ~ 24세 여성,0,154,0,0,0,0.00,0,0,0,0,0,0,0,0,0,0,0,0,0,0,0,0,0,0,0,0,0,0,0,0,0,0,0,0,0,0,0,0,0,0,0,0,0,0,0,0,0,0,0,0,0,0,0.00,0,0.00,0.00
세탁기_커피소구_01,4640746,세탁기_트래픽_구독 페스티벌,1628465,2026.10.06.,네이버+ > 네이버 메인,25세 ~ 29세 여성,0,45,0,0,0,0.00,0,0,0,0,0,0,0,0,0,0,0,0,0,0,0,0,0,0,0,0,0,0,0,0,0,0,0,0,0,0,0,0,0,0,0,0,0,0,0,0,0,0,0,0,0,0,0.00,0,0.00,0.00
세탁기_커피소구_01,4640746,세탁기_트래픽_구독 페스티벌,1628465,2026.10.06.,네이버+ > 네이버 메인,30세 ~ 34세 여성,0,9,0,0,0,0.00,0,0,0,0,0,0,0,0,0,0,0,0,0,0,0,0,0,0,0,0,0,0,0,0,0,0,0,0,0,0,0,0,0,0,0,0,0,0,0,0,0,0,0,0,0,0,0.00,0,0.00,0.00
세탁기_커피소구_01,4640746,세탁기_트래픽_구독 페스티벌,1628465,2026.10.06.,네이버+ > 네이버 메인,35세 ~ 39세 여성,0,13,0,0,0,0.00,0,0,0,0,0,0,0,0,0,0,0,0,0,0,0,0,0,0,0,0,0,0,0,0,0,0,0,0,0,0,0,0,0,0,0,0,0,0,0,0,0,0,0,0,0,0,0.00,0,0.00,0.00
세탁기_커피소구_01,4640746,세탁기_트래픽_구독 페스티벌,1628465,2026.10.06.,네이버+ > 네이버 메인,40세 ~ 44세 여성,0,15,0,0,0,0.00,0,0,0,0,0,0,0,0,0,0,0,0,0,0,0,0,0,0,0,0,0,0,0,0,0,0,0,0,0,0,0,0,0,0,0,0,0,0,0,0,0,0,0,0,0,0,0.00,0,0.00,0.00
세탁기_커피소구_01,4640746,세탁기_트래픽_구독 페스티벌,1628465,2026.10.06.,네이버+ > 네이버 메인,45세 ~ 49세 여성,0,8,0,0,0,0.00,0,0,0,0,0,0,0,0,0,0,0,0,0,0,0,0,0,0,0,0,0,0,0,0,0,0,0,0,0,0,0,0,0,0,0,0,0,0,0,0,0,0,0,0,0,0,0.00,0,0.00,0.00
세탁기_커피소구_01,4640746,세탁기_트래픽_구독 페스티벌,1628465,2026.10.06.,네이버+ > 네이버 메인,"연령 알 수 없음 여성 ",0,66,0,0,0,0.00,0,0,0,0,0,0,0,0,0,0,0,0,0,0,0,0,0,0,0,0,0,0,0,0,0,0,0,0,0,0,0,0,0,0,0,0,0,0,0,0,0,0,0,0,0,0,0.00,0,0.00,0.00
세탁기_커피소구_01,4640746,세탁기_트래픽_구독 페스티벌,1628465,2026.10.06.,네이버+ > 네이버 메인,19세 ~ 24세 남성,0,311,0,0,0,0.00,0,0,0,0,0,0,0,0,0,0,0,0,0,0,0,0,0,0,0,0,0,0,0,0,0,0,0,0,0,0,0,0,0,0,0,0,0,0,0,0,0,0,0,0,0,0,0.00,0,0.00,0.00
세탁기_커피소구_01,4640746,세탁기_트래픽_구독 페스티벌,1628465,2026.10.06.,네이버+ > 네이버 메인,25세 ~ 29세 남성,0,219,0,0,0,0.00,0,0,0,0,0,0,0,0,0,0,0,0,0,0,0,0,0,0,0,0,0,0,0,0,0,0,0,0,0,0,0,0,0,0,0,0,0,0,0,0,0,0,0,0,0,0,0.00,0,0.00,0.00
세탁기_커피소구_01,4640746,세탁기_트래픽_구독 페스티벌,1628465,2026.10.06.,네이버+ > 네이버 메인,30세 ~ 34세 남성,0,95,0,0,0,0.00,0,0,0,0,0,0,0,0,0,0,0,0,0,0,0,0,0,0,0,0,0,0,0,0,0,0,0,0,0,0,0,0,0,0,0,0,0,0,0,0,0,0,0,0,0,0,0.00,0,0.00,0.00
세탁기_커피소구_01,4640746,세탁기_트래픽_구독 페스티벌,1628465,2026.10.06.,네이버+ > 네이버 메인,35세 ~ 39세 남성,0,114,0,0,0,0.00,0,0,0,0,0,0,0,0,0,0,0,0,0,0,0,0,0,0,0,0,0,0,0,0,0,0,0,0,0,0,0,0,0,0,0,0,0,0,0,0,0,0,0,0,0,0,0.00,0,0.00,0.00
세탁기_커피소구_01,4640746,세탁기_트래픽_구독 페스티벌,1628465,2026.10.06.,네이버+ > 네이버 메인,40세 ~ 44세 남성,0,101,0,0,0,0.00,0,0,0,0,0,0,0,0,0,0,0,0,0,0,0,0,0,0,0,0,0,0,0,0,0,0,0,0,0,0,0,0,0,0,0,0,0,0,0,0,0,0,0,0,0,0,0.00,0,0.00,0.00
세탁기_커피소구_01,4640746,세탁기_트래픽_구독 페스티벌,1628465,2026.10.06.,네이버+ > 네이버 메인,45세 ~ 49세 남성,0,127,0,0,0,0.00,0,0,0,0,0,0,0,0,0,0,0,0,0,0,0,0,0,0,0,0,0,0,0,0,0,0,0,0,0,0,0,0,0,0,0,0,0,0,0,0,0,0,0,0,0,0,0.00,0,0.00,0.00
세탁기_커피소구_01,4640746,세탁기_트래픽_구독 페스티벌,1628465,2026.10.06.,네이버+ > 네이버 메인,연령 알 수 없음 남성,136,272,501,1,136,0.37,0,0,0,0,0,0,0,0,0,0,0,0,0,0,0,0,0,0,0,0,0,0,0,0,0,0,0,0,0,0,0,0,0,0,0,0,0,0,0,0,0,0,0,0,0,0,0.00,0,0.00,0.00
세탁기_커피소구_01,4640746,세탁기_트래픽_구독 페스티벌,1628465,2026.10.06.,네이버+ > 네이버 메인,19세 ~ 24세 성별 알 수 없음,0,13,0,0,0,0.00,0,0,0,0,0,0,0,0,0,0,0,0,0,0,0,0,0,0,0,0,0,0,0,0,0,0,0,0,0,0,0,0,0,0,0,0,0,0,0,0,0,0,0,0,0,0,0.00,0,0.00,0.00
세탁기_커피소구_01,4640746,세탁기_트래픽_구독 페스티벌,1628465,2026.10.06.,네이버+ > 네이버 메인,30세 ~ 34세 성별 알 수 없음,0,2,0,0,0,0.00,0,0,0,0,0,0,0,0,0,0,0,0,0,0,0,0,0,0,0,0,0,0,0,0,0,0,0,0,0,0,0,0,0,0,0,0,0,0,0,0,0,0,0,0,0,0,0.00,0,0.00,0.00
세탁기_커피소구_01,4640746,세탁기_트래픽_구독 페스티벌,1628465,2026.10.06.,네이버+ > 네이버 메인,알 수 없음,0,825,0,0,0,0.00,0,0,0,0,0,0,0,0,0,0,0,0,0,0,0,0,0,0,0,0,0,0,0,0,0,0,0,0,0,0,0,0,0,0,0,0,0,0,0,0,0,0,0,0,0,0,0.00,0,0.00,0.00
세탁기_커피소구_01,4640746,세탁기_트래픽_구독 페스티벌,1628465,2026.10.06.,네이버+ > 서비스 통합,19세 ~ 24세 여성,0,229,0,0,0,0.00,0,0,0,0,0,0,0,0,0,0,0,0,0,0,0,0,0,0,0,0,0,0,0,0,0,0,0,0,0,0,0,0,0,0,0,0,0,0,0,0,0,0,0,0,0,0,0.00,0,0.00,0.00
세탁기_커피소구_01,4640746,세탁기_트래픽_구독 페스티벌,1628465,2026.10.06.,네이버+ > 서비스 통합,25세 ~ 29세 여성,0,84,0,0,0,0.00,0,0,0,0,0,0,0,0,0,0,0,0,0,0,0,0,0,0,0,0,0,0,0,0,0,0,0,0,0,0,0,0,0,0,0,0,0,0,0,0,0,0,0,0,0,0,0.00,0,0.00,0.00
세탁기_커피소구_01,4640746,세탁기_트래픽_구독 페스티벌,1628465,2026.10.06.,네이버+ > 서비스 통합,30세 ~ 34세 여성,0,16,0,0,0,0.00,0,0,0,0,0,0,0,0,0,0,0,0,0,0,0,0,0,0,0,0,0,0,0,0,0,0,0,0,0,0,0,0,0,0,0,0,0,0,0,0,0,0,0,0,0,0,0.00,0,0.00,0.00
세탁기_커피소구_01,4640746,세탁기_트래픽_구독 페스티벌,1628465,2026.10.06.,네이버+ > 서비스 통합,35세 ~ 39세 여성,0,31,0,0,0,0.00,0,0,0,0,0,0,0,0,0,0,0,0,0,0,0,0,0,0,0,0,0,0,0,0,0,0,0,0,0,0,0,0,0,0,0,0,0,0,0,0,0,0,0,0,0,0,0.00,0,0.00,0.00
세탁기_커피소구_01,4640746,세탁기_트래픽_구독 페스티벌,1628465,2026.10.06.,네이버+ > 서비스 통합,40세 ~ 44세 여성,0,44,0,0,0,0.00,0,0,0,0,0,0,0,0,0,0,0,0,0,0,0,0,0,0,0,0,0,0,0,0,0,0,0,0,0,0,0,0,0,0,0,0,0,0,0,0,0,0,0,0,0,0,0.00,0,0.00,0.00
세탁기_커피소구_01,4640746,세탁기_트래픽_구독 페스티벌,1628465,2026.10.06.,네이버+ > 서비스 통합,45세 ~ 49세 여성,0,31,0,0,0,0.00,0,0,0,0,0,0,0,0,0,0,0,0,0,0,0,0,0,0,0,0,0,0,0,0,0,0,0,0,0,0,0,0,0,0,0,0,0,0,0,0,0,0,0,0,0,0,0.00,0,0.00,0.00
세탁기_커피소구_01,4640746,세탁기_트래픽_구독 페스티벌,1628465,2026.10.06.,네이버+ > 서비스 통합,"연령 알 수 없음 여성 ",0,61,0,0,0,0.00,0,0,0,0,0,0,0,0,0,0,0,0,0,0,0,0,0,0,0,0,0,0,0,0,0,0,0,0,0,0,0,0,0,0,0,0,0,0,0,0,0,0,0,0,0,0,0.00,0,0.00,0.00
세탁기_커피소구_01,4640746,세탁기_트래픽_구독 페스티벌,1628465,2026.10.06.,네이버+ > 서비스 통합,19세 ~ 24세 남성,75,665,113,1,75,0.15,0,0,0,0,0,0,0,0,0,0,0,0,0,0,0,0,0,0,0,0,0,0,0,0,0,0,0,0,0,0,0,0,0,0,0,0,0,0,0,0,0,0,0,0,0,0,0.00,0,0.00,0.00
세탁기_커피소구_01,4640746,세탁기_트래픽_구독 페스티벌,1628465,2026.10.06.,네이버+ > 서비스 통합,25세 ~ 29세 남성,0,367,0,0,0,0.00,0,0,0,0,0,0,0,0,0,0,0,0,0,0,0,0,0,0,0,0,0,0,0,0,0,0,0,0,0,0,0,0,0,0,0,0,0,0,0,0,0,0,0,0,0,0,0.00,0,0.00,0.00
세탁기_커피소구_01,4640746,세탁기_트래픽_구독 페스티벌,1628465,2026.10.06.,네이버+ > 서비스 통합,30세 ~ 34세 남성,0,142,0,0,0,0.00,0,0,0,0,0,0,0,0,0,0,0,0,0,0,0,0,0,0,0,0,0,0,0,0,0,0,0,0,0,0,0,0,0,0,0,0,0,0,0,0,0,0,0,0,0,0,0.00,0,0.00,0.00
세탁기_커피소구_01,4640746,세탁기_트래픽_구독 페스티벌,1628465,2026.10.06.,네이버+ > 서비스 통합,35세 ~ 39세 남성,0,148,0,0,0,0.00,0,0,0,0,0,0,0,0,0,0,0,0,0,0,0,0,0,0,0,0,0,0,0,0,0,0,0,0,0,0,0,0,0,0,0,0,0,0,0,0,0,0,0,0,0,0,0.00,0,0.00,0.00
세탁기_커피소구_01,4640746,세탁기_트래픽_구독 페스티벌,1628465,2026.10.06.,네이버+ > 서비스 통합,40세 ~ 44세 남성,0,113,0,0,0,0.00,0,0,0,0,0,0,0,0,0,0,0,0,0,0,0,0,0,0,0,0,0,0,0,0,0,0,0,0,0,0,0,0,0,0,0,0,0,0,0,0,0,0,0,0,0,0,0.00,0,0.00,0.00
세탁기_커피소구_01,4640746,세탁기_트래픽_구독 페스티벌,1628465,2026.10.06.,네이버+ > 서비스 통합,45세 ~ 49세 남성,0,138,0,0,0,0.00,0,0,0,0,0,0,0,0,0,0,0,0,0,0,0,0,0,0,0,0,0,0,0,0,0,0,0,0,0,0,0,0,0,0,0,0,0,0,0,0,0,0,0,0,0,0,0.00,0,0.00,0.00
세탁기_커피소구_01,4640746,세탁기_트래픽_구독 페스티벌,1628465,2026.10.06.,네이버+ > 서비스 통합,연령 알 수 없음 남성,0,386,0,0,0,0.00,0,0,0,0,0,0,0,0,0,0,0,0,0,0,0,0,0,0,0,0,0,0,0,0,0,0,0,0,0,0,0,0,0,0,0,0,0,0,0,0,0,0,0,0,0,0,0.00,0,0.00,0.00
세탁기_커피소구_01,4640746,세탁기_트래픽_구독 페스티벌,1628465,2026.10.06.,네이버+ > 서비스 통합,19세 ~ 24세 성별 알 수 없음,0,10,0,0,0,0.00,0,0,0,0,0,0,0,0,0,0,0,0,0,0,0,0,0,0,0,0,0,0,0,0,0,0,0,0,0,0,0,0,0,0,0,0,0,0,0,0,0,0,0,0,0,0,0.00,0,0.00,0.00
세탁기_커피소구_01,4640746,세탁기_트래픽_구독 페스티벌,1628465,2026.10.06.,네이버+ > 서비스 통합,25세 ~ 29세 성별 알 수 없음,0,11,0,0,0,0.00,0,0,0,0,0,0,0,0,0,0,0,0,0,0,0,0,0,0,0,0,0,0,0,0,0,0,0,0,0,0,0,0,0,0,0,0,0,0,0,0,0,0,0,0,0,0,0.00,0,0.00,0.00
세탁기_커피소구_01,4640746,세탁기_트래픽_구독 페스티벌,1628465,2026.10.06.,네이버+ > 서비스 통합,30세 ~ 34세 성별 알 수 없음,0,4,0,0,0,0.00,0,0,0,0,0,0,0,0,0,0,0,0,0,0,0,0,0,0,0,0,0,0,0,0,0,0,0,0,0,0,0,0,0,0,0,0,0,0,0,0,0,0,0,0,0,0,0.00,0,0.00,0.00
세탁기_커피소구_01,4640746,세탁기_트래픽_구독 페스티벌,1628465,2026.10.06.,네이버+ > 서비스 통합,35세 ~ 39세 성별 알 수 없음,0,7,0,0,0,0.00,0,0,0,0,0,0,0,0,0,0,0,0,0,0,0,0,0,0,0,0,0,0,0,0,0,0,0,0,0,0,0,0,0,0,0,0,0,0,0,0,0,0,0,0,0,0,0.00,0,0.00,0.00
세탁기_커피소구_01,4640746,세탁기_트래픽_구독 페스티벌,1628465,2026.10.06.,네이버+ > 서비스 통합,45세 ~ 49세 성별 알 수 없음,0,3,0,0,0,0.00,0,0,0,0,0,0,0,0,0,0,0,0,0,0,0,0,0,0,0,0,0,0,0,0,0,0,0,0,0,0,0,0,0,0,0,0,0,0,0,0,0,0,0,0,0,0,0.00,0,0.00,0.00
세탁기_커피소구_01,4640746,세탁기_트래픽_구독 페스티벌,1628465,2026.10.06.,네이버+ > 서비스 통합,알 수 없음,223,4724,47,2,111,0.04,0,0,0,0,0,0,0,0,0,0,0,0,0,0,0,0,0,0,0,0,0,0,0,0,0,0,0,0,0,0,0,0,0,0,0,0,0,0,0,0,0,0,0,0,0,0,0.00,0,0.00,0.00
세탁기_커피소구_01,4640746,세탁기_트래픽_구독 페스티벌,1628465,2026.10.06.,네이버 퍼포먼스 네트워크 > 서비스 통합,19세 ~ 24세 여성,1001,5924,169,9,111,0.15,0,0,0,0,0,0,0,0,0,0,0,0,0,0,0,0,0,0,0,0,0,0,0,0,0,0,0,0,0,0,0,0,0,0,0,0,0,0,0,0,0,0,0,0,0,0,0.00,0,0.00,0.00
세탁기_커피소구_01,4640746,세탁기_트래픽_구독 페스티벌,1628465,2026.10.06.,네이버 퍼포먼스 네트워크 > 서비스 통합,25세 ~ 29세 여성,84,3998,21,1,84,0.03,0,0,0,0,0,0,0,0,0,0,0,0,0,0,0,0,0,0,0,0,0,0,0,0,0,0,0,0,0,0,0,0,0,0,0,0,0,0,0,0,0,0,0,0,0,0,0.00,0,0.00,0.00
세탁기_커피소구_01,4640746,세탁기_트래픽_구독 페스티벌,1628465,2026.10.06.,네이버 퍼포먼스 네트워크 > 서비스 통합,30세 ~ 34세 여성,323,3027,107,3,108,0.10,0,0,0,0,0,0,0,0,0,0,0,0,0,0,0,0,0,0,0,0,0,0,0,0,0,0,0,0,0,0,0,0,0,0,0,0,0,0,0,0,0,0,0,0,0,0,0.00,0,0.00,0.00
세탁기_커피소구_01,4640746,세탁기_트래픽_구독 페스티벌,1628465,2026.10.06.,네이버 퍼포먼스 네트워크 > 서비스 통합,35세 ~ 39세 여성,331,2859,116,3,110,0.10,0,0,0,0,0,0,0,0,0,0,0,0,0,0,0,0,0,0,0,0,0,0,0,0,0,0,0,0,0,0,0,0,0,0,0,0,0,0,0,0,0,0,0,0,0,0,0.00,0,0.00,0.00
세탁기_커피소구_01,4640746,세탁기_트래픽_구독 페스티벌,1628465,2026.10.06.,네이버 퍼포먼스 네트워크 > 서비스 통합,40세 ~ 44세 여성,1721,4182,411,15,115,0.36,0,0,0,0,0,0,0,0,0,0,0,0,0,0,0,0,0,0,0,0,0,0,0,0,0,0,0,0,0,0,0,0,0,0,0,0,0,0,0,0,0,0,0,0,0,0,0.00,0,0.00,0.00
세탁기_커피소구_01,4640746,세탁기_트래픽_구독 페스티벌,1628465,2026.10.06.,네이버 퍼포먼스 네트워크 > 서비스 통합,45세 ~ 49세 여성,11978,15544,771,102,117,0.66,0,0,0,0,0,0,0,0,0,0,0,0,0,0,0,0,0,0,0,0,0,0,0,0,0,0,0,0,0,0,0,0,0,0,0,0,0,0,0,0,0,0,0,0,0,0,0.00,0,0.00,0.00
세탁기_커피소구_01,4640746,세탁기_트래픽_구독 페스티벌,1628465,2026.10.06.,네이버 퍼포먼스 네트워크 > 서비스 통합,"연령 알 수 없음 여성 ",264,2335,113,2,132,0.09,0,0,0,0,0,0,0,0,0,0,0,0,0,0,0,0,0,0,0,0,0,0,0,0,0,0,0,0,0,0,0,0,0,0,0,0,0,0,0,0,0,0,0,0,0,0,0.00,0,0.00,0.00
세탁기_커피소구_01,4640746,세탁기_트래픽_구독 페스티벌,1628465,2026.10.06.,네이버 퍼포먼스 네트워크 > 서비스 통합,19세 ~ 24세 남성,2492,16348,152,23,108,0.14,0,0,0,0,0,0,0,0,0,0,0,0,0,0,0,0,0,0,0,0,0,0,0,0,0,0,0,0,0,0,0,0,0,0,0,0,0,0,0,0,0,0,0,0,0,0,0.00,0,0.00,0.00
세탁기_커피소구_01,4640746,세탁기_트래픽_구독 페스티벌,1628465,2026.10.06.,네이버 퍼포먼스 네트워크 > 서비스 통합,25세 ~ 29세 남성,1420,20610,69,13,109,0.06,0,0,0,0,0,0,0,0,0,0,0,0,0,0,0,0,0,0,0,0,0,0,0,0,0,0,0,0,0,0,0,0,0,0,0,0,0,0,0,0,0,0,0,0,0,0,0.00,0,0.00,0.00
세탁기_커피소구_01,4640746,세탁기_트래픽_구독 페스티벌,1628465,2026.10.06.,네이버 퍼포먼스 네트워크 > 서비스 통합,30세 ~ 34세 남성,1204,20326,59,11,109,0.05,0,0,0,0,0,0,0,0,0,0,0,0,0,0,0,0,0,0,0,0,0,0,0,0,0,0,0,0,0,0,0,0,0,0,0,0,0,0,0,0,0,0,0,0,0,0,0.00,0,0.00,0.00
세탁기_커피소구_01,4640746,세탁기_트래픽_구독 페스티벌,1628465,2026.10.06.,네이버 퍼포먼스 네트워크 > 서비스 통합,35세 ~ 39세 남성,878,14309,61,8,110,0.06,0,0,0,0,0,0,0,0,0,0,0,0,0,0,0,0,0,0,0,0,0,0,0,0,0,0,0,0,0,0,0,0,0,0,0,0,0,0,0,0,0,0,0,0,0,0,0.00,0,0.00,0.00
세탁기_커피소구_01,4640746,세탁기_트래픽_구독 페스티벌,1628465,2026.10.06.,네이버 퍼포먼스 네트워크 > 서비스 통합,40세 ~ 44세 남성,2364,11148,212,22,107,0.20,0,0,0,0,0,0,0,0,0,0,0,0,0,0,0,0,0,0,0,0,0,0,0,0,0,0,0,0,0,0,0,0,0,0,0,0,0,0,0,0,0,0,0,0,0,0,0.00,0,0.00,0.00
세탁기_커피소구_01,4640746,세탁기_트래픽_구독 페스티벌,1628465,2026.10.06.,네이버 퍼포먼스 네트워크 > 서비스 통합,45세 ~ 49세 남성,5746,12164,472,49,117,0.40,0,0,0,0,0,0,0,0,0,0,0,0,0,0,0,0,0,0,0,0,0,0,0,0,0,0,0,0,0,0,0,0,0,0,0,0,0,0,0,0,0,0,0,0,0,0,0.00,0,0.00,0.00
세탁기_커피소구_01,4640746,세탁기_트래픽_구독 페스티벌,1628465,2026.10.06.,네이버 퍼포먼스 네트워크 > 서비스 통합,연령 알 수 없음 남성,1051,17992,58,9,117,0.05,0,0,0,0,0,0,0,0,0,0,0,0,0,0,0,0,0,0,0,0,0,0,0,0,0,0,0,0,0,0,0,0,0,0,0,0,0,0,0,0,0,0,0,0,0,0,0.00,0,0.00,0.00
세탁기_커피소구_01,4640746,세탁기_트래픽_구독 페스티벌,1628465,2026.10.06.,네이버 퍼포먼스 네트워크 > 서비스 통합,19세 ~ 24세 성별 알 수 없음,0,376,0,0,0,0.00,0,0,0,0,0,0,0,0,0,0,0,0,0,0,0,0,0,0,0,0,0,0,0,0,0,0,0,0,0,0,0,0,0,0,0,0,0,0,0,0,0,0,0,0,0,0,0.00,0,0.00,0.00
세탁기_커피소구_01,4640746,세탁기_트래픽_구독 페스티벌,1628465,2026.10.06.,네이버 퍼포먼스 네트워크 > 서비스 통합,25세 ~ 29세 성별 알 수 없음,0,540,0,0,0,0.00,0,0,0,0,0,0,0,0,0,0,0,0,0,0,0,0,0,0,0,0,0,0,0,0,0,0,0,0,0,0,0,0,0,0,0,0,0,0,0,0,0,0,0,0,0,0,0.00,0,0.00,0.00
세탁기_커피소구_01,4640746,세탁기_트래픽_구독 페스티벌,1628465,2026.10.06.,네이버 퍼포먼스 네트워크 > 서비스 통합,30세 ~ 34세 성별 알 수 없음,0,437,0,0,0,0.00,0,0,0,0,0,0,0,0,0,0,0,0,0,0,0,0,0,0,0,0,0,0,0,0,0,0,0,0,0,0,0,0,0,0,0,0,0,0,0,0,0,0,0,0,0,0,0.00,0,0.00,0.00
세탁기_커피소구_01,4640746,세탁기_트래픽_구독 페스티벌,1628465,2026.10.06.,네이버 퍼포먼스 네트워크 > 서비스 통합,35세 ~ 39세 성별 알 수 없음,0,351,0,0,0,0.00,0,0,0,0,0,0,0,0,0,0,0,0,0,0,0,0,0,0,0,0,0,0,0,0,0,0,0,0,0,0,0,0,0,0,0,0,0,0,0,0,0,0,0,0,0,0,0.00,0,0.00,0.00
세탁기_커피소구_01,4640746,세탁기_트래픽_구독 페스티벌,1628465,2026.10.06.,네이버 퍼포먼스 네트워크 > 서비스 통합,40세 ~ 44세 성별 알 수 없음,0,269,0,0,0,0.00,0,0,0,0,0,0,0,0,0,0,0,0,0,0,0,0,0,0,0,0,0,0,0,0,0,0,0,0,0,0,0,0,0,0,0,0,0,0,0,0,0,0,0,0,0,0,0.00,0,0.00,0.00
세탁기_커피소구_01,4640746,세탁기_트래픽_구독 페스티벌,1628465,2026.10.06.,네이버 퍼포먼스 네트워크 > 서비스 통합,45세 ~ 49세 성별 알 수 없음,0,195,0,0,0,0.00,0,0,0,0,0,0,0,0,0,0,0,0,0,0,0,0,0,0,0,0,0,0,0,0,0,0,0,0,0,0,0,0,0,0,0,0,0,0,0,0,0,0,0,0,0,0,0.00,0,0.00,0.00
세탁기_커피소구_01,4640746,세탁기_트래픽_구독 페스티벌,1628465,2026.10.06.,네이버 퍼포먼스 네트워크 > 서비스 통합,알 수 없음,4329,18523,234,38,114,0.21,0,0,0,0,0,0,0,0,0,0,0,0,0,0,0,0,0,0,0,0,0,0,0,0,0,0,0,0,0,0,0,0,0,0,0,0,0,0,0,0,0,0,0,0,0,0,0.00,0,0.00,0.00
세탁기_커피소구_01,4640746,세탁기_트래픽_구독 페스티벌,1628465,2026.10.06.,네이버 퍼포먼스 네트워크 > 피드,35세 ~ 39세 여성,0,1,0,0,0,0.00,0,0,0,0,0,0,0,0,0,0,0,0,0,0,0,0,0,0,0,0,0,0,0,0,0,0,0,0,0,0,0,0,0,0,0,0,0,0,0,0,0,0,0,0,0,0,0.00,0,0.00,0.00
세탁기_커피소구_01,4640746,세탁기_트래픽_구독 페스티벌,1628465,2026.10.06.,네이버 퍼포먼스 네트워크 > 피드,40세 ~ 44세 여성,0,4,0,0,0,0.00,0,0,0,0,0,0,0,0,0,0,0,0,0,0,0,0,0,0,0,0,0,0,0,0,0,0,0,0,0,0,0,0,0,0,0,0,0,0,0,0,0,0,0,0,0,0,0.00,0,0.00,0.00
세탁기_커피소구_01,4640746,세탁기_트래픽_구독 페스티벌,1628465,2026.10.06.,네이버 퍼포먼스 네트워크 > 피드,45세 ~ 49세 여성,0,47,0,0,0,0.00,0,0,0,0,0,0,0,0,0,0,0,0,0,0,0,0,0,0,0,0,0,0,0,0,0,0,0,0,0,0,0,0,0,0,0,0,0,0,0,0,0,0,0,0,0,0,0.00,0,0.00,0.00
세탁기_커피소구_01,4640746,세탁기_트래픽_구독 페스티벌,1628465,2026.10.06.,네이버 퍼포먼스 네트워크 > 피드,"연령 알 수 없음 여성 ",0,1,0,0,0,0.00,0,0,0,0,0,0,0,0,0,0,0,0,0,0,0,0,0,0,0,0,0,0,0,0,0,0,0,0,0,0,0,0,0,0,0,0,0,0,0,0,0,0,0,0,0,0,0.00,0,0.00,0.00
세탁기_커피소구_01,4640746,세탁기_트래픽_구독 페스티벌,1628465,2026.10.06.,네이버 퍼포먼스 네트워크 > 피드,19세 ~ 24세 남성,0,1,0,0,0,0.00,0,0,0,0,0,0,0,0,0,0,0,0,0,0,0,0,0,0,0,0,0,0,0,0,0,0,0,0,0,0,0,0,0,0,0,0,0,0,0,0,0,0,0,0,0,0,0.00,0,0.00,0.00
세탁기_커피소구_01,4640746,세탁기_트래픽_구독 페스티벌,1628465,2026.10.06.,네이버 퍼포먼스 네트워크 > 피드,30세 ~ 34세 남성,0,1,0,0,0,0.00,0,0,0,0,0,0,0,0,0,0,0,0,0,0,0,0,0,0,0,0,0,0,0,0,0,0,0,0,0,0,0,0,0,0,0,0,0,0,0,0,0,0,0,0,0,0,0.00,0,0.00,0.00
세탁기_커피소구_01,4640746,세탁기_트래픽_구독 페스티벌,1628465,2026.10.06.,네이버 퍼포먼스 네트워크 > 피드,35세 ~ 39세 남성,0,1,0,0,0,0.00,0,0,0,0,0,0,0,0,0,0,0,0,0,0,0,0,0,0,0,0,0,0,0,0,0,0,0,0,0,0,0,0,0,0,0,0,0,0,0,0,0,0,0,0,0,0,0.00,0,0.00,0.00
세탁기_커피소구_01,4640746,세탁기_트래픽_구독 페스티벌,1628465,2026.10.06.,네이버 퍼포먼스 네트워크 > 피드,40세 ~ 44세 남성,0,2,0,0,0,0.00,0,0,0,0,0,0,0,0,0,0,0,0,0,0,0,0,0,0,0,0,0,0,0,0,0,0,0,0,0,0,0,0,0,0,0,0,0,0,0,0,0,0,0,0,0,0,0.00,0,0.00,0.00
세탁기_커피소구_01,4640746,세탁기_트래픽_구독 페스티벌,1628465,2026.10.06.,네이버 퍼포먼스 네트워크 > 피드,45세 ~ 49세 남성,0,24,0,0,0,0.00,0,0,0,0,0,0,0,0,0,0,0,0,0,0,0,0,0,0,0,0,0,0,0,0,0,0,0,0,0,0,0,0,0,0,0,0,0,0,0,0,0,0,0,0,0,0,0.00,0,0.00,0.00
세탁기_커피소구_01,4640746,세탁기_트래픽_구독 페스티벌,1628465,2026.10.06.,네이버 퍼포먼스 네트워크 > 피드,알 수 없음,0,9,0,0,0,0.00,0,0,0,0,0,0,0,0,0,0,0,0,0,0,0,0,0,0,0,0,0,0,0,0,0,0,0,0,0,0,0,0,0,0,0,0,0,0,0,0,0,0,0,0,0,0,0.00,0,0.00,0.00
세탁기_커피소구_01,4640746,세탁기_트래픽_구독 페스티벌,1628465,2026.10.05.,네이버+ > 피드,25세 ~ 29세 여성,0,9,0,0,0,0.00,0,0,0,0,0,0,0,0,0,0,0,0,0,0,0,0,0,0,0,0,0,0,0,0,0,0,0,0,0,0,0,0,0,0,0,0,0,0,0,0,0,0,0,0,0,0,0.00,0,0.00,0.00
세탁기_커피소구_01,4640746,세탁기_트래픽_구독 페스티벌,1628465,2026.10.05.,네이버+ > 피드,30세 ~ 34세 여성,0,7,0,0,0,0.00,0,0,0,0,0,0,0,0,0,0,0,0,0,0,0,0,0,0,0,0,0,0,0,0,0,0,0,0,0,0,0,0,0,0,0,0,0,0,0,0,0,0,0,0,0,0,0.00,0,0.00,0.00
세탁기_커피소구_01,4640746,세탁기_트래픽_구독 페스티벌,1628465,2026.10.05.,네이버+ > 피드,35세 ~ 39세 여성,0,3,0,0,0,0.00,0,0,0,0,0,0,0,0,0,0,0,0,0,0,0,0,0,0,0,0,0,0,0,0,0,0,0,0,0,0,0,0,0,0,0,0,0,0,0,0,0,0,0,0,0,0,0.00,0,0.00,0.00
세탁기_커피소구_01,4640746,세탁기_트래픽_구독 페스티벌,1628465,2026.10.05.,네이버+ > 피드,40세 ~ 44세 여성,0,6,0,0,0,0.00,0,0,0,0,0,0,0,0,0,0,0,0,0,0,0,0,0,0,0,0,0,0,0,0,0,0,0,0,0,0,0,0,0,0,0,0,0,0,0,0,0,0,0,0,0,0,0.00,0,0.00,0.00
세탁기_커피소구_01,4640746,세탁기_트래픽_구독 페스티벌,1628465,2026.10.05.,네이버+ > 피드,45세 ~ 49세 여성,0,9,0,0,0,0.00,0,0,0,0,0,0,0,0,0,0,0,0,0,0,0,0,0,0,0,0,0,0,0,0,0,0,0,0,0,0,0,0,0,0,0,0,0,0,0,0,0,0,0,0,0,0,0.00,0,0.00,0.00
세탁기_커피소구_01,4640746,세탁기_트래픽_구독 페스티벌,1628465,2026.10.05.,네이버+ > 피드,19세 ~ 24세 남성,0,2,0,0,0,0.00,0,0,0,0,0,0,0,0,0,0,0,0,0,0,0,0,0,0,0,0,0,0,0,0,0,0,0,0,0,0,0,0,0,0,0,0,0,0,0,0,0,0,0,0,0,0,0.00,0,0.00,0.00
세탁기_커피소구_01,4640746,세탁기_트래픽_구독 페스티벌,1628465,2026.10.05.,네이버+ > 피드,25세 ~ 29세 남성,0,4,0,0,0,0.00,0,0,0,0,0,0,0,0,0,0,0,0,0,0,0,0,0,0,0,0,0,0,0,0,0,0,0,0,0,0,0,0,0,0,0,0,0,0,0,0,0,0,0,0,0,0,0.00,0,0.00,0.00
세탁기_커피소구_01,4640746,세탁기_트래픽_구독 페스티벌,1628465,2026.10.05.,네이버+ > 피드,30세 ~ 34세 남성,0,2,0,0,0,0.00,0,0,0,0,0,0,0,0,0,0,0,0,0,0,0,0,0,0,0,0,0,0,0,0,0,0,0,0,0,0,0,0,0,0,0,0,0,0,0,0,0,0,0,0,0,0,0.00,0,0.00,0.00
세탁기_커피소구_01,4640746,세탁기_트래픽_구독 페스티벌,1628465,2026.10.05.,네이버+ > 피드,35세 ~ 39세 남성,0,5,0,0,0,0.00,0,0,0,0,0,0,0,0,0,0,0,0,0,0,0,0,0,0,0,0,0,0,0,0,0,0,0,0,0,0,0,0,0,0,0,0,0,0,0,0,0,0,0,0,0,0,0.00,0,0.00,0.00
세탁기_커피소구_01,4640746,세탁기_트래픽_구독 페스티벌,1628465,2026.10.05.,네이버+ > 피드,40세 ~ 44세 남성,0,4,0,0,0,0.00,0,0,0,0,0,0,0,0,0,0,0,0,0,0,0,0,0,0,0,0,0,0,0,0,0,0,0,0,0,0,0,0,0,0,0,0,0,0,0,0,0,0,0,0,0,0,0.00,0,0.00,0.00
세탁기_커피소구_01,4640746,세탁기_트래픽_구독 페스티벌,1628465,2026.10.05.,네이버+ > 피드,45세 ~ 49세 남성,0,16,0,0,0,0.00,0,0,0,0,0,0,0,0,0,0,0,0,0,0,0,0,0,0,0,0,0,0,0,0,0,0,0,0,0,0,0,0,0,0,0,0,0,0,0,0,0,0,0,0,0,0,0.00,0,0.00,0.00
세탁기_커피소구_01,4640746,세탁기_트래픽_구독 페스티벌,1628465,2026.10.05.,네이버+ > 피드,연령 알 수 없음 남성,0,5,0,0,0,0.00,0,0,0,0,0,0,0,0,0,0,0,0,0,0,0,0,0,0,0,0,0,0,0,0,0,0,0,0,0,0,0,0,0,0,0,0,0,0,0,0,0,0,0,0,0,0,0.00,0,0.00,0.00
세탁기_커피소구_01,4640746,세탁기_트래픽_구독 페스티벌,1628465,2026.10.05.,네이버+ > 피드,알 수 없음,106,31,3409,1,106,3.23,0,0,0,0,0,0,0,0,0,0,0,0,0,0,0,0,0,0,0,0,0,0,0,0,0,0,0,0,0,0,0,0,0,0,0,0,0,0,0,0,0,0,0,0,0,0,0.00,0,0.00,0.00
세탁기_커피소구_01,4640746,세탁기_트래픽_구독 페스티벌,1628465,2026.10.05.,네이버+ > 네이버 메인,19세 ~ 24세 여성,0,23,0,0,0,0.00,0,0,0,0,0,0,0,0,0,0,0,0,0,0,0,0,0,0,0,0,0,0,0,0,0,0,0,0,0,0,0,0,0,0,0,0,0,0,0,0,0,0,0,0,0,0,0.00,0,0.00,0.00
세탁기_커피소구_01,4640746,세탁기_트래픽_구독 페스티벌,1628465,2026.10.05.,네이버+ > 네이버 메인,25세 ~ 29세 여성,0,7,0,0,0,0.00,0,0,0,0,0,0,0,0,0,0,0,0,0,0,0,0,0,0,0,0,0,0,0,0,0,0,0,0,0,0,0,0,0,0,0,0,0,0,0,0,0,0,0,0,0,0,0.00,0,0.00,0.00
세탁기_커피소구_01,4640746,세탁기_트래픽_구독 페스티벌,1628465,2026.10.05.,네이버+ > 네이버 메인,30세 ~ 34세 여성,0,10,0,0,0,0.00,0,0,0,0,0,0,0,0,0,0,0,0,0,0,0,0,0,0,0,0,0,0,0,0,0,0,0,0,0,0,0,0,0,0,0,0,0,0,0,0,0,0,0,0,0,0,0.00,0,0.00,0.00
세탁기_커피소구_01,4640746,세탁기_트래픽_구독 페스티벌,1628465,2026.10.05.,네이버+ > 네이버 메인,35세 ~ 39세 여성,0,6,0,0,0,0.00,0,0,0,0,0,0,0,0,0,0,0,0,0,0,0,0,0,0,0,0,0,0,0,0,0,0,0,0,0,0,0,0,0,0,0,0,0,0,0,0,0,0,0,0,0,0,0.00,0,0.00,0.00
세탁기_커피소구_01,4640746,세탁기_트래픽_구독 페스티벌,1628465,2026.10.05.,네이버+ > 네이버 메인,40세 ~ 44세 여성,0,7,0,0,0,0.00,0,0,0,0,0,0,0,0,0,0,0,0,0,0,0,0,0,0,0,0,0,0,0,0,0,0,0,0,0,0,0,0,0,0,0,0,0,0,0,0,0,0,0,0,0,0,0.00,0,0.00,0.00
세탁기_커피소구_01,4640746,세탁기_트래픽_구독 페스티벌,1628465,2026.10.05.,네이버+ > 네이버 메인,45세 ~ 49세 여성,0,3,0,0,0,0.00,0,0,0,0,0,0,0,0,0,0,0,0,0,0,0,0,0,0,0,0,0,0,0,0,0,0,0,0,0,0,0,0,0,0,0,0,0,0,0,0,0,0,0,0,0,0,0.00,0,0.00,0.00
세탁기_커피소구_01,4640746,세탁기_트래픽_구독 페스티벌,1628465,2026.10.05.,네이버+ > 네이버 메인,"연령 알 수 없음 여성 ",0,2,0,0,0,0.00,0,0,0,0,0,0,0,0,0,0,0,0,0,0,0,0,0,0,0,0,0,0,0,0,0,0,0,0,0,0,0,0,0,0,0,0,0,0,0,0,0,0,0,0,0,0,0.00,0,0.00,0.00
세탁기_커피소구_01,4640746,세탁기_트래픽_구독 페스티벌,1628465,2026.10.05.,네이버+ > 네이버 메인,19세 ~ 24세 남성,0,199,0,0,0,0.00,0,0,0,0,0,0,0,0,0,0,0,0,0,0,0,0,0,0,0,0,0,0,0,0,0,0,0,0,0,0,0,0,0,0,0,0,0,0,0,0,0,0,0,0,0,0,0.00,0,0.00,0.00
세탁기_커피소구_01,4640746,세탁기_트래픽_구독 페스티벌,1628465,2026.10.05.,네이버+ > 네이버 메인,25세 ~ 29세 남성,0,164,0,0,0,0.00,0,0,0,0,0,0,0,0,0,0,0,0,0,0,0,0,0,0,0,0,0,0,0,0,0,0,0,0,0,0,0,0,0,0,0,0,0,0,0,0,0,0,0,0,0,0,0.00,0,0.00,0.00
세탁기_커피소구_01,4640746,세탁기_트래픽_구독 페스티벌,1628465,2026.10.05.,네이버+ > 네이버 메인,30세 ~ 34세 남성,0,104,0,0,0,0.00,0,0,0,0,0,0,0,0,0,0,0,0,0,0,0,0,0,0,0,0,0,0,0,0,0,0,0,0,0,0,0,0,0,0,0,0,0,0,0,0,0,0,0,0,0,0,0.00,0,0.00,0.00
세탁기_커피소구_01,4640746,세탁기_트래픽_구독 페스티벌,1628465,2026.10.05.,네이버+ > 네이버 메인,35세 ~ 39세 남성,0,129,0,0,0,0.00,0,0,0,0,0,0,0,0,0,0,0,0,0,0,0,0,0,0,0,0,0,0,0,0,0,0,0,0,0,0,0,0,0,0,0,0,0,0,0,0,0,0,0,0,0,0,0.00,0,0.00,0.00
세탁기_커피소구_01,4640746,세탁기_트래픽_구독 페스티벌,1628465,2026.10.05.,네이버+ > 네이버 메인,40세 ~ 44세 남성,0,133,0,0,0,0.00,0,0,0,0,0,0,0,0,0,0,0,0,0,0,0,0,0,0,0,0,0,0,0,0,0,0,0,0,0,0,0,0,0,0,0,0,0,0,0,0,0,0,0,0,0,0,0.00,0,0.00,0.00
세탁기_커피소구_01,4640746,세탁기_트래픽_구독 페스티벌,1628465,2026.10.05.,네이버+ > 네이버 메인,45세 ~ 49세 남성,0,233,0,0,0,0.00,0,0,0,0,0,0,0,0,0,0,0,0,0,0,0,0,0,0,0,0,0,0,0,0,0,0,0,0,0,0,0,0,0,0,0,0,0,0,0,0,0,0,0,0,0,0,0.00,0,0.00,0.00
세탁기_커피소구_01,4640746,세탁기_트래픽_구독 페스티벌,1628465,2026.10.05.,네이버+ > 네이버 메인,연령 알 수 없음 남성,0,99,0,0,0,0.00,0,0,0,0,0,0,0,0,0,0,0,0,0,0,0,0,0,0,0,0,0,0,0,0,0,0,0,0,0,0,0,0,0,0,0,0,0,0,0,0,0,0,0,0,0,0,0.00,0,0.00,0.00
세탁기_커피소구_01,4640746,세탁기_트래픽_구독 페스티벌,1628465,2026.10.05.,네이버+ > 네이버 메인,19세 ~ 24세 성별 알 수 없음,0,1,0,0,0,0.00,0,0,0,0,0,0,0,0,0,0,0,0,0,0,0,0,0,0,0,0,0,0,0,0,0,0,0,0,0,0,0,0,0,0,0,0,0,0,0,0,0,0,0,0,0,0,0.00,0,0.00,0.00
세탁기_커피소구_01,4640746,세탁기_트래픽_구독 페스티벌,1628465,2026.10.05.,네이버+ > 네이버 메인,알 수 없음,0,167,0,0,0,0.00,0,0,0,0,0,0,0,0,0,0,0,0,0,0,0,0,0,0,0,0,0,0,0,0,0,0,0,0,0,0,0,0,0,0,0,0,0,0,0,0,0,0,0,0,0,0,0.00,0,0.00,0.00
세탁기_커피소구_01,4640746,세탁기_트래픽_구독 페스티벌,1628465,2026.10.05.,네이버+ > 서비스 통합,19세 ~ 24세 여성,0,75,0,0,0,0.00,0,0,0,0,0,0,0,0,0,0,0,0,0,0,0,0,0,0,0,0,0,0,0,0,0,0,0,0,0,0,0,0,0,0,0,0,0,0,0,0,0,0,0,0,0,0,0.00,0,0.00,0.00
세탁기_커피소구_01,4640746,세탁기_트래픽_구독 페스티벌,1628465,2026.10.05.,네이버+ > 서비스 통합,25세 ~ 29세 여성,0,24,0,0,0,0.00,0,0,0,0,0,0,0,0,0,0,0,0,0,0,0,0,0,0,0,0,0,0,0,0,0,0,0,0,0,0,0,0,0,0,0,0,0,0,0,0,0,0,0,0,0,0,0.00,0,0.00,0.00
세탁기_커피소구_01,4640746,세탁기_트래픽_구독 페스티벌,1628465,2026.10.05.,네이버+ > 서비스 통합,30세 ~ 34세 여성,0,10,0,0,0,0.00,0,0,0,0,0,0,0,0,0,0,0,0,0,0,0,0,0,0,0,0,0,0,0,0,0,0,0,0,0,0,0,0,0,0,0,0,0,0,0,0,0,0,0,0,0,0,0.00,0,0.00,0.00
세탁기_커피소구_01,4640746,세탁기_트래픽_구독 페스티벌,1628465,2026.10.05.,네이버+ > 서비스 통합,35세 ~ 39세 여성,0,10,0,0,0,0.00,0,0,0,0,0,0,0,0,0,0,0,0,0,0,0,0,0,0,0,0,0,0,0,0,0,0,0,0,0,0,0,0,0,0,0,0,0,0,0,0,0,0,0,0,0,0,0.00,0,0.00,0.00
세탁기_커피소구_01,4640746,세탁기_트래픽_구독 페스티벌,1628465,2026.10.05.,네이버+ > 서비스 통합,40세 ~ 44세 여성,0,2,0,0,0,0.00,0,0,0,0,0,0,0,0,0,0,0,0,0,0,0,0,0,0,0,0,0,0,0,0,0,0,0,0,0,0,0,0,0,0,0,0,0,0,0,0,0,0,0,0,0,0,0.00,0,0.00,0.00
세탁기_커피소구_01,4640746,세탁기_트래픽_구독 페스티벌,1628465,2026.10.05.,네이버+ > 서비스 통합,45세 ~ 49세 여성,0,2,0,0,0,0.00,0,0,0,0,0,0,0,0,0,0,0,0,0,0,0,0,0,0,0,0,0,0,0,0,0,0,0,0,0,0,0,0,0,0,0,0,0,0,0,0,0,0,0,0,0,0,0.00,0,0.00,0.00
세탁기_커피소구_01,4640746,세탁기_트래픽_구독 페스티벌,1628465,2026.10.05.,네이버+ > 서비스 통합,"연령 알 수 없음 여성 ",97,16,6057,1,97,6.25,0,0,0,0,0,0,0,0,0,0,0,0,0,0,0,0,0,0,0,0,0,0,0,0,0,0,0,0,0,0,0,0,0,0,0,0,0,0,0,0,0,0,0,0,0,0,0.00,0,0.00,0.00
세탁기_커피소구_01,4640746,세탁기_트래픽_구독 페스티벌,1628465,2026.10.05.,네이버+ > 서비스 통합,19세 ~ 24세 남성,0,531,0,0,0,0.00,0,0,0,0,0,0,0,0,0,0,0,0,0,0,0,0,0,0,0,0,0,0,0,0,0,0,0,0,0,0,0,0,0,0,0,0,0,0,0,0,0,0,0,0,0,0,0.00,0,0.00,0.00
세탁기_커피소구_01,4640746,세탁기_트래픽_구독 페스티벌,1628465,2026.10.05.,네이버+ > 서비스 통합,25세 ~ 29세 남성,0,157,0,0,0,0.00,0,0,0,0,0,0,0,0,0,0,0,0,0,0,0,0,0,0,0,0,0,0,0,0,0,0,0,0,0,0,0,0,0,0,0,0,0,0,0,0,0,0,0,0,0,0,0.00,0,0.00,0.00
세탁기_커피소구_01,4640746,세탁기_트래픽_구독 페스티벌,1628465,2026.10.05.,네이버+ > 서비스 통합,30세 ~ 34세 남성,0,85,0,0,0,0.00,0,0,0,0,0,0,0,0,0,0,0,0,0,0,0,0,0,0,0,0,0,0,0,0,0,0,0,0,0,0,0,0,0,0,0,0,0,0,0,0,0,0,0,0,0,0,0.00,0,0.00,0.00
세탁기_커피소구_01,4640746,세탁기_트래픽_구독 페스티벌,1628465,2026.10.05.,네이버+ > 서비스 통합,35세 ~ 39세 남성,0,45,0,0,0,0.00,0,0,0,0,0,0,0,0,0,0,0,0,0,0,0,0,0,0,0,0,0,0,0,0,0,0,0,0,0,0,0,0,0,0,0,0,0,0,0,0,0,0,0,0,0,0,0.00,0,0.00,0.00
세탁기_커피소구_01,4640746,세탁기_트래픽_구독 페스티벌,1628465,2026.10.05.,네이버+ > 서비스 통합,40세 ~ 44세 남성,0,53,0,0,0,0.00,0,0,0,0,0,0,0,0,0,0,0,0,0,0,0,0,0,0,0,0,0,0,0,0,0,0,0,0,0,0,0,0,0,0,0,0,0,0,0,0,0,0,0,0,0,0,0.00,0,0.00,0.00
세탁기_커피소구_01,4640746,세탁기_트래픽_구독 페스티벌,1628465,2026.10.05.,네이버+ > 서비스 통합,45세 ~ 49세 남성,0,39,0,0,0,0.00,0,0,0,0,0,0,0,0,0,0,0,0,0,0,0,0,0,0,0,0,0,0,0,0,0,0,0,0,0,0,0,0,0,0,0,0,0,0,0,0,0,0,0,0,0,0,0.00,0,0.00,0.00
세탁기_커피소구_01,4640746,세탁기_트래픽_구독 페스티벌,1628465,2026.10.05.,네이버+ > 서비스 통합,연령 알 수 없음 남성,0,121,0,0,0,0.00,0,0,0,0,0,0,0,0,0,0,0,0,0,0,0,0,0,0,0,0,0,0,0,0,0,0,0,0,0,0,0,0,0,0,0,0,0,0,0,0,0,0,0,0,0,0,0.00,0,0.00,0.00
세탁기_커피소구_01,4640746,세탁기_트래픽_구독 페스티벌,1628465,2026.10.05.,네이버+ > 서비스 통합,19세 ~ 24세 성별 알 수 없음,0,4,0,0,0,0.00,0,0,0,0,0,0,0,0,0,0,0,0,0,0,0,0,0,0,0,0,0,0,0,0,0,0,0,0,0,0,0,0,0,0,0,0,0,0,0,0,0,0,0,0,0,0,0.00,0,0.00,0.00
세탁기_커피소구_01,4640746,세탁기_트래픽_구독 페스티벌,1628465,2026.10.05.,네이버+ > 서비스 통합,35세 ~ 39세 성별 알 수 없음,0,1,0,0,0,0.00,0,0,0,0,0,0,0,0,0,0,0,0,0,0,0,0,0,0,0,0,0,0,0,0,0,0,0,0,0,0,0,0,0,0,0,0,0,0,0,0,0,0,0,0,0,0,0.00,0,0.00,0.00
세탁기_커피소구_01,4640746,세탁기_트래픽_구독 페스티벌,1628465,2026.10.05.,네이버+ > 서비스 통합,알 수 없음,0,403,0,0,0,0.00,0,0,0,0,0,0,0,0,0,0,0,0,0,0,0,0,0,0,0,0,0,0,0,0,0,0,0,0,0,0,0,0,0,0,0,0,0,0,0,0,0,0,0,0,0,0,0.00,0,0.00,0.00
세탁기_커피소구_01,4640746,세탁기_트래픽_구독 페스티벌,1628465,2026.10.05.,네이버 퍼포먼스 네트워크 > 서비스 통합,19세 ~ 24세 여성,1076,5761,187,11,98,0.19,0,0,0,0,0,0,0,0,0,0,0,0,0,0,0,0,0,0,0,0,0,0,0,0,0,0,0,0,0,0,0,0,0,0,0,0,0,0,0,0,0,0,0,0,0,0,0.00,0,0.00,0.00
세탁기_커피소구_01,4640746,세탁기_트래픽_구독 페스티벌,1628465,2026.10.05.,네이버 퍼포먼스 네트워크 > 서비스 통합,25세 ~ 29세 여성,718,3224,223,8,90,0.25,0,0,0,0,0,0,0,0,0,0,0,0,0,0,0,0,0,0,0,0,0,0,0,0,0,0,0,0,0,0,0,0,0,0,0,0,0,0,0,0,0,0,0,0,0,0,0.00,0,0.00,0.00
세탁기_커피소구_01,4640746,세탁기_트래픽_구독 페스티벌,1628465,2026.10.05.,네이버 퍼포먼스 네트워크 > 서비스 통합,30세 ~ 34세 여성,740,2319,319,7,106,0.30,0,0,0,0,0,0,0,0,0,0,0,0,0,0,0,0,0,0,0,0,0,0,0,0,0,0,0,0,0,0,0,0,0,0,0,0,0,0,0,0,0,0,0,0,0,0,0.00,0,0.00,0.00
세탁기_커피소구_01,4640746,세탁기_트래픽_구독 페스티벌,1628465,2026.10.05.,네이버 퍼포먼스 네트워크 > 서비스 통합,35세 ~ 39세 여성,983,2128,462,10,98,0.47,0,0,0,0,0,0,0,0,0,0,0,0,0,0,0,0,0,0,0,0,0,0,0,0,0,0,0,0,0,0,0,0,0,0,0,0,0,0,0,0,0,0,0,0,0,0,0.00,0,0.00,0.00
세탁기_커피소구_01,4640746,세탁기_트래픽_구독 페스티벌,1628465,2026.10.05.,네이버 퍼포먼스 네트워크 > 서비스 통합,40세 ~ 44세 여성,1182,2699,438,12,99,0.44,0,0,0,0,0,0,0,0,0,0,0,0,0,0,0,0,0,0,0,0,0,0,0,0,0,0,0,0,0,0,0,0,0,0,0,0,0,0,0,0,0,0,0,0,0,0,0.00,0,0.00,0.00
세탁기_커피소구_01,4640746,세탁기_트래픽_구독 페스티벌,1628465,2026.10.05.,네이버 퍼포먼스 네트워크 > 서비스 통합,45세 ~ 49세 여성,12360,16302,758,124,100,0.76,0,0,0,0,0,0,0,0,0,0,0,0,0,0,0,0,0,0,0,0,0,0,0,0,0,0,0,0,0,0,0,0,0,0,0,0,0,0,0,0,0,0,0,0,0,0,0.00,0,0.00,0.00
세탁기_커피소구_01,4640746,세탁기_트래픽_구독 페스티벌,1628465,2026.10.05.,네이버 퍼포먼스 네트워크 > 서비스 통합,"연령 알 수 없음 여성 ",86,1464,59,1,86,0.07,0,0,0,0,0,0,0,0,0,0,0,0,0,0,0,0,0,0,0,0,0,0,0,0,0,0,0,0,0,0,0,0,0,0,0,0,0,0,0,0,0,0,0,0,0,0,0.00,0,0.00,0.00
세탁기_커피소구_01,4640746,세탁기_트래픽_구독 페스티벌,1628465,2026.10.05.,네이버 퍼포먼스 네트워크 > 서비스 통합,19세 ~ 24세 남성,2672,16891,158,29,92,0.17,0,0,0,0,0,0,0,0,0,0,0,0,0,0,0,0,0,0,0,0,0,0,0,0,0,0,0,0,0,0,0,0,0,0,0,0,0,0,0,0,0,0,0,0,0,0,0.00,0,0.00,0.00
세탁기_커피소구_01,4640746,세탁기_트래픽_구독 페스티벌,1628465,2026.10.05.,네이버 퍼포먼스 네트워크 > 서비스 통합,25세 ~ 29세 남성,1472,18800,78,15,98,0.08,0,0,0,0,0,0,0,0,0,0,0,0,0,0,0,0,0,0,0,0,0,0,0,0,0,0,0,0,0,0,0,0,0,0,0,0,0,0,0,0,0,0,0,0,0,0,0.00,0,0.00,0.00
세탁기_커피소구_01,4640746,세탁기_트래픽_구독 페스티벌,1628465,2026.10.05.,네이버 퍼포먼스 네트워크 > 서비스 통합,30세 ~ 34세 남성,1583,19823,80,16,99,0.08,0,0,0,0,0,0,0,0,0,0,0,0,0,0,0,0,0,0,0,0,0,0,0,0,0,0,0,0,0,0,0,0,0,0,0,0,0,0,0,0,0,0,0,0,0,0,0.00,0,0.00,0.00
세탁기_커피소구_01,4640746,세탁기_트래픽_구독 페스티벌,1628465,2026.10.05.,네이버 퍼포먼스 네트워크 > 서비스 통합,35세 ~ 39세 남성,1688,12613,134,17,99,0.13,0,0,0,0,0,0,0,0,0,0,0,0,0,0,0,0,0,0,0,0,0,0,0,0,0,0,0,0,0,0,0,0,0,0,0,0,0,0,0,0,0,0,0,0,0,0,0.00,0,0.00,0.00
세탁기_커피소구_01,4640746,세탁기_트래픽_구독 페스티벌,1628465,2026.10.05.,네이버 퍼포먼스 네트워크 > 서비스 통합,40세 ~ 44세 남성,1537,9693,159,16,96,0.17,0,0,0,0,0,0,0,0,0,0,0,0,0,0,0,0,0,0,0,0,0,0,0,0,0,0,0,0,0,0,0,0,0,0,0,0,0,0,0,0,0,0,0,0,0,0,0.00,0,0.00,0.00
세탁기_커피소구_01,4640746,세탁기_트래픽_구독 페스티벌,1628465,2026.10.05.,네이버 퍼포먼스 네트워크 > 서비스 통합,45세 ~ 49세 남성,4663,12742,366,47,99,0.37,0,0,0,0,0,0,0,0,0,0,0,0,0,0,0,0,0,0,0,0,0,0,0,0,0,0,0,0,0,0,0,0,0,0,0,0,0,0,0,0,0,0,0,0,0,0,0.00,0,0.00,0.00
세탁기_커피소구_01,4640746,세탁기_트래픽_구독 페스티벌,1628465,2026.10.05.,네이버 퍼포먼스 네트워크 > 서비스 통합,연령 알 수 없음 남성,781,13278,59,8,98,0.06,0,0,0,0,0,0,0,0,0,0,0,0,0,0,0,0,0,0,0,0,0,0,0,0,0,0,0,0,0,0,0,0,0,0,0,0,0,0,0,0,0,0,0,0,0,0,0.00,0,0.00,0.00
세탁기_커피소구_01,4640746,세탁기_트래픽_구독 페스티벌,1628465,2026.10.05.,네이버 퍼포먼스 네트워크 > 서비스 통합,19세 ~ 24세 성별 알 수 없음,0,298,0,0,0,0.00,0,0,0,0,0,0,0,0,0,0,0,0,0,0,0,0,0,0,0,0,0,0,0,0,0,0,0,0,0,0,0,0,0,0,0,0,0,0,0,0,0,0,0,0,0,0,0.00,0,0.00,0.00
세탁기_커피소구_01,4640746,세탁기_트래픽_구독 페스티벌,1628465,2026.10.05.,네이버 퍼포먼스 네트워크 > 서비스 통합,25세 ~ 29세 성별 알 수 없음,0,497,0,0,0,0.00,0,0,0,0,0,0,0,0,0,0,0,0,0,0,0,0,0,0,0,0,0,0,0,0,0,0,0,0,0,0,0,0,0,0,0,0,0,0,0,0,0,0,0,0,0,0,0.00,0,0.00,0.00
세탁기_커피소구_01,4640746,세탁기_트래픽_구독 페스티벌,1628465,2026.10.05.,네이버 퍼포먼스 네트워크 > 서비스 통합,30세 ~ 34세 성별 알 수 없음,0,326,0,0,0,0.00,0,0,0,0,0,0,0,0,0,0,0,0,0,0,0,0,0,0,0,0,0,0,0,0,0,0,0,0,0,0,0,0,0,0,0,0,0,0,0,0,0,0,0,0,0,0,0.00,0,0.00,0.00
세탁기_커피소구_01,4640746,세탁기_트래픽_구독 페스티벌,1628465,2026.10.05.,네이버 퍼포먼스 네트워크 > 서비스 통합,35세 ~ 39세 성별 알 수 없음,106,228,464,1,106,0.44,0,0,0,0,0,0,0,0,0,0,0,0,0,0,0,0,0,0,0,0,0,0,0,0,0,0,0,0,0,0,0,0,0,0,0,0,0,0,0,0,0,0,0,0,0,0,0.00,0,0.00,0.00
세탁기_커피소구_01,4640746,세탁기_트래픽_구독 페스티벌,1628465,2026.10.05.,네이버 퍼포먼스 네트워크 > 서비스 통합,40세 ~ 44세 성별 알 수 없음,0,194,0,0,0,0.00,0,0,0,0,0,0,0,0,0,0,0,0,0,0,0,0,0,0,0,0,0,0,0,0,0,0,0,0,0,0,0,0,0,0,0,0,0,0,0,0,0,0,0,0,0,0,0.00,0,0.00,0.00
세탁기_커피소구_01,4640746,세탁기_트래픽_구독 페스티벌,1628465,2026.10.05.,네이버 퍼포먼스 네트워크 > 서비스 통합,45세 ~ 49세 성별 알 수 없음,0,171,0,0,0,0.00,0,0,0,0,0,0,0,0,0,0,0,0,0,0,0,0,0,0,0,0,0,0,0,0,0,0,0,0,0,0,0,0,0,0,0,0,0,0,0,0,0,0,0,0,0,0,0.00,0,0.00,0.00
세탁기_커피소구_01,4640746,세탁기_트래픽_구독 페스티벌,1628465,2026.10.05.,네이버 퍼포먼스 네트워크 > 서비스 통합,알 수 없음,1420,12791,111,16,89,0.13,0,0,0,0,0,0,0,0,0,0,0,0,0,0,0,0,0,0,0,0,0,0,0,0,0,0,0,0,0,0,0,0,0,0,0,0,0,0,0,0,0,0,0,0,0,0,0.00,0,0.00,0.00
세탁기_커피소구_01,4640746,세탁기_트래픽_구독 페스티벌,1628465,2026.10.05.,네이버 퍼포먼스 네트워크 > 피드,19세 ~ 24세 여성,0,2,0,0,0,0.00,0,0,0,0,0,0,0,0,0,0,0,0,0,0,0,0,0,0,0,0,0,0,0,0,0,0,0,0,0,0,0,0,0,0,0,0,0,0,0,0,0,0,0,0,0,0,0.00,0,0.00,0.00
세탁기_커피소구_01,4640746,세탁기_트래픽_구독 페스티벌,1628465,2026.10.05.,네이버 퍼포먼스 네트워크 > 피드,25세 ~ 29세 여성,0,1,0,0,0,0.00,0,0,0,0,0,0,0,0,0,0,0,0,0,0,0,0,0,0,0,0,0,0,0,0,0,0,0,0,0,0,0,0,0,0,0,0,0,0,0,0,0,0,0,0,0,0,0.00,0,0.00,0.00
세탁기_커피소구_01,4640746,세탁기_트래픽_구독 페스티벌,1628465,2026.10.05.,네이버 퍼포먼스 네트워크 > 피드,30세 ~ 34세 여성,0,1,0,0,0,0.00,0,0,0,0,0,0,0,0,0,0,0,0,0,0,0,0,0,0,0,0,0,0,0,0,0,0,0,0,0,0,0,0,0,0,0,0,0,0,0,0,0,0,0,0,0,0,0.00,0,0.00,0.00
세탁기_커피소구_01,4640746,세탁기_트래픽_구독 페스티벌,1628465,2026.10.05.,네이버 퍼포먼스 네트워크 > 피드,40세 ~ 44세 여성,0,8,0,0,0,0.00,0,0,0,0,0,0,0,0,0,0,0,0,0,0,0,0,0,0,0,0,0,0,0,0,0,0,0,0,0,0,0,0,0,0,0,0,0,0,0,0,0,0,0,0,0,0,0.00,0,0.00,0.00
세탁기_커피소구_01,4640746,세탁기_트래픽_구독 페스티벌,1628465,2026.10.05.,네이버 퍼포먼스 네트워크 > 피드,45세 ~ 49세 여성,0,60,0,0,0,0.00,0,0,0,0,0,0,0,0,0,0,0,0,0,0,0,0,0,0,0,0,0,0,0,0,0,0,0,0,0,0,0,0,0,0,0,0,0,0,0,0,0,0,0,0,0,0,0.00,0,0.00,0.00
세탁기_커피소구_01,4640746,세탁기_트래픽_구독 페스티벌,1628465,2026.10.05.,네이버 퍼포먼스 네트워크 > 피드,19세 ~ 24세 남성,0,2,0,0,0,0.00,0,0,0,0,0,0,0,0,0,0,0,0,0,0,0,0,0,0,0,0,0,0,0,0,0,0,0,0,0,0,0,0,0,0,0,0,0,0,0,0,0,0,0,0,0,0,0.00,0,0.00,0.00
세탁기_커피소구_01,4640746,세탁기_트래픽_구독 페스티벌,1628465,2026.10.05.,네이버 퍼포먼스 네트워크 > 피드,25세 ~ 29세 남성,0,1,0,0,0,0.00,0,0,0,0,0,0,0,0,0,0,0,0,0,0,0,0,0,0,0,0,0,0,0,0,0,0,0,0,0,0,0,0,0,0,0,0,0,0,0,0,0,0,0,0,0,0,0.00,0,0.00,0.00
세탁기_커피소구_01,4640746,세탁기_트래픽_구독 페스티벌,1628465,2026.10.05.,네이버 퍼포먼스 네트워크 > 피드,30세 ~ 34세 남성,0,3,0,0,0,0.00,0,0,0,0,0,0,0,0,0,0,0,0,0,0,0,0,0,0,0,0,0,0,0,0,0,0,0,0,0,0,0,0,0,0,0,0,0,0,0,0,0,0,0,0,0,0,0.00,0,0.00,0.00
세탁기_커피소구_01,4640746,세탁기_트래픽_구독 페스티벌,1628465,2026.10.05.,네이버 퍼포먼스 네트워크 > 피드,35세 ~ 39세 남성,0,2,0,0,0,0.00,0,0,0,0,0,0,0,0,0,0,0,0,0,0,0,0,0,0,0,0,0,0,0,0,0,0,0,0,0,0,0,0,0,0,0,0,0,0,0,0,0,0,0,0,0,0,0.00,0,0.00,0.00
세탁기_커피소구_01,4640746,세탁기_트래픽_구독 페스티벌,1628465,2026.10.05.,네이버 퍼포먼스 네트워크 > 피드,40세 ~ 44세 남성,0,8,0,0,0,0.00,0,0,0,0,0,0,0,0,0,0,0,0,0,0,0,0,0,0,0,0,0,0,0,0,0,0,0,0,0,0,0,0,0,0,0,0,0,0,0,0,0,0,0,0,0,0,0.00,0,0.00,0.00
세탁기_커피소구_01,4640746,세탁기_트래픽_구독 페스티벌,1628465,2026.10.05.,네이버 퍼포먼스 네트워크 > 피드,45세 ~ 49세 남성,0,31,0,0,0,0.00,0,0,0,0,0,0,0,0,0,0,0,0,0,0,0,0,0,0,0,0,0,0,0,0,0,0,0,0,0,0,0,0,0,0,0,0,0,0,0,0,0,0,0,0,0,0,0.00,0,0.00,0.00
세탁기_커피소구_01,4640746,세탁기_트래픽_구독 페스티벌,1628465,2026.10.05.,네이버 퍼포먼스 네트워크 > 피드,알 수 없음,0,6,0,0,0,0.00,0,0,0,0,0,0,0,0,0,0,0,0,0,0,0,0,0,0,0,0,0,0,0,0,0,0,0,0,0,0,0,0,0,0,0,0,0,0,0,0,0,0,0,0,0,0,0.00,0,0.00,0.00
세탁기_커피소구_01,4640746,세탁기_트래픽_구독 페스티벌,1628465,2026.10.04.,네이버+ > 피드,19세 ~ 24세 여성,0,5,0,0,0,0.00,0,0,0,0,0,0,0,0,0,0,0,0,0,0,0,0,0,0,0,0,0,0,0,0,0,0,0,0,0,0,0,0,0,0,0,0,0,0,0,0,0,0,0,0,0,0,0.00,0,0.00,0.00
세탁기_커피소구_01,4640746,세탁기_트래픽_구독 페스티벌,1628465,2026.10.04.,네이버+ > 피드,25세 ~ 29세 여성,108,14,7724,1,108,7.14,0,0,0,0,0,0,0,0,0,0,0,0,0,0,0,0,0,0,0,0,0,0,0,0,0,0,0,0,0,0,0,0,0,0,0,0,0,0,0,0,0,0,0,0,0,0,0.00,0,0.00,0.00
세탁기_커피소구_01,4640746,세탁기_트래픽_구독 페스티벌,1628465,2026.10.04.,네이버+ > 피드,30세 ~ 34세 여성,0,1,0,0,0,0.00,0,0,0,0,0,0,0,0,0,0,0,0,0,0,0,0,0,0,0,0,0,0,0,0,0,0,0,0,0,0,0,0,0,0,0,0,0,0,0,0,0,0,0,0,0,0,0.00,0,0.00,0.00
세탁기_커피소구_01,4640746,세탁기_트래픽_구독 페스티벌,1628465,2026.10.04.,네이버+ > 피드,35세 ~ 39세 여성,0,1,0,0,0,0.00,0,0,0,0,0,0,0,0,0,0,0,0,0,0,0,0,0,0,0,0,0,0,0,0,0,0,0,0,0,0,0,0,0,0,0,0,0,0,0,0,0,0,0,0,0,0,0.00,0,0.00,0.00
세탁기_커피소구_01,4640746,세탁기_트래픽_구독 페스티벌,1628465,2026.10.04.,네이버+ > 피드,40세 ~ 44세 여성,0,8,0,0,0,0.00,0,0,0,0,0,0,0,0,0,0,0,0,0,0,0,0,0,0,0,0,0,0,0,0,0,0,0,0,0,0,0,0,0,0,0,0,0,0,0,0,0,0,0,0,0,0,0.00,0,0.00,0.00
세탁기_커피소구_01,4640746,세탁기_트래픽_구독 페스티벌,1628465,2026.10.04.,네이버+ > 피드,45세 ~ 49세 여성,107,10,10703,1,107,10.00,0,0,0,0,0,0,0,0,0,0,0,0,0,0,0,0,0,0,0,0,0,0,0,0,0,0,0,0,0,0,0,0,0,0,0,0,0,0,0,0,0,0,0,0,0,0,0.00,0,0.00,0.00
세탁기_커피소구_01,4640746,세탁기_트래픽_구독 페스티벌,1628465,2026.10.04.,네이버+ > 피드,"연령 알 수 없음 여성 ",0,4,0,0,0,0.00,0,0,0,0,0,0,0,0,0,0,0,0,0,0,0,0,0,0,0,0,0,0,0,0,0,0,0,0,0,0,0,0,0,0,0,0,0,0,0,0,0,0,0,0,0,0,0.00,0,0.00,0.00
세탁기_커피소구_01,4640746,세탁기_트래픽_구독 페스티벌,1628465,2026.10.04.,네이버+ > 피드,19세 ~ 24세 남성,0,6,0,0,0,0.00,0,0,0,0,0,0,0,0,0,0,0,0,0,0,0,0,0,0,0,0,0,0,0,0,0,0,0,0,0,0,0,0,0,0,0,0,0,0,0,0,0,0,0,0,0,0,0.00,0,0.00,0.00
세탁기_커피소구_01,4640746,세탁기_트래픽_구독 페스티벌,1628465,2026.10.04.,네이버+ > 피드,25세 ~ 29세 남성,0,1,0,0,0,0.00,0,0,0,0,0,0,0,0,0,0,0,0,0,0,0,0,0,0,0,0,0,0,0,0,0,0,0,0,0,0,0,0,0,0,0,0,0,0,0,0,0,0,0,0,0,0,0.00,0,0.00,0.00
세탁기_커피소구_01,4640746,세탁기_트래픽_구독 페스티벌,1628465,2026.10.04.,네이버+ > 피드,30세 ~ 34세 남성,0,5,0,0,0,0.00,0,0,0,0,0,0,0,0,0,0,0,0,0,0,0,0,0,0,0,0,0,0,0,0,0,0,0,0,0,0,0,0,0,0,0,0,0,0,0,0,0,0,0,0,0,0,0.00,0,0.00,0.00
세탁기_커피소구_01,4640746,세탁기_트래픽_구독 페스티벌,1628465,2026.10.04.,네이버+ > 피드,35세 ~ 39세 남성,0,9,0,0,0,0.00,0,0,0,0,0,0,0,0,0,0,0,0,0,0,0,0,0,0,0,0,0,0,0,0,0,0,0,0,0,0,0,0,0,0,0,0,0,0,0,0,0,0,0,0,0,0,0.00,0,0.00,0.00
세탁기_커피소구_01,4640746,세탁기_트래픽_구독 페스티벌,1628465,2026.10.04.,네이버+ > 피드,40세 ~ 44세 남성,0,14,0,0,0,0.00,0,0,0,0,0,0,0,0,0,0,0,0,0,0,0,0,0,0,0,0,0,0,0,0,0,0,0,0,0,0,0,0,0,0,0,0,0,0,0,0,0,0,0,0,0,0,0.00,0,0.00,0.00
세탁기_커피소구_01,4640746,세탁기_트래픽_구독 페스티벌,1628465,2026.10.04.,네이버+ > 피드,45세 ~ 49세 남성,0,21,0,0,0,0.00,0,0,0,0,0,0,0,0,0,0,0,0,0,0,0,0,0,0,0,0,0,0,0,0,0,0,0,0,0,0,0,0,0,0,0,0,0,0,0,0,0,0,0,0,0,0,0.00,0,0.00,0.00
세탁기_커피소구_01,4640746,세탁기_트래픽_구독 페스티벌,1628465,2026.10.04.,네이버+ > 피드,연령 알 수 없음 남성,0,7,0,0,0,0.00,0,0,0,0,0,0,0,0,0,0,0,0,0,0,0,0,0,0,0,0,0,0,0,0,0,0,0,0,0,0,0,0,0,0,0,0,0,0,0,0,0,0,0,0,0,0,0.00,0,0.00,0.00
세탁기_커피소구_01,4640746,세탁기_트래픽_구독 페스티벌,1628465,2026.10.04.,네이버+ > 피드,알 수 없음,0,52,0,0,0,0.00,0,0,0,0,0,0,0,0,0,0,0,0,0,0,0,0,0,0,0,0,0,0,0,0,0,0,0,0,0,0,0,0,0,0,0,0,0,0,0,0,0,0,0,0,0,0,0.00,0,0.00,0.00
세탁기_커피소구_01,4640746,세탁기_트래픽_구독 페스티벌,1628465,2026.10.04.,네이버+ > 네이버 메인,19세 ~ 24세 여성,0,36,0,0,0,0.00,0,0,0,0,0,0,0,0,0,0,0,0,0,0,0,0,0,0,0,0,0,0,0,0,0,0,0,0,0,0,0,0,0,0,0,0,0,0,0,0,0,0,0,0,0,0,0.00,0,0.00,0.00
세탁기_커피소구_01,4640746,세탁기_트래픽_구독 페스티벌,1628465,2026.10.04.,네이버+ > 네이버 메인,25세 ~ 29세 여성,0,2,0,0,0,0.00,0,0,0,0,0,0,0,0,0,0,0,0,0,0,0,0,0,0,0,0,0,0,0,0,0,0,0,0,0,0,0,0,0,0,0,0,0,0,0,0,0,0,0,0,0,0,0.00,0,0.00,0.00
세탁기_커피소구_01,4640746,세탁기_트래픽_구독 페스티벌,1628465,2026.10.04.,네이버+ > 네이버 메인,30세 ~ 34세 여성,0,5,0,0,0,0.00,0,0,0,0,0,0,0,0,0,0,0,0,0,0,0,0,0,0,0,0,0,0,0,0,0,0,0,0,0,0,0,0,0,0,0,0,0,0,0,0,0,0,0,0,0,0,0.00,0,0.00,0.00
세탁기_커피소구_01,4640746,세탁기_트래픽_구독 페스티벌,1628465,2026.10.04.,네이버+ > 네이버 메인,35세 ~ 39세 여성,0,5,0,0,0,0.00,0,0,0,0,0,0,0,0,0,0,0,0,0,0,0,0,0,0,0,0,0,0,0,0,0,0,0,0,0,0,0,0,0,0,0,0,0,0,0,0,0,0,0,0,0,0,0.00,0,0.00,0.00
세탁기_커피소구_01,4640746,세탁기_트래픽_구독 페스티벌,1628465,2026.10.04.,네이버+ > 네이버 메인,40세 ~ 44세 여성,0,11,0,0,0,0.00,0,0,0,0,0,0,0,0,0,0,0,0,0,0,0,0,0,0,0,0,0,0,0,0,0,0,0,0,0,0,0,0,0,0,0,0,0,0,0,0,0,0,0,0,0,0,0.00,0,0.00,0.00
세탁기_커피소구_01,4640746,세탁기_트래픽_구독 페스티벌,1628465,2026.10.04.,네이버+ > 네이버 메인,45세 ~ 49세 여성,0,6,0,0,0,0.00,0,0,0,0,0,0,0,0,0,0,0,0,0,0,0,0,0,0,0,0,0,0,0,0,0,0,0,0,0,0,0,0,0,0,0,0,0,0,0,0,0,0,0,0,0,0,0.00,0,0.00,0.00
세탁기_커피소구_01,4640746,세탁기_트래픽_구독 페스티벌,1628465,2026.10.04.,네이버+ > 네이버 메인,"연령 알 수 없음 여성 ",0,5,0,0,0,0.00,0,0,0,0,0,0,0,0,0,0,0,0,0,0,0,0,0,0,0,0,0,0,0,0,0,0,0,0,0,0,0,0,0,0,0,0,0,0,0,0,0,0,0,0,0,0,0.00,0,0.00,0.00
세탁기_커피소구_01,4640746,세탁기_트래픽_구독 페스티벌,1628465,2026.10.04.,네이버+ > 네이버 메인,19세 ~ 24세 남성,0,194,0,0,0,0.00,0,0,0,0,0,0,0,0,0,0,0,0,0,0,0,0,0,0,0,0,0,0,0,0,0,0,0,0,0,0,0,0,0,0,0,0,0,0,0,0,0,0,0,0,0,0,0.00,0,0.00,0.00
세탁기_커피소구_01,4640746,세탁기_트래픽_구독 페스티벌,1628465,2026.10.04.,네이버+ > 네이버 메인,25세 ~ 29세 남성,0,207,0,0,0,0.00,0,0,0,0,0,0,0,0,0,0,0,0,0,0,0,0,0,0,0,0,0,0,0,0,0,0,0,0,0,0,0,0,0,0,0,0,0,0,0,0,0,0,0,0,0,0,0.00,0,0.00,0.00
세탁기_커피소구_01,4640746,세탁기_트래픽_구독 페스티벌,1628465,2026.10.04.,네이버+ > 네이버 메인,30세 ~ 34세 남성,0,113,0,0,0,0.00,0,0,0,0,0,0,0,0,0,0,0,0,0,0,0,0,0,0,0,0,0,0,0,0,0,0,0,0,0,0,0,0,0,0,0,0,0,0,0,0,0,0,0,0,0,0,0.00,0,0.00,0.00
세탁기_커피소구_01,4640746,세탁기_트래픽_구독 페스티벌,1628465,2026.10.04.,네이버+ > 네이버 메인,35세 ~ 39세 남성,0,153,0,0,0,0.00,0,0,0,0,0,0,0,0,0,0,0,0,0,0,0,0,0,0,0,0,0,0,0,0,0,0,0,0,0,0,0,0,0,0,0,0,0,0,0,0,0,0,0,0,0,0,0.00,0,0.00,0.00
세탁기_커피소구_01,4640746,세탁기_트래픽_구독 페스티벌,1628465,2026.10.04.,네이버+ > 네이버 메인,40세 ~ 44세 남성,0,120,0,0,0,0.00,0,0,0,0,0,0,0,0,0,0,0,0,0,0,0,0,0,0,0,0,0,0,0,0,0,0,0,0,0,0,0,0,0,0,0,0,0,0,0,0,0,0,0,0,0,0,0.00,0,0.00,0.00
세탁기_커피소구_01,4640746,세탁기_트래픽_구독 페스티벌,1628465,2026.10.04.,네이버+ > 네이버 메인,45세 ~ 49세 남성,0,237,0,0,0,0.00,0,0,0,0,0,0,0,0,0,0,0,0,0,0,0,0,0,0,0,0,0,0,0,0,0,0,0,0,0,0,0,0,0,0,0,0,0,0,0,0,0,0,0,0,0,0,0.00,0,0.00,0.00
세탁기_커피소구_01,4640746,세탁기_트래픽_구독 페스티벌,1628465,2026.10.04.,네이버+ > 네이버 메인,연령 알 수 없음 남성,0,140,0,0,0,0.00,0,0,0,0,0,0,0,0,0,0,0,0,0,0,0,0,0,0,0,0,0,0,0,0,0,0,0,0,0,0,0,0,0,0,0,0,0,0,0,0,0,0,0,0,0,0,0.00,0,0.00,0.00
세탁기_커피소구_01,4640746,세탁기_트래픽_구독 페스티벌,1628465,2026.10.04.,네이버+ > 네이버 메인,19세 ~ 24세 성별 알 수 없음,0,8,0,0,0,0.00,0,0,0,0,0,0,0,0,0,0,0,0,0,0,0,0,0,0,0,0,0,0,0,0,0,0,0,0,0,0,0,0,0,0,0,0,0,0,0,0,0,0,0,0,0,0,0.00,0,0.00,0.00
세탁기_커피소구_01,4640746,세탁기_트래픽_구독 페스티벌,1628465,2026.10.04.,네이버+ > 네이버 메인,25세 ~ 29세 성별 알 수 없음,0,5,0,0,0,0.00,0,0,0,0,0,0,0,0,0,0,0,0,0,0,0,0,0,0,0,0,0,0,0,0,0,0,0,0,0,0,0,0,0,0,0,0,0,0,0,0,0,0,0,0,0,0,0.00,0,0.00,0.00
세탁기_커피소구_01,4640746,세탁기_트래픽_구독 페스티벌,1628465,2026.10.04.,네이버+ > 네이버 메인,알 수 없음,0,241,0,0,0,0.00,0,0,0,0,0,0,0,0,0,0,0,0,0,0,0,0,0,0,0,0,0,0,0,0,0,0,0,0,0,0,0,0,0,0,0,0,0,0,0,0,0,0,0,0,0,0,0.00,0,0.00,0.00
세탁기_커피소구_01,4640746,세탁기_트래픽_구독 페스티벌,1628465,2026.10.04.,네이버+ > 서비스 통합,19세 ~ 24세 여성,0,41,0,0,0,0.00,0,0,0,0,0,0,0,0,0,0,0,0,0,0,0,0,0,0,0,0,0,0,0,0,0,0,0,0,0,0,0,0,0,0,0,0,0,0,0,0,0,0,0,0,0,0,0.00,0,0.00,0.00
세탁기_커피소구_01,4640746,세탁기_트래픽_구독 페스티벌,1628465,2026.10.04.,네이버+ > 서비스 통합,25세 ~ 29세 여성,0,27,0,0,0,0.00,0,0,0,0,0,0,0,0,0,0,0,0,0,0,0,0,0,0,0,0,0,0,0,0,0,0,0,0,0,0,0,0,0,0,0,0,0,0,0,0,0,0,0,0,0,0,0.00,0,0.00,0.00
세탁기_커피소구_01,4640746,세탁기_트래픽_구독 페스티벌,1628465,2026.10.04.,네이버+ > 서비스 통합,30세 ~ 34세 여성,0,4,0,0,0,0.00,0,0,0,0,0,0,0,0,0,0,0,0,0,0,0,0,0,0,0,0,0,0,0,0,0,0,0,0,0,0,0,0,0,0,0,0,0,0,0,0,0,0,0,0,0,0,0.00,0,0.00,0.00
세탁기_커피소구_01,4640746,세탁기_트래픽_구독 페스티벌,1628465,2026.10.04.,네이버+ > 서비스 통합,35세 ~ 39세 여성,0,9,0,0,0,0.00,0,0,0,0,0,0,0,0,0,0,0,0,0,0,0,0,0,0,0,0,0,0,0,0,0,0,0,0,0,0,0,0,0,0,0,0,0,0,0,0,0,0,0,0,0,0,0.00,0,0.00,0.00
세탁기_커피소구_01,4640746,세탁기_트래픽_구독 페스티벌,1628465,2026.10.04.,네이버+ > 서비스 통합,40세 ~ 44세 여성,0,3,0,0,0,0.00,0,0,0,0,0,0,0,0,0,0,0,0,0,0,0,0,0,0,0,0,0,0,0,0,0,0,0,0,0,0,0,0,0,0,0,0,0,0,0,0,0,0,0,0,0,0,0.00,0,0.00,0.00
세탁기_커피소구_01,4640746,세탁기_트래픽_구독 페스티벌,1628465,2026.10.04.,네이버+ > 서비스 통합,45세 ~ 49세 여성,0,2,0,0,0,0.00,0,0,0,0,0,0,0,0,0,0,0,0,0,0,0,0,0,0,0,0,0,0,0,0,0,0,0,0,0,0,0,0,0,0,0,0,0,0,0,0,0,0,0,0,0,0,0.00,0,0.00,0.00
세탁기_커피소구_01,4640746,세탁기_트래픽_구독 페스티벌,1628465,2026.10.04.,네이버+ > 서비스 통합,"연령 알 수 없음 여성 ",0,25,0,0,0,0.00,0,0,0,0,0,0,0,0,0,0,0,0,0,0,0,0,0,0,0,0,0,0,0,0,0,0,0,0,0,0,0,0,0,0,0,0,0,0,0,0,0,0,0,0,0,0,0.00,0,0.00,0.00
세탁기_커피소구_01,4640746,세탁기_트래픽_구독 페스티벌,1628465,2026.10.04.,네이버+ > 서비스 통합,19세 ~ 24세 남성,0,367,0,0,0,0.00,0,0,0,0,0,0,0,0,0,0,0,0,0,0,0,0,0,0,0,0,0,0,0,0,0,0,0,0,0,0,0,0,0,0,0,0,0,0,0,0,0,0,0,0,0,0,0.00,0,0.00,0.00
세탁기_커피소구_01,4640746,세탁기_트래픽_구독 페스티벌,1628465,2026.10.04.,네이버+ > 서비스 통합,25세 ~ 29세 남성,85,117,724,1,85,0.85,0,0,0,0,0,0,0,0,0,0,0,0,0,0,0,0,0,0,0,0,0,0,0,0,0,0,0,0,0,0,0,0,0,0,0,0,0,0,0,0,0,0,0,0,0,0,0.00,0,0.00,0.00
세탁기_커피소구_01,4640746,세탁기_트래픽_구독 페스티벌,1628465,2026.10.04.,네이버+ > 서비스 통합,30세 ~ 34세 남성,0,65,0,0,0,0.00,0,0,0,0,0,0,0,0,0,0,0,0,0,0,0,0,0,0,0,0,0,0,0,0,0,0,0,0,0,0,0,0,0,0,0,0,0,0,0,0,0,0,0,0,0,0,0.00,0,0.00,0.00
세탁기_커피소구_01,4640746,세탁기_트래픽_구독 페스티벌,1628465,2026.10.04.,네이버+ > 서비스 통합,35세 ~ 39세 남성,0,30,0,0,0,0.00,0,0,0,0,0,0,0,0,0,0,0,0,0,0,0,0,0,0,0,0,0,0,0,0,0,0,0,0,0,0,0,0,0,0,0,0,0,0,0,0,0,0,0,0,0,0,0.00,0,0.00,0.00
세탁기_커피소구_01,4640746,세탁기_트래픽_구독 페스티벌,1628465,2026.10.04.,네이버+ > 서비스 통합,40세 ~ 44세 남성,0,20,0,0,0,0.00,0,0,0,0,0,0,0,0,0,0,0,0,0,0,0,0,0,0,0,0,0,0,0,0,0,0,0,0,0,0,0,0,0,0,0,0,0,0,0,0,0,0,0,0,0,0,0.00,0,0.00,0.00
세탁기_커피소구_01,4640746,세탁기_트래픽_구독 페스티벌,1628465,2026.10.04.,네이버+ > 서비스 통합,45세 ~ 49세 남성,0,35,0,0,0,0.00,0,0,0,0,0,0,0,0,0,0,0,0,0,0,0,0,0,0,0,0,0,0,0,0,0,0,0,0,0,0,0,0,0,0,0,0,0,0,0,0,0,0,0,0,0,0,0.00,0,0.00,0.00
세탁기_커피소구_01,4640746,세탁기_트래픽_구독 페스티벌,1628465,2026.10.04.,네이버+ > 서비스 통합,연령 알 수 없음 남성,0,130,0,0,0,0.00,0,0,0,0,0,0,0,0,0,0,0,0,0,0,0,0,0,0,0,0,0,0,0,0,0,0,0,0,0,0,0,0,0,0,0,0,0,0,0,0,0,0,0,0,0,0,0.00,0,0.00,0.00
세탁기_커피소구_01,4640746,세탁기_트래픽_구독 페스티벌,1628465,2026.10.04.,네이버+ > 서비스 통합,19세 ~ 24세 성별 알 수 없음,0,3,0,0,0,0.00,0,0,0,0,0,0,0,0,0,0,0,0,0,0,0,0,0,0,0,0,0,0,0,0,0,0,0,0,0,0,0,0,0,0,0,0,0,0,0,0,0,0,0,0,0,0,0.00,0,0.00,0.00
세탁기_커피소구_01,4640746,세탁기_트래픽_구독 페스티벌,1628465,2026.10.04.,네이버+ > 서비스 통합,30세 ~ 34세 성별 알 수 없음,0,1,0,0,0,0.00,0,0,0,0,0,0,0,0,0,0,0,0,0,0,0,0,0,0,0,0,0,0,0,0,0,0,0,0,0,0,0,0,0,0,0,0,0,0,0,0,0,0,0,0,0,0,0.00,0,0.00,0.00
세탁기_커피소구_01,4640746,세탁기_트래픽_구독 페스티벌,1628465,2026.10.04.,네이버+ > 서비스 통합,알 수 없음,0,261,0,0,0,0.00,0,0,0,0,0,0,0,0,0,0,0,0,0,0,0,0,0,0,0,0,0,0,0,0,0,0,0,0,0,0,0,0,0,0,0,0,0,0,0,0,0,0,0,0,0,0,0.00,0,0.00,0.00
세탁기_커피소구_01,4640746,세탁기_트래픽_구독 페스티벌,1628465,2026.10.04.,네이버 퍼포먼스 네트워크 > 서비스 통합,19세 ~ 24세 여성,615,5242,117,6,103,0.11,0,0,0,0,0,0,0,0,0,0,0,0,0,0,0,0,0,0,0,0,0,0,0,0,0,0,0,0,0,0,0,0,0,0,0,0,0,0,0,0,0,0,0,0,0,0,0.00,0,0.00,0.00
세탁기_커피소구_01,4640746,세탁기_트래픽_구독 페스티벌,1628465,2026.10.04.,네이버 퍼포먼스 네트워크 > 서비스 통합,25세 ~ 29세 여성,822,2846,289,8,103,0.28,0,0,0,0,0,0,0,0,0,0,0,0,0,0,0,0,0,0,0,0,0,0,0,0,0,0,0,0,0,0,0,0,0,0,0,0,0,0,0,0,0,0,0,0,0,0,0.00,0,0.00,0.00
세탁기_커피소구_01,4640746,세탁기_트래픽_구독 페스티벌,1628465,2026.10.04.,네이버 퍼포먼스 네트워크 > 서비스 통합,30세 ~ 34세 여성,430,2069,208,4,108,0.19,0,0,0,0,0,0,0,0,0,0,0,0,0,0,0,0,0,0,0,0,0,0,0,0,0,0,0,0,0,0,0,0,0,0,0,0,0,0,0,0,0,0,0,0,0,0,0.00,0,0.00,0.00
세탁기_커피소구_01,4640746,세탁기_트래픽_구독 페스티벌,1628465,2026.10.04.,네이버 퍼포먼스 네트워크 > 서비스 통합,35세 ~ 39세 여성,544,1703,320,5,109,0.29,0,0,0,0,0,0,0,0,0,0,0,0,0,0,0,0,0,0,0,0,0,0,0,0,0,0,0,0,0,0,0,0,0,0,0,0,0,0,0,0,0,0,0,0,0,0,0.00,0,0.00,0.00
세탁기_커피소구_01,4640746,세탁기_트래픽_구독 페스티벌,1628465,2026.10.04.,네이버 퍼포먼스 네트워크 > 서비스 통합,40세 ~ 44세 여성,1849,2363,782,20,92,0.85,0,0,0,0,0,0,0,0,0,0,0,0,0,0,0,0,0,0,0,0,0,0,0,0,0,0,0,0,0,0,0,0,0,0,0,0,0,0,0,0,0,0,0,0,0,0,0.00,0,0.00,0.00
세탁기_커피소구_01,4640746,세탁기_트래픽_구독 페스티벌,1628465,2026.10.04.,네이버 퍼포먼스 네트워크 > 서비스 통합,45세 ~ 49세 여성,12904,14322,901,131,99,0.91,0,0,0,0,0,0,0,0,0,0,0,0,0,0,0,0,0,0,0,0,0,0,0,0,0,0,0,0,0,0,0,0,0,0,0,0,0,0,0,0,0,0,0,0,0,0,0.00,0,0.00,0.00
세탁기_커피소구_01,4640746,세탁기_트래픽_구독 페스티벌,1628465,2026.10.04.,네이버 퍼포먼스 네트워크 > 서비스 통합,"연령 알 수 없음 여성 ",86,1586,54,1,86,0.06,0,0,0,0,0,0,0,0,0,0,0,0,0,0,0,0,0,0,0,0,0,0,0,0,0,0,0,0,0,0,0,0,0,0,0,0,0,0,0,0,0,0,0,0,0,0,0.00,0,0.00,0.00
세탁기_커피소구_01,4640746,세탁기_트래픽_구독 페스티벌,1628465,2026.10.04.,네이버 퍼포먼스 네트워크 > 서비스 통합,19세 ~ 24세 남성,1790,15811,113,19,94,0.12,0,0,0,0,0,0,0,0,0,0,0,0,0,0,0,0,0,0,0,0,0,0,0,0,0,0,0,0,0,0,0,0,0,0,0,0,0,0,0,0,0,0,0,0,0,0,0.00,0,0.00,0.00
세탁기_커피소구_01,4640746,세탁기_트래픽_구독 페스티벌,1628465,2026.10.04.,네이버 퍼포먼스 네트워크 > 서비스 통합,25세 ~ 29세 남성,1144,17307,66,12,95,0.07,0,0,0,0,0,0,0,0,0,0,0,0,0,0,0,0,0,0,0,0,0,0,0,0,0,0,0,0,0,0,0,0,0,0,0,0,0,0,0,0,0,0,0,0,0,0,0.00,0,0.00,0.00
세탁기_커피소구_01,4640746,세탁기_트래픽_구독 페스티벌,1628465,2026.10.04.,네이버 퍼포먼스 네트워크 > 서비스 통합,30세 ~ 34세 남성,1325,17258,77,14,95,0.08,0,0,0,0,0,0,0,0,0,0,0,0,0,0,0,0,0,0,0,0,0,0,0,0,0,0,0,0,0,0,0,0,0,0,0,0,0,0,0,0,0,0,0,0,0,0,0.00,0,0.00,0.00
세탁기_커피소구_01,4640746,세탁기_트래픽_구독 페스티벌,1628465,2026.10.04.,네이버 퍼포먼스 네트워크 > 서비스 통합,35세 ~ 39세 남성,706,11643,61,8,88,0.07,0,0,0,0,0,0,0,0,0,0,0,0,0,0,0,0,0,0,0,0,0,0,0,0,0,0,0,0,0,0,0,0,0,0,0,0,0,0,0,0,0,0,0,0,0,0,0.00,0,0.00,0.00
세탁기_커피소구_01,4640746,세탁기_트래픽_구독 페스티벌,1628465,2026.10.04.,네이버 퍼포먼스 네트워크 > 서비스 통합,40세 ~ 44세 남성,2408,8655,278,25,96,0.29,0,0,0,0,0,0,0,0,0,0,0,0,0,0,0,0,0,0,0,0,0,0,0,0,0,0,0,0,0,0,0,0,0,0,0,0,0,0,0,0,0,0,0,0,0,0,0.00,0,0.00,0.00
세탁기_커피소구_01,4640746,세탁기_트래픽_구독 페스티벌,1628465,2026.10.04.,네이버 퍼포먼스 네트워크 > 서비스 통합,45세 ~ 49세 남성,6218,10688,582,62,100,0.58,0,0,0,0,0,0,0,0,0,0,0,0,0,0,0,0,0,0,0,0,0,0,0,0,0,0,0,0,0,0,0,0,0,0,0,0,0,0,0,0,0,0,0,0,0,0,0.00,0,0.00,0.00
세탁기_커피소구_01,4640746,세탁기_트래픽_구독 페스티벌,1628465,2026.10.04.,네이버 퍼포먼스 네트워크 > 서비스 통합,연령 알 수 없음 남성,742,14730,50,8,93,0.05,0,0,0,0,0,0,0,0,0,0,0,0,0,0,0,0,0,0,0,0,0,0,0,0,0,0,0,0,0,0,0,0,0,0,0,0,0,0,0,0,0,0,0,0,0,0,0.00,0,0.00,0.00
세탁기_커피소구_01,4640746,세탁기_트래픽_구독 페스티벌,1628465,2026.10.04.,네이버 퍼포먼스 네트워크 > 서비스 통합,19세 ~ 24세 성별 알 수 없음,0,221,0,0,0,0.00,0,0,0,0,0,0,0,0,0,0,0,0,0,0,0,0,0,0,0,0,0,0,0,0,0,0,0,0,0,0,0,0,0,0,0,0,0,0,0,0,0,0,0,0,0,0,0.00,0,0.00,0.00
세탁기_커피소구_01,4640746,세탁기_트래픽_구독 페스티벌,1628465,2026.10.04.,네이버 퍼포먼스 네트워크 > 서비스 통합,25세 ~ 29세 성별 알 수 없음,0,568,0,0,0,0.00,0,0,0,0,0,0,0,0,0,0,0,0,0,0,0,0,0,0,0,0,0,0,0,0,0,0,0,0,0,0,0,0,0,0,0,0,0,0,0,0,0,0,0,0,0,0,0.00,0,0.00,0.00
세탁기_커피소구_01,4640746,세탁기_트래픽_구독 페스티벌,1628465,2026.10.04.,네이버 퍼포먼스 네트워크 > 서비스 통합,30세 ~ 34세 성별 알 수 없음,0,454,0,0,0,0.00,0,0,0,0,0,0,0,0,0,0,0,0,0,0,0,0,0,0,0,0,0,0,0,0,0,0,0,0,0,0,0,0,0,0,0,0,0,0,0,0,0,0,0,0,0,0,0.00,0,0.00,0.00
세탁기_커피소구_01,4640746,세탁기_트래픽_구독 페스티벌,1628465,2026.10.04.,네이버 퍼포먼스 네트워크 > 서비스 통합,35세 ~ 39세 성별 알 수 없음,0,242,0,0,0,0.00,0,0,0,0,0,0,0,0,0,0,0,0,0,0,0,0,0,0,0,0,0,0,0,0,0,0,0,0,0,0,0,0,0,0,0,0,0,0,0,0,0,0,0,0,0,0,0.00,0,0.00,0.00
세탁기_커피소구_01,4640746,세탁기_트래픽_구독 페스티벌,1628465,2026.10.04.,네이버 퍼포먼스 네트워크 > 서비스 통합,40세 ~ 44세 성별 알 수 없음,0,163,0,0,0,0.00,0,0,0,0,0,0,0,0,0,0,0,0,0,0,0,0,0,0,0,0,0,0,0,0,0,0,0,0,0,0,0,0,0,0,0,0,0,0,0,0,0,0,0,0,0,0,0.00,0,0.00,0.00
세탁기_커피소구_01,4640746,세탁기_트래픽_구독 페스티벌,1628465,2026.10.04.,네이버 퍼포먼스 네트워크 > 서비스 통합,45세 ~ 49세 성별 알 수 없음,88,139,632,1,88,0.72,0,0,0,0,0,0,0,0,0,0,0,0,0,0,0,0,0,0,0,0,0,0,0,0,0,0,0,0,0,0,0,0,0,0,0,0,0,0,0,0,0,0,0,0,0,0,0.00,0,0.00,0.00
세탁기_커피소구_01,4640746,세탁기_트래픽_구독 페스티벌,1628465,2026.10.04.,네이버 퍼포먼스 네트워크 > 서비스 통합,알 수 없음,3314,14122,235,34,97,0.24,0,0,0,0,0,0,0,0,0,0,0,0,0,0,0,0,0,0,0,0,0,0,0,0,0,0,0,0,0,0,0,0,0,0,0,0,0,0,0,0,0,0,0,0,0,0,0.00,0,0.00,0.00
세탁기_커피소구_01,4640746,세탁기_트래픽_구독 페스티벌,1628465,2026.10.04.,네이버 퍼포먼스 네트워크 > 피드,19세 ~ 24세 여성,0,3,0,0,0,0.00,0,0,0,0,0,0,0,0,0,0,0,0,0,0,0,0,0,0,0,0,0,0,0,0,0,0,0,0,0,0,0,0,0,0,0,0,0,0,0,0,0,0,0,0,0,0,0.00,0,0.00,0.00
세탁기_커피소구_01,4640746,세탁기_트래픽_구독 페스티벌,1628465,2026.10.04.,네이버 퍼포먼스 네트워크 > 피드,35세 ~ 39세 여성,0,1,0,0,0,0.00,0,0,0,0,0,0,0,0,0,0,0,0,0,0,0,0,0,0,0,0,0,0,0,0,0,0,0,0,0,0,0,0,0,0,0,0,0,0,0,0,0,0,0,0,0,0,0.00,0,0.00,0.00
세탁기_커피소구_01,4640746,세탁기_트래픽_구독 페스티벌,1628465,2026.10.04.,네이버 퍼포먼스 네트워크 > 피드,40세 ~ 44세 여성,0,9,0,0,0,0.00,0,0,0,0,0,0,0,0,0,0,0,0,0,0,0,0,0,0,0,0,0,0,0,0,0,0,0,0,0,0,0,0,0,0,0,0,0,0,0,0,0,0,0,0,0,0,0.00,0,0.00,0.00
세탁기_커피소구_01,4640746,세탁기_트래픽_구독 페스티벌,1628465,2026.10.04.,네이버 퍼포먼스 네트워크 > 피드,45세 ~ 49세 여성,110,51,2154,1,110,1.96,0,0,0,0,0,0,0,0,0,0,0,0,0,0,0,0,0,0,0,0,0,0,0,0,0,0,0,0,0,0,0,0,0,0,0,0,0,0,0,0,0,0,0,0,0,0,0.00,0,0.00,0.00
세탁기_커피소구_01,4640746,세탁기_트래픽_구독 페스티벌,1628465,2026.10.04.,네이버 퍼포먼스 네트워크 > 피드,25세 ~ 29세 남성,0,3,0,0,0,0.00,0,0,0,0,0,0,0,0,0,0,0,0,0,0,0,0,0,0,0,0,0,0,0,0,0,0,0,0,0,0,0,0,0,0,0,0,0,0,0,0,0,0,0,0,0,0,0.00,0,0.00,0.00
세탁기_커피소구_01,4640746,세탁기_트래픽_구독 페스티벌,1628465,2026.10.04.,네이버 퍼포먼스 네트워크 > 피드,35세 ~ 39세 남성,0,1,0,0,0,0.00,0,0,0,0,0,0,0,0,0,0,0,0,0,0,0,0,0,0,0,0,0,0,0,0,0,0,0,0,0,0,0,0,0,0,0,0,0,0,0,0,0,0,0,0,0,0,0.00,0,0.00,0.00
세탁기_커피소구_01,4640746,세탁기_트래픽_구독 페스티벌,1628465,2026.10.04.,네이버 퍼포먼스 네트워크 > 피드,40세 ~ 44세 남성,0,7,0,0,0,0.00,0,0,0,0,0,0,0,0,0,0,0,0,0,0,0,0,0,0,0,0,0,0,0,0,0,0,0,0,0,0,0,0,0,0,0,0,0,0,0,0,0,0,0,0,0,0,0.00,0,0.00,0.00
세탁기_커피소구_01,4640746,세탁기_트래픽_구독 페스티벌,1628465,2026.10.04.,네이버 퍼포먼스 네트워크 > 피드,45세 ~ 49세 남성,0,25,0,0,0,0.00,0,0,0,0,0,0,0,0,0,0,0,0,0,0,0,0,0,0,0,0,0,0,0,0,0,0,0,0,0,0,0,0,0,0,0,0,0,0,0,0,0,0,0,0,0,0,0.00,0,0.00,0.00
세탁기_커피소구_01,4640746,세탁기_트래픽_구독 페스티벌,1628465,2026.10.04.,네이버 퍼포먼스 네트워크 > 피드,45세 ~ 49세 성별 알 수 없음,0,1,0,0,0,0.00,0,0,0,0,0,0,0,0,0,0,0,0,0,0,0,0,0,0,0,0,0,0,0,0,0,0,0,0,0,0,0,0,0,0,0,0,0,0,0,0,0,0,0,0,0,0,0.00,0,0.00,0.00
세탁기_커피소구_01,4640746,세탁기_트래픽_구독 페스티벌,1628465,2026.10.04.,네이버 퍼포먼스 네트워크 > 피드,알 수 없음,0,2,0,0,0,0.00,0,0,0,0,0,0,0,0,0,0,0,0,0,0,0,0,0,0,0,0,0,0,0,0,0,0,0,0,0,0,0,0,0,0,0,0,0,0,0,0,0,0,0,0,0,0,0.00,0,0.00,0.00
세탁기_커피소구_01,4640746,세탁기_트래픽_구독 페스티벌,1628465,2026.10.03.,네이버+ > 피드,19세 ~ 24세 여성,0,2,0,0,0,0.00,0,0,0,0,0,0,0,0,0,0,0,0,0,0,0,0,0,0,0,0,0,0,0,0,0,0,0,0,0,0,0,0,0,0,0,0,0,0,0,0,0,0,0,0,0,0,0.00,0,0.00,0.00
세탁기_커피소구_01,4640746,세탁기_트래픽_구독 페스티벌,1628465,2026.10.03.,네이버+ > 피드,25세 ~ 29세 여성,0,2,0,0,0,0.00,0,0,0,0,0,0,0,0,0,0,0,0,0,0,0,0,0,0,0,0,0,0,0,0,0,0,0,0,0,0,0,0,0,0,0,0,0,0,0,0,0,0,0,0,0,0,0.00,0,0.00,0.00
세탁기_커피소구_01,4640746,세탁기_트래픽_구독 페스티벌,1628465,2026.10.03.,네이버+ > 피드,30세 ~ 34세 여성,0,5,0,0,0,0.00,0,0,0,0,0,0,0,0,0,0,0,0,0,0,0,0,0,0,0,0,0,0,0,0,0,0,0,0,0,0,0,0,0,0,0,0,0,0,0,0,0,0,0,0,0,0,0.00,0,0.00,0.00
세탁기_커피소구_01,4640746,세탁기_트래픽_구독 페스티벌,1628465,2026.10.03.,네이버+ > 피드,35세 ~ 39세 여성,0,8,0,0,0,0.00,0,0,0,0,0,0,0,0,0,0,0,0,0,0,0,0,0,0,0,0,0,0,0,0,0,0,0,0,0,0,0,0,0,0,0,0,0,0,0,0,0,0,0,0,0,0,0.00,0,0.00,0.00
세탁기_커피소구_01,4640746,세탁기_트래픽_구독 페스티벌,1628465,2026.10.03.,네이버+ > 피드,40세 ~ 44세 여성,0,9,0,0,0,0.00,0,0,0,0,0,0,0,0,0,0,0,0,0,0,0,0,0,0,0,0,0,0,0,0,0,0,0,0,0,0,0,0,0,0,0,0,0,0,0,0,0,0,0,0,0,0,0.00,0,0.00,0.00
세탁기_커피소구_01,4640746,세탁기_트래픽_구독 페스티벌,1628465,2026.10.03.,네이버+ > 피드,45세 ~ 49세 여성,0,9,0,0,0,0.00,0,0,0,0,0,0,0,0,0,0,0,0,0,0,0,0,0,0,0,0,0,0,0,0,0,0,0,0,0,0,0,0,0,0,0,0,0,0,0,0,0,0,0,0,0,0,0.00,0,0.00,0.00
세탁기_커피소구_01,4640746,세탁기_트래픽_구독 페스티벌,1628465,2026.10.03.,네이버+ > 피드,"연령 알 수 없음 여성 ",0,6,0,0,0,0.00,0,0,0,0,0,0,0,0,0,0,0,0,0,0,0,0,0,0,0,0,0,0,0,0,0,0,0,0,0,0,0,0,0,0,0,0,0,0,0,0,0,0,0,0,0,0,0.00,0,0.00,0.00
세탁기_커피소구_01,4640746,세탁기_트래픽_구독 페스티벌,1628465,2026.10.03.,네이버+ > 피드,19세 ~ 24세 남성,0,2,0,0,0,0.00,0,0,0,0,0,0,0,0,0,0,0,0,0,0,0,0,0,0,0,0,0,0,0,0,0,0,0,0,0,0,0,0,0,0,0,0,0,0,0,0,0,0,0,0,0,0,0.00,0,0.00,0.00
세탁기_커피소구_01,4640746,세탁기_트래픽_구독 페스티벌,1628465,2026.10.03.,네이버+ > 피드,25세 ~ 29세 남성,0,1,0,0,0,0.00,0,0,0,0,0,0,0,0,0,0,0,0,0,0,0,0,0,0,0,0,0,0,0,0,0,0,0,0,0,0,0,0,0,0,0,0,0,0,0,0,0,0,0,0,0,0,0.00,0,0.00,0.00
세탁기_커피소구_01,4640746,세탁기_트래픽_구독 페스티벌,1628465,2026.10.03.,네이버+ > 피드,30세 ~ 34세 남성,0,1,0,0,0,0.00,0,0,0,0,0,0,0,0,0,0,0,0,0,0,0,0,0,0,0,0,0,0,0,0,0,0,0,0,0,0,0,0,0,0,0,0,0,0,0,0,0,0,0,0,0,0,0.00,0,0.00,0.00
세탁기_커피소구_01,4640746,세탁기_트래픽_구독 페스티벌,1628465,2026.10.03.,네이버+ > 피드,35세 ~ 39세 남성,0,4,0,0,0,0.00,0,0,0,0,0,0,0,0,0,0,0,0,0,0,0,0,0,0,0,0,0,0,0,0,0,0,0,0,0,0,0,0,0,0,0,0,0,0,0,0,0,0,0,0,0,0,0.00,0,0.00,0.00
세탁기_커피소구_01,4640746,세탁기_트래픽_구독 페스티벌,1628465,2026.10.03.,네이버+ > 피드,40세 ~ 44세 남성,0,6,0,0,0,0.00,0,0,0,0,0,0,0,0,0,0,0,0,0,0,0,0,0,0,0,0,0,0,0,0,0,0,0,0,0,0,0,0,0,0,0,0,0,0,0,0,0,0,0,0,0,0,0.00,0,0.00,0.00
세탁기_커피소구_01,4640746,세탁기_트래픽_구독 페스티벌,1628465,2026.10.03.,네이버+ > 피드,45세 ~ 49세 남성,0,13,0,0,0,0.00,0,0,0,0,0,0,0,0,0,0,0,0,0,0,0,0,0,0,0,0,0,0,0,0,0,0,0,0,0,0,0,0,0,0,0,0,0,0,0,0,0,0,0,0,0,0,0.00,0,0.00,0.00
세탁기_커피소구_01,4640746,세탁기_트래픽_구독 페스티벌,1628465,2026.10.03.,네이버+ > 피드,연령 알 수 없음 남성,0,10,0,0,0,0.00,0,0,0,0,0,0,0,0,0,0,0,0,0,0,0,0,0,0,0,0,0,0,0,0,0,0,0,0,0,0,0,0,0,0,0,0,0,0,0,0,0,0,0,0,0,0,0.00,0,0.00,0.00
세탁기_커피소구_01,4640746,세탁기_트래픽_구독 페스티벌,1628465,2026.10.03.,네이버+ > 피드,알 수 없음,0,48,0,0,0,0.00,0,0,0,0,0,0,0,0,0,0,0,0,0,0,0,0,0,0,0,0,0,0,0,0,0,0,0,0,0,0,0,0,0,0,0,0,0,0,0,0,0,0,0,0,0,0,0.00,0,0.00,0.00
세탁기_커피소구_01,4640746,세탁기_트래픽_구독 페스티벌,1628465,2026.10.03.,네이버+ > 네이버 메인,19세 ~ 24세 여성,129,47,2750,1,129,2.13,0,0,0,0,0,0,0,0,0,0,0,0,0,0,0,0,0,0,0,0,0,0,0,0,0,0,0,0,0,0,0,0,0,0,0,0,0,0,0,0,0,0,0,0,0,0,0.00,0,0.00,0.00
세탁기_커피소구_01,4640746,세탁기_트래픽_구독 페스티벌,1628465,2026.10.03.,네이버+ > 네이버 메인,25세 ~ 29세 여성,0,5,0,0,0,0.00,0,0,0,0,0,0,0,0,0,0,0,0,0,0,0,0,0,0,0,0,0,0,0,0,0,0,0,0,0,0,0,0,0,0,0,0,0,0,0,0,0,0,0,0,0,0,0.00,0,0.00,0.00
세탁기_커피소구_01,4640746,세탁기_트래픽_구독 페스티벌,1628465,2026.10.03.,네이버+ > 네이버 메인,30세 ~ 34세 여성,0,6,0,0,0,0.00,0,0,0,0,0,0,0,0,0,0,0,0,0,0,0,0,0,0,0,0,0,0,0,0,0,0,0,0,0,0,0,0,0,0,0,0,0,0,0,0,0,0,0,0,0,0,0.00,0,0.00,0.00
세탁기_커피소구_01,4640746,세탁기_트래픽_구독 페스티벌,1628465,2026.10.03.,네이버+ > 네이버 메인,35세 ~ 39세 여성,0,7,0,0,0,0.00,0,0,0,0,0,0,0,0,0,0,0,0,0,0,0,0,0,0,0,0,0,0,0,0,0,0,0,0,0,0,0,0,0,0,0,0,0,0,0,0,0,0,0,0,0,0,0.00,0,0.00,0.00
세탁기_커피소구_01,4640746,세탁기_트래픽_구독 페스티벌,1628465,2026.10.03.,네이버+ > 네이버 메인,40세 ~ 44세 여성,0,7,0,0,0,0.00,0,0,0,0,0,0,0,0,0,0,0,0,0,0,0,0,0,0,0,0,0,0,0,0,0,0,0,0,0,0,0,0,0,0,0,0,0,0,0,0,0,0,0,0,0,0,0.00,0,0.00,0.00
세탁기_커피소구_01,4640746,세탁기_트래픽_구독 페스티벌,1628465,2026.10.03.,네이버+ > 네이버 메인,45세 ~ 49세 여성,0,6,0,0,0,0.00,0,0,0,0,0,0,0,0,0,0,0,0,0,0,0,0,0,0,0,0,0,0,0,0,0,0,0,0,0,0,0,0,0,0,0,0,0,0,0,0,0,0,0,0,0,0,0.00,0,0.00,0.00
세탁기_커피소구_01,4640746,세탁기_트래픽_구독 페스티벌,1628465,2026.10.03.,네이버+ > 네이버 메인,"연령 알 수 없음 여성 ",0,7,0,0,0,0.00,0,0,0,0,0,0,0,0,0,0,0,0,0,0,0,0,0,0,0,0,0,0,0,0,0,0,0,0,0,0,0,0,0,0,0,0,0,0,0,0,0,0,0,0,0,0,0.00,0,0.00,0.00
세탁기_커피소구_01,4640746,세탁기_트래픽_구독 페스티벌,1628465,2026.10.03.,네이버+ > 네이버 메인,19세 ~ 24세 남성,0,162,0,0,0,0.00,0,0,0,0,0,0,0,0,0,0,0,0,0,0,0,0,0,0,0,0,0,0,0,0,0,0,0,0,0,0,0,0,0,0,0,0,0,0,0,0,0,0,0,0,0,0,0.00,0,0.00,0.00
세탁기_커피소구_01,4640746,세탁기_트래픽_구독 페스티벌,1628465,2026.10.03.,네이버+ > 네이버 메인,25세 ~ 29세 남성,0,139,0,0,0,0.00,0,0,0,0,0,0,0,0,0,0,0,0,0,0,0,0,0,0,0,0,0,0,0,0,0,0,0,0,0,0,0,0,0,0,0,0,0,0,0,0,0,0,0,0,0,0,0.00,0,0.00,0.00
세탁기_커피소구_01,4640746,세탁기_트래픽_구독 페스티벌,1628465,2026.10.03.,네이버+ > 네이버 메인,30세 ~ 34세 남성,0,26,0,0,0,0.00,0,0,0,0,0,0,0,0,0,0,0,0,0,0,0,0,0,0,0,0,0,0,0,0,0,0,0,0,0,0,0,0,0,0,0,0,0,0,0,0,0,0,0,0,0,0,0.00,0,0.00,0.00
세탁기_커피소구_01,4640746,세탁기_트래픽_구독 페스티벌,1628465,2026.10.03.,네이버+ > 네이버 메인,35세 ~ 39세 남성,0,42,0,0,0,0.00,0,0,0,0,0,0,0,0,0,0,0,0,0,0,0,0,0,0,0,0,0,0,0,0,0,0,0,0,0,0,0,0,0,0,0,0,0,0,0,0,0,0,0,0,0,0,0.00,0,0.00,0.00
세탁기_커피소구_01,4640746,세탁기_트래픽_구독 페스티벌,1628465,2026.10.03.,네이버+ > 네이버 메인,40세 ~ 44세 남성,0,38,0,0,0,0.00,0,0,0,0,0,0,0,0,0,0,0,0,0,0,0,0,0,0,0,0,0,0,0,0,0,0,0,0,0,0,0,0,0,0,0,0,0,0,0,0,0,0,0,0,0,0,0.00,0,0.00,0.00
세탁기_커피소구_01,4640746,세탁기_트래픽_구독 페스티벌,1628465,2026.10.03.,네이버+ > 네이버 메인,45세 ~ 49세 남성,0,96,0,0,0,0.00,0,0,0,0,0,0,0,0,0,0,0,0,0,0,0,0,0,0,0,0,0,0,0,0,0,0,0,0,0,0,0,0,0,0,0,0,0,0,0,0,0,0,0,0,0,0,0.00,0,0.00,0.00
세탁기_커피소구_01,4640746,세탁기_트래픽_구독 페스티벌,1628465,2026.10.03.,네이버+ > 네이버 메인,연령 알 수 없음 남성,0,182,0,0,0,0.00,0,0,0,0,0,0,0,0,0,0,0,0,0,0,0,0,0,0,0,0,0,0,0,0,0,0,0,0,0,0,0,0,0,0,0,0,0,0,0,0,0,0,0,0,0,0,0.00,0,0.00,0.00
세탁기_커피소구_01,4640746,세탁기_트래픽_구독 페스티벌,1628465,2026.10.03.,네이버+ > 네이버 메인,19세 ~ 24세 성별 알 수 없음,0,1,0,0,0,0.00,0,0,0,0,0,0,0,0,0,0,0,0,0,0,0,0,0,0,0,0,0,0,0,0,0,0,0,0,0,0,0,0,0,0,0,0,0,0,0,0,0,0,0,0,0,0,0.00,0,0.00,0.00
세탁기_커피소구_01,4640746,세탁기_트래픽_구독 페스티벌,1628465,2026.10.03.,네이버+ > 네이버 메인,25세 ~ 29세 성별 알 수 없음,0,5,0,0,0,0.00,0,0,0,0,0,0,0,0,0,0,0,0,0,0,0,0,0,0,0,0,0,0,0,0,0,0,0,0,0,0,0,0,0,0,0,0,0,0,0,0,0,0,0,0,0,0,0.00,0,0.00,0.00
세탁기_커피소구_01,4640746,세탁기_트래픽_구독 페스티벌,1628465,2026.10.03.,네이버+ > 네이버 메인,알 수 없음,0,231,0,0,0,0.00,0,0,0,0,0,0,0,0,0,0,0,0,0,0,0,0,0,0,0,0,0,0,0,0,0,0,0,0,0,0,0,0,0,0,0,0,0,0,0,0,0,0,0,0,0,0,0.00,0,0.00,0.00
세탁기_커피소구_01,4640746,세탁기_트래픽_구독 페스티벌,1628465,2026.10.03.,네이버+ > 서비스 통합,19세 ~ 24세 여성,0,71,0,0,0,0.00,0,0,0,0,0,0,0,0,0,0,0,0,0,0,0,0,0,0,0,0,0,0,0,0,0,0,0,0,0,0,0,0,0,0,0,0,0,0,0,0,0,0,0,0,0,0,0.00,0,0.00,0.00
세탁기_커피소구_01,4640746,세탁기_트래픽_구독 페스티벌,1628465,2026.10.03.,네이버+ > 서비스 통합,25세 ~ 29세 여성,0,22,0,0,0,0.00,0,0,0,0,0,0,0,0,0,0,0,0,0,0,0,0,0,0,0,0,0,0,0,0,0,0,0,0,0,0,0,0,0,0,0,0,0,0,0,0,0,0,0,0,0,0,0.00,0,0.00,0.00
세탁기_커피소구_01,4640746,세탁기_트래픽_구독 페스티벌,1628465,2026.10.03.,네이버+ > 서비스 통합,30세 ~ 34세 여성,0,6,0,0,0,0.00,0,0,0,0,0,0,0,0,0,0,0,0,0,0,0,0,0,0,0,0,0,0,0,0,0,0,0,0,0,0,0,0,0,0,0,0,0,0,0,0,0,0,0,0,0,0,0.00,0,0.00,0.00
세탁기_커피소구_01,4640746,세탁기_트래픽_구독 페스티벌,1628465,2026.10.03.,네이버+ > 서비스 통합,35세 ~ 39세 여성,0,14,0,0,0,0.00,0,0,0,0,0,0,0,0,0,0,0,0,0,0,0,0,0,0,0,0,0,0,0,0,0,0,0,0,0,0,0,0,0,0,0,0,0,0,0,0,0,0,0,0,0,0,0.00,0,0.00,0.00
세탁기_커피소구_01,4640746,세탁기_트래픽_구독 페스티벌,1628465,2026.10.03.,네이버+ > 서비스 통합,40세 ~ 44세 여성,0,2,0,0,0,0.00,0,0,0,0,0,0,0,0,0,0,0,0,0,0,0,0,0,0,0,0,0,0,0,0,0,0,0,0,0,0,0,0,0,0,0,0,0,0,0,0,0,0,0,0,0,0,0.00,0,0.00,0.00
세탁기_커피소구_01,4640746,세탁기_트래픽_구독 페스티벌,1628465,2026.10.03.,네이버+ > 서비스 통합,45세 ~ 49세 여성,0,3,0,0,0,0.00,0,0,0,0,0,0,0,0,0,0,0,0,0,0,0,0,0,0,0,0,0,0,0,0,0,0,0,0,0,0,0,0,0,0,0,0,0,0,0,0,0,0,0,0,0,0,0.00,0,0.00,0.00
세탁기_커피소구_01,4640746,세탁기_트래픽_구독 페스티벌,1628465,2026.10.03.,네이버+ > 서비스 통합,"연령 알 수 없음 여성 ",0,47,0,0,0,0.00,0,0,0,0,0,0,0,0,0,0,0,0,0,0,0,0,0,0,0,0,0,0,0,0,0,0,0,0,0,0,0,0,0,0,0,0,0,0,0,0,0,0,0,0,0,0,0.00,0,0.00,0.00
세탁기_커피소구_01,4640746,세탁기_트래픽_구독 페스티벌,1628465,2026.10.03.,네이버+ > 서비스 통합,19세 ~ 24세 남성,109,394,277,1,109,0.25,0,0,0,0,0,0,0,0,0,0,0,0,0,0,0,0,0,0,0,0,0,0,0,0,0,0,0,0,0,0,0,0,0,0,0,0,0,0,0,0,0,0,0,0,0,0,0.00,0,0.00,0.00
세탁기_커피소구_01,4640746,세탁기_트래픽_구독 페스티벌,1628465,2026.10.03.,네이버+ > 서비스 통합,25세 ~ 29세 남성,0,135,0,0,0,0.00,0,0,0,0,0,0,0,0,0,0,0,0,0,0,0,0,0,0,0,0,0,0,0,0,0,0,0,0,0,0,0,0,0,0,0,0,0,0,0,0,0,0,0,0,0,0,0.00,0,0.00,0.00
세탁기_커피소구_01,4640746,세탁기_트래픽_구독 페스티벌,1628465,2026.10.03.,네이버+ > 서비스 통합,30세 ~ 34세 남성,108,54,1998,1,108,1.85,0,0,0,0,0,0,0,0,0,0,0,0,0,0,0,0,0,0,0,0,0,0,0,0,0,0,0,0,0,0,0,0,0,0,0,0,0,0,0,0,0,0,0,0,0,0,0.00,0,0.00,0.00
세탁기_커피소구_01,4640746,세탁기_트래픽_구독 페스티벌,1628465,2026.10.03.,네이버+ > 서비스 통합,35세 ~ 39세 남성,0,28,0,0,0,0.00,0,0,0,0,0,0,0,0,0,0,0,0,0,0,0,0,0,0,0,0,0,0,0,0,0,0,0,0,0,0,0,0,0,0,0,0,0,0,0,0,0,0,0,0,0,0,0.00,0,0.00,0.00
세탁기_커피소구_01,4640746,세탁기_트래픽_구독 페스티벌,1628465,2026.10.03.,네이버+ > 서비스 통합,40세 ~ 44세 남성,0,38,0,0,0,0.00,0,0,0,0,0,0,0,0,0,0,0,0,0,0,0,0,0,0,0,0,0,0,0,0,0,0,0,0,0,0,0,0,0,0,0,0,0,0,0,0,0,0,0,0,0,0,0.00,0,0.00,0.00
세탁기_커피소구_01,4640746,세탁기_트래픽_구독 페스티벌,1628465,2026.10.03.,네이버+ > 서비스 통합,45세 ~ 49세 남성,0,36,0,0,0,0.00,0,0,0,0,0,0,0,0,0,0,0,0,0,0,0,0,0,0,0,0,0,0,0,0,0,0,0,0,0,0,0,0,0,0,0,0,0,0,0,0,0,0,0,0,0,0,0.00,0,0.00,0.00
세탁기_커피소구_01,4640746,세탁기_트래픽_구독 페스티벌,1628465,2026.10.03.,네이버+ > 서비스 통합,연령 알 수 없음 남성,0,258,0,0,0,0.00,0,0,0,0,0,0,0,0,0,0,0,0,0,0,0,0,0,0,0,0,0,0,0,0,0,0,0,0,0,0,0,0,0,0,0,0,0,0,0,0,0,0,0,0,0,0,0.00,0,0.00,0.00
세탁기_커피소구_01,4640746,세탁기_트래픽_구독 페스티벌,1628465,2026.10.03.,네이버+ > 서비스 통합,19세 ~ 24세 성별 알 수 없음,0,5,0,0,0,0.00,0,0,0,0,0,0,0,0,0,0,0,0,0,0,0,0,0,0,0,0,0,0,0,0,0,0,0,0,0,0,0,0,0,0,0,0,0,0,0,0,0,0,0,0,0,0,0.00,0,0.00,0.00
세탁기_커피소구_01,4640746,세탁기_트래픽_구독 페스티벌,1628465,2026.10.03.,네이버+ > 서비스 통합,30세 ~ 34세 성별 알 수 없음,0,2,0,0,0,0.00,0,0,0,0,0,0,0,0,0,0,0,0,0,0,0,0,0,0,0,0,0,0,0,0,0,0,0,0,0,0,0,0,0,0,0,0,0,0,0,0,0,0,0,0,0,0,0.00,0,0.00,0.00
세탁기_커피소구_01,4640746,세탁기_트래픽_구독 페스티벌,1628465,2026.10.03.,네이버+ > 서비스 통합,알 수 없음,89,685,130,1,89,0.15,0,0,0,0,0,0,0,0,0,0,0,0,0,0,0,0,0,0,0,0,0,0,0,0,0,0,0,0,0,0,0,0,0,0,0,0,0,0,0,0,0,0,0,0,0,0,0.00,0,0.00,0.00
세탁기_커피소구_01,4640746,세탁기_트래픽_구독 페스티벌,1628465,2026.10.03.,네이버 퍼포먼스 네트워크 > 서비스 통합,19세 ~ 24세 여성,593,5395,110,6,99,0.11,0,0,0,0,0,0,0,0,0,0,0,0,0,0,0,0,0,0,0,0,0,0,0,0,0,0,0,0,0,0,0,0,0,0,0,0,0,0,0,0,0,0,0,0,0,0,0.00,0,0.00,0.00
세탁기_커피소구_01,4640746,세탁기_트래픽_구독 페스티벌,1628465,2026.10.03.,네이버 퍼포먼스 네트워크 > 서비스 통합,25세 ~ 29세 여성,336,2666,126,3,112,0.11,0,0,0,0,0,0,0,0,0,0,0,0,0,0,0,0,0,0,0,0,0,0,0,0,0,0,0,0,0,0,0,0,0,0,0,0,0,0,0,0,0,0,0,0,0,0,0.00,0,0.00,0.00
세탁기_커피소구_01,4640746,세탁기_트래픽_구독 페스티벌,1628465,2026.10.03.,네이버 퍼포먼스 네트워크 > 서비스 통합,30세 ~ 34세 여성,417,1759,237,4,104,0.23,0,0,0,0,0,0,0,0,0,0,0,0,0,0,0,0,0,0,0,0,0,0,0,0,0,0,0,0,0,0,0,0,0,0,0,0,0,0,0,0,0,0,0,0,0,0,0.00,0,0.00,0.00
세탁기_커피소구_01,4640746,세탁기_트래픽_구독 페스티벌,1628465,2026.10.03.,네이버 퍼포먼스 네트워크 > 서비스 통합,35세 ~ 39세 여성,524,1595,328,5,105,0.31,0,0,0,0,0,0,0,0,0,0,0,0,0,0,0,0,0,0,0,0,0,0,0,0,0,0,0,0,0,0,0,0,0,0,0,0,0,0,0,0,0,0,0,0,0,0,0.00,0,0.00,0.00
세탁기_커피소구_01,4640746,세탁기_트래픽_구독 페스티벌,1628465,2026.10.03.,네이버 퍼포먼스 네트워크 > 서비스 통합,40세 ~ 44세 여성,1250,2438,513,12,104,0.49,0,0,0,0,0,0,0,0,0,0,0,0,0,0,0,0,0,0,0,0,0,0,0,0,0,0,0,0,0,0,0,0,0,0,0,0,0,0,0,0,0,0,0,0,0,0,0.00,0,0.00,0.00
세탁기_커피소구_01,4640746,세탁기_트래픽_구독 페스티벌,1628465,2026.10.03.,네이버 퍼포먼스 네트워크 > 서비스 통합,45세 ~ 49세 여성,11566,14376,805,108,107,0.75,0,0,0,0,0,0,0,0,0,0,0,0,0,0,0,0,0,0,0,0,0,0,0,0,0,0,0,0,0,0,0,0,0,0,0,0,0,0,0,0,0,0,0,0,0,0,0.00,0,0.00,0.00
세탁기_커피소구_01,4640746,세탁기_트래픽_구독 페스티벌,1628465,2026.10.03.,네이버 퍼포먼스 네트워크 > 서비스 통합,"연령 알 수 없음 여성 ",0,1683,0,0,0,0.00,0,0,0,0,0,0,0,0,0,0,0,0,0,0,0,0,0,0,0,0,0,0,0,0,0,0,0,0,0,0,0,0,0,0,0,0,0,0,0,0,0,0,0,0,0,0,0.00,0,0.00,0.00
세탁기_커피소구_01,4640746,세탁기_트래픽_구독 페스티벌,1628465,2026.10.03.,네이버 퍼포먼스 네트워크 > 서비스 통합,19세 ~ 24세 남성,2367,15102,157,23,103,0.15,0,0,0,0,0,0,0,0,0,0,0,0,0,0,0,0,0,0,0,0,0,0,0,0,0,0,0,0,0,0,0,0,0,0,0,0,0,0,0,0,0,0,0,0,0,0,0.00,0,0.00,0.00
세탁기_커피소구_01,4640746,세탁기_트래픽_구독 페스티벌,1628465,2026.10.03.,네이버 퍼포먼스 네트워크 > 서비스 통합,25세 ~ 29세 남성,1531,13293,115,15,102,0.11,0,0,0,0,0,0,0,0,0,0,0,0,0,0,0,0,0,0,0,0,0,0,0,0,0,0,0,0,0,0,0,0,0,0,0,0,0,0,0,0,0,0,0,0,0,0,0.00,0,0.00,0.00
세탁기_커피소구_01,4640746,세탁기_트래픽_구독 페스티벌,1628465,2026.10.03.,네이버 퍼포먼스 네트워크 > 서비스 통합,30세 ~ 34세 남성,1170,13158,89,11,106,0.08,0,0,0,0,0,0,0,0,0,0,0,0,0,0,0,0,0,0,0,0,0,0,0,0,0,0,0,0,0,0,0,0,0,0,0,0,0,0,0,0,0,0,0,0,0,0,0.00,0,0.00,0.00
세탁기_커피소구_01,4640746,세탁기_트래픽_구독 페스티벌,1628465,2026.10.03.,네이버 퍼포먼스 네트워크 > 서비스 통합,35세 ~ 39세 남성,756,7990,95,7,108,0.09,0,0,0,0,0,0,0,0,0,0,0,0,0,0,0,0,0,0,0,0,0,0,0,0,0,0,0,0,0,0,0,0,0,0,0,0,0,0,0,0,0,0,0,0,0,0,0.00,0,0.00,0.00
세탁기_커피소구_01,4640746,세탁기_트래픽_구독 페스티벌,1628465,2026.10.03.,네이버 퍼포먼스 네트워크 > 서비스 통합,40세 ~ 44세 남성,2899,7632,380,28,104,0.37,0,0,0,0,0,0,0,0,0,0,0,0,0,0,0,0,0,0,0,0,0,0,0,0,0,0,0,0,0,0,0,0,0,0,0,0,0,0,0,0,0,0,0,0,0,0,0.00,0,0.00,0.00
세탁기_커피소구_01,4640746,세탁기_트래픽_구독 페스티벌,1628465,2026.10.03.,네이버 퍼포먼스 네트워크 > 서비스 통합,45세 ~ 49세 남성,6150,9930,619,59,104,0.59,0,0,0,0,0,0,0,0,0,0,0,0,0,0,0,0,0,0,0,0,0,0,0,0,0,0,0,0,0,0,0,0,0,0,0,0,0,0,0,0,0,0,0,0,0,0,0.00,0,0.00,0.00
세탁기_커피소구_01,4640746,세탁기_트래픽_구독 페스티벌,1628465,2026.10.03.,네이버 퍼포먼스 네트워크 > 서비스 통합,연령 알 수 없음 남성,1551,14319,108,16,97,0.11,0,0,0,0,0,0,0,0,0,0,0,0,0,0,0,0,0,0,0,0,0,0,0,0,0,0,0,0,0,0,0,0,0,0,0,0,0,0,0,0,0,0,0,0,0,0,0.00,0,0.00,0.00
세탁기_커피소구_01,4640746,세탁기_트래픽_구독 페스티벌,1628465,2026.10.03.,네이버 퍼포먼스 네트워크 > 서비스 통합,19세 ~ 24세 성별 알 수 없음,0,221,0,0,0,0.00,0,0,0,0,0,0,0,0,0,0,0,0,0,0,0,0,0,0,0,0,0,0,0,0,0,0,0,0,0,0,0,0,0,0,0,0,0,0,0,0,0,0,0,0,0,0,0.00,0,0.00,0.00
세탁기_커피소구_01,4640746,세탁기_트래픽_구독 페스티벌,1628465,2026.10.03.,네이버 퍼포먼스 네트워크 > 서비스 통합,25세 ~ 29세 성별 알 수 없음,0,312,0,0,0,0.00,0,0,0,0,0,0,0,0,0,0,0,0,0,0,0,0,0,0,0,0,0,0,0,0,0,0,0,0,0,0,0,0,0,0,0,0,0,0,0,0,0,0,0,0,0,0,0.00,0,0.00,0.00
세탁기_커피소구_01,4640746,세탁기_트래픽_구독 페스티벌,1628465,2026.10.03.,네이버 퍼포먼스 네트워크 > 서비스 통합,30세 ~ 34세 성별 알 수 없음,0,318,0,0,0,0.00,0,0,0,0,0,0,0,0,0,0,0,0,0,0,0,0,0,0,0,0,0,0,0,0,0,0,0,0,0,0,0,0,0,0,0,0,0,0,0,0,0,0,0,0,0,0,0.00,0,0.00,0.00
세탁기_커피소구_01,4640746,세탁기_트래픽_구독 페스티벌,1628465,2026.10.03.,네이버 퍼포먼스 네트워크 > 서비스 통합,35세 ~ 39세 성별 알 수 없음,0,211,0,0,0,0.00,0,0,0,0,0,0,0,0,0,0,0,0,0,0,0,0,0,0,0,0,0,0,0,0,0,0,0,0,0,0,0,0,0,0,0,0,0,0,0,0,0,0,0,0,0,0,0.00,0,0.00,0.00
세탁기_커피소구_01,4640746,세탁기_트래픽_구독 페스티벌,1628465,2026.10.03.,네이버 퍼포먼스 네트워크 > 서비스 통합,40세 ~ 44세 성별 알 수 없음,129,85,1515,1,129,1.18,0,0,0,0,0,0,0,0,0,0,0,0,0,0,0,0,0,0,0,0,0,0,0,0,0,0,0,0,0,0,0,0,0,0,0,0,0,0,0,0,0,0,0,0,0,0,0.00,0,0.00,0.00
세탁기_커피소구_01,4640746,세탁기_트래픽_구독 페스티벌,1628465,2026.10.03.,네이버 퍼포먼스 네트워크 > 서비스 통합,45세 ~ 49세 성별 알 수 없음,0,72,0,0,0,0.00,0,0,0,0,0,0,0,0,0,0,0,0,0,0,0,0,0,0,0,0,0,0,0,0,0,0,0,0,0,0,0,0,0,0,0,0,0,0,0,0,0,0,0,0,0,0,0.00,0,0.00,0.00
세탁기_커피소구_01,4640746,세탁기_트래픽_구독 페스티벌,1628465,2026.10.03.,네이버 퍼포먼스 네트워크 > 서비스 통합,알 수 없음,3197,14912,214,31,103,0.21,0,0,0,0,0,0,0,0,0,0,0,0,0,0,0,0,0,0,0,0,0,0,0,0,0,0,0,0,0,0,0,0,0,0,0,0,0,0,0,0,0,0,0,0,0,0,0.00,0,0.00,0.00
세탁기_커피소구_01,4640746,세탁기_트래픽_구독 페스티벌,1628465,2026.10.03.,네이버 퍼포먼스 네트워크 > 피드,19세 ~ 24세 여성,0,2,0,0,0,0.00,0,0,0,0,0,0,0,0,0,0,0,0,0,0,0,0,0,0,0,0,0,0,0,0,0,0,0,0,0,0,0,0,0,0,0,0,0,0,0,0,0,0,0,0,0,0,0.00,0,0.00,0.00
세탁기_커피소구_01,4640746,세탁기_트래픽_구독 페스티벌,1628465,2026.10.03.,네이버 퍼포먼스 네트워크 > 피드,40세 ~ 44세 여성,0,1,0,0,0,0.00,0,0,0,0,0,0,0,0,0,0,0,0,0,0,0,0,0,0,0,0,0,0,0,0,0,0,0,0,0,0,0,0,0,0,0,0,0,0,0,0,0,0,0,0,0,0,0.00,0,0.00,0.00
세탁기_커피소구_01,4640746,세탁기_트래픽_구독 페스티벌,1628465,2026.10.03.,네이버 퍼포먼스 네트워크 > 피드,45세 ~ 49세 여성,0,12,0,0,0,0.00,0,0,0,0,0,0,0,0,0,0,0,0,0,0,0,0,0,0,0,0,0,0,0,0,0,0,0,0,0,0,0,0,0,0,0,0,0,0,0,0,0,0,0,0,0,0,0.00,0,0.00,0.00
세탁기_커피소구_01,4640746,세탁기_트래픽_구독 페스티벌,1628465,2026.10.03.,네이버 퍼포먼스 네트워크 > 피드,25세 ~ 29세 남성,0,1,0,0,0,0.00,0,0,0,0,0,0,0,0,0,0,0,0,0,0,0,0,0,0,0,0,0,0,0,0,0,0,0,0,0,0,0,0,0,0,0,0,0,0,0,0,0,0,0,0,0,0,0.00,0,0.00,0.00
세탁기_커피소구_01,4640746,세탁기_트래픽_구독 페스티벌,1628465,2026.10.03.,네이버 퍼포먼스 네트워크 > 피드,30세 ~ 34세 남성,0,2,0,0,0,0.00,0,0,0,0,0,0,0,0,0,0,0,0,0,0,0,0,0,0,0,0,0,0,0,0,0,0,0,0,0,0,0,0,0,0,0,0,0,0,0,0,0,0,0,0,0,0,0.00,0,0.00,0.00
세탁기_커피소구_01,4640746,세탁기_트래픽_구독 페스티벌,1628465,2026.10.03.,네이버 퍼포먼스 네트워크 > 피드,40세 ~ 44세 남성,0,2,0,0,0,0.00,0,0,0,0,0,0,0,0,0,0,0,0,0,0,0,0,0,0,0,0,0,0,0,0,0,0,0,0,0,0,0,0,0,0,0,0,0,0,0,0,0,0,0,0,0,0,0.00,0,0.00,0.00
세탁기_커피소구_01,4640746,세탁기_트래픽_구독 페스티벌,1628465,2026.10.03.,네이버 퍼포먼스 네트워크 > 피드,45세 ~ 49세 남성,0,20,0,0,0,0.00,0,0,0,0,0,0,0,0,0,0,0,0,0,0,0,0,0,0,0,0,0,0,0,0,0,0,0,0,0,0,0,0,0,0,0,0,0,0,0,0,0,0,0,0,0,0,0.00,0,0.00,0.00
세탁기_커피소구_01,4640746,세탁기_트래픽_구독 페스티벌,1628465,2026.10.03.,네이버 퍼포먼스 네트워크 > 피드,알 수 없음,0,5,0,0,0,0.00,0,0,0,0,0,0,0,0,0,0,0,0,0,0,0,0,0,0,0,0,0,0,0,0,0,0,0,0,0,0,0,0,0,0,0,0,0,0,0,0,0,0,0,0,0,0,0.00,0,0.00,0.00
세탁기_커피소구_01,4640746,세탁기_트래픽_구독 페스티벌,1628465,2026.10.02.,네이버+ > 피드,19세 ~ 24세 여성,0,69,0,0,0,0.00,0,0,0,0,0,0,0,0,0,0,0,0,0,0,0,0,0,0,0,0,0,0,0,0,0,0,0,0,0,0,0,0,0,0,0,0,0,0,0,0,0,0,0,0,0,0,0.00,0,0.00,0.00
세탁기_커피소구_01,4640746,세탁기_트래픽_구독 페스티벌,1628465,2026.10.02.,네이버+ > 피드,25세 ~ 29세 여성,0,16,0,0,0,0.00,0,0,0,0,0,0,0,0,0,0,0,0,0,0,0,0,0,0,0,0,0,0,0,0,0,0,0,0,0,0,0,0,0,0,0,0,0,0,0,0,0,0,0,0,0,0,0.00,0,0.00,0.00
세탁기_커피소구_01,4640746,세탁기_트래픽_구독 페스티벌,1628465,2026.10.02.,네이버+ > 피드,30세 ~ 34세 여성,0,2,0,0,0,0.00,0,0,0,0,0,0,0,0,0,0,0,0,0,0,0,0,0,0,0,0,0,0,0,0,0,0,0,0,0,0,0,0,0,0,0,0,0,0,0,0,0,0,0,0,0,0,0.00,0,0.00,0.00
세탁기_커피소구_01,4640746,세탁기_트래픽_구독 페스티벌,1628465,2026.10.02.,네이버+ > 피드,35세 ~ 39세 여성,0,13,0,0,0,0.00,0,0,0,0,0,0,0,0,0,0,0,0,0,0,0,0,0,0,0,0,0,0,0,0,0,0,0,0,0,0,0,0,0,0,0,0,0,0,0,0,0,0,0,0,0,0,0.00,0,0.00,0.00
세탁기_커피소구_01,4640746,세탁기_트래픽_구독 페스티벌,1628465,2026.10.02.,네이버+ > 피드,40세 ~ 44세 여성,0,18,0,0,0,0.00,0,0,0,0,0,0,0,0,0,0,0,0,0,0,0,0,0,0,0,0,0,0,0,0,0,0,0,0,0,0,0,0,0,0,0,0,0,0,0,0,0,0,0,0,0,0,0.00,0,0.00,0.00
세탁기_커피소구_01,4640746,세탁기_트래픽_구독 페스티벌,1628465,2026.10.02.,네이버+ > 피드,45세 ~ 49세 여성,598,16,37350,2,299,12.50,0,0,0,0,0,0,0,0,0,0,0,0,0,0,0,0,0,0,0,0,0,0,0,0,0,0,0,0,0,0,0,0,0,0,0,0,0,0,0,0,0,0,0,0,0,0,0.00,0,0.00,0.00
세탁기_커피소구_01,4640746,세탁기_트래픽_구독 페스티벌,1628465,2026.10.02.,네이버+ > 피드,"연령 알 수 없음 여성 ",276,28,9858,1,276,3.57,0,0,0,0,0,0,0,0,0,0,0,0,0,0,0,0,0,0,0,0,0,0,0,0,0,0,0,0,0,0,0,0,0,0,0,0,0,0,0,0,0,0,0,0,0,0,0.00,0,0.00,0.00
세탁기_커피소구_01,4640746,세탁기_트래픽_구독 페스티벌,1628465,2026.10.02.,네이버+ > 피드,19세 ~ 24세 남성,0,91,0,0,0,0.00,0,0,0,0,0,0,0,0,0,0,0,0,0,0,0,0,0,0,0,0,0,0,0,0,0,0,0,0,0,0,0,0,0,0,0,0,0,0,0,0,0,0,0,0,0,0,0.00,0,0.00,0.00
세탁기_커피소구_01,4640746,세탁기_트래픽_구독 페스티벌,1628465,2026.10.02.,네이버+ > 피드,25세 ~ 29세 남성,231,37,6240,1,231,2.70,0,0,0,0,0,0,0,0,0,0,0,0,0,0,0,0,0,0,0,0,0,0,0,0,0,0,0,0,0,0,0,0,0,0,0,0,0,0,0,0,0,0,0,0,0,0,0.00,0,0.00,0.00
세탁기_커피소구_01,4640746,세탁기_트래픽_구독 페스티벌,1628465,2026.10.02.,네이버+ > 피드,30세 ~ 34세 남성,351,27,13013,1,351,3.70,0,0,0,0,0,0,0,0,0,0,0,0,0,0,0,0,0,0,0,0,0,0,0,0,0,0,0,0,0,0,0,0,0,0,0,0,0,0,0,0,0,0,0,0,0,0,0.00,0,0.00,0.00
세탁기_커피소구_01,4640746,세탁기_트래픽_구독 페스티벌,1628465,2026.10.02.,네이버+ > 피드,35세 ~ 39세 남성,350,50,7005,1,350,2.00,0,0,0,0,0,0,0,0,0,0,0,0,0,0,0,0,0,0,0,0,0,0,0,0,0,0,0,0,0,0,0,0,0,0,0,0,0,0,0,0,0,0,0,0,0,0,0.00,0,0.00,0.00
세탁기_커피소구_01,4640746,세탁기_트래픽_구독 페스티벌,1628465,2026.10.02.,네이버+ > 피드,40세 ~ 44세 남성,0,65,0,0,0,0.00,0,0,0,0,0,0,0,0,0,0,0,0,0,0,0,0,0,0,0,0,0,0,0,0,0,0,0,0,0,0,0,0,0,0,0,0,0,0,0,0,0,0,0,0,0,0,0.00,0,0.00,0.00
세탁기_커피소구_01,4640746,세탁기_트래픽_구독 페스티벌,1628465,2026.10.02.,네이버+ > 피드,45세 ~ 49세 남성,495,90,5499,2,247,2.22,0,0,0,0,0,0,0,0,0,0,0,0,0,0,0,0,0,0,0,0,0,0,0,0,0,0,0,0,0,0,0,0,0,0,0,0,0,0,0,0,0,0,0,0,0,0,0.00,0,0.00,0.00
세탁기_커피소구_01,4640746,세탁기_트래픽_구독 페스티벌,1628465,2026.10.02.,네이버+ > 피드,연령 알 수 없음 남성,0,37,0,0,0,0.00,0,0,0,0,0,0,0,0,0,0,0,0,0,0,0,0,0,0,0,0,0,0,0,0,0,0,0,0,0,0,0,0,0,0,0,0,0,0,0,0,0,0,0,0,0,0,0.00,0,0.00,0.00
세탁기_커피소구_01,4640746,세탁기_트래픽_구독 페스티벌,1628465,2026.10.02.,네이버+ > 피드,19세 ~ 24세 성별 알 수 없음,0,2,0,0,0,0.00,0,0,0,0,0,0,0,0,0,0,0,0,0,0,0,0,0,0,0,0,0,0,0,0,0,0,0,0,0,0,0,0,0,0,0,0,0,0,0,0,0,0,0,0,0,0,0.00,0,0.00,0.00
세탁기_커피소구_01,4640746,세탁기_트래픽_구독 페스티벌,1628465,2026.10.02.,네이버+ > 피드,25세 ~ 29세 성별 알 수 없음,0,2,0,0,0,0.00,0,0,0,0,0,0,0,0,0,0,0,0,0,0,0,0,0,0,0,0,0,0,0,0,0,0,0,0,0,0,0,0,0,0,0,0,0,0,0,0,0,0,0,0,0,0,0.00,0,0.00,0.00
세탁기_커피소구_01,4640746,세탁기_트래픽_구독 페스티벌,1628465,2026.10.02.,네이버+ > 피드,35세 ~ 39세 성별 알 수 없음,0,1,0,0,0,0.00,0,0,0,0,0,0,0,0,0,0,0,0,0,0,0,0,0,0,0,0,0,0,0,0,0,0,0,0,0,0,0,0,0,0,0,0,0,0,0,0,0,0,0,0,0,0,0.00,0,0.00,0.00
세탁기_커피소구_01,4640746,세탁기_트래픽_구독 페스티벌,1628465,2026.10.02.,네이버+ > 피드,40세 ~ 44세 성별 알 수 없음,0,1,0,0,0,0.00,0,0,0,0,0,0,0,0,0,0,0,0,0,0,0,0,0,0,0,0,0,0,0,0,0,0,0,0,0,0,0,0,0,0,0,0,0,0,0,0,0,0,0,0,0,0,0.00,0,0.00,0.00
세탁기_커피소구_01,4640746,세탁기_트래픽_구독 페스티벌,1628465,2026.10.02.,네이버+ > 피드,45세 ~ 49세 성별 알 수 없음,0,2,0,0,0,0.00,0,0,0,0,0,0,0,0,0,0,0,0,0,0,0,0,0,0,0,0,0,0,0,0,0,0,0,0,0,0,0,0,0,0,0,0,0,0,0,0,0,0,0,0,0,0,0.00,0,0.00,0.00
세탁기_커피소구_01,4640746,세탁기_트래픽_구독 페스티벌,1628465,2026.10.02.,네이버+ > 피드,알 수 없음,1272,342,3718,6,212,1.75,0,0,0,0,0,0,0,0,0,0,0,0,0,0,0,0,0,0,0,0,0,0,0,0,0,0,0,0,0,0,0,0,0,0,0,0,0,0,0,0,0,0,0,0,0,0,0.00,0,0.00,0.00
세탁기_커피소구_01,4640746,세탁기_트래픽_구독 페스티벌,1628465,2026.10.02.,네이버+ > 네이버 메인,19세 ~ 24세 여성,0,35,0,0,0,0.00,0,0,0,0,0,0,0,0,0,0,0,0,0,0,0,0,0,0,0,0,0,0,0,0,0,0,0,0,0,0,0,0,0,0,0,0,0,0,0,0,0,0,0,0,0,0,0.00,0,0.00,0.00
세탁기_커피소구_01,4640746,세탁기_트래픽_구독 페스티벌,1628465,2026.10.02.,네이버+ > 네이버 메인,25세 ~ 29세 여성,0,21,0,0,0,0.00,0,0,0,0,0,0,0,0,0,0,0,0,0,0,0,0,0,0,0,0,0,0,0,0,0,0,0,0,0,0,0,0,0,0,0,0,0,0,0,0,0,0,0,0,0,0,0.00,0,0.00,0.00
세탁기_커피소구_01,4640746,세탁기_트래픽_구독 페스티벌,1628465,2026.10.02.,네이버+ > 네이버 메인,30세 ~ 34세 여성,0,15,0,0,0,0.00,0,0,0,0,0,0,0,0,0,0,0,0,0,0,0,0,0,0,0,0,0,0,0,0,0,0,0,0,0,0,0,0,0,0,0,0,0,0,0,0,0,0,0,0,0,0,0.00,0,0.00,0.00
세탁기_커피소구_01,4640746,세탁기_트래픽_구독 페스티벌,1628465,2026.10.02.,네이버+ > 네이버 메인,35세 ~ 39세 여성,0,17,0,0,0,0.00,0,0,0,0,0,0,0,0,0,0,0,0,0,0,0,0,0,0,0,0,0,0,0,0,0,0,0,0,0,0,0,0,0,0,0,0,0,0,0,0,0,0,0,0,0,0,0.00,0,0.00,0.00
세탁기_커피소구_01,4640746,세탁기_트래픽_구독 페스티벌,1628465,2026.10.02.,네이버+ > 네이버 메인,40세 ~ 44세 여성,0,9,0,0,0,0.00,0,0,0,0,0,0,0,0,0,0,0,0,0,0,0,0,0,0,0,0,0,0,0,0,0,0,0,0,0,0,0,0,0,0,0,0,0,0,0,0,0,0,0,0,0,0,0.00,0,0.00,0.00
세탁기_커피소구_01,4640746,세탁기_트래픽_구독 페스티벌,1628465,2026.10.02.,네이버+ > 네이버 메인,45세 ~ 49세 여성,0,6,0,0,0,0.00,0,0,0,0,0,0,0,0,0,0,0,0,0,0,0,0,0,0,0,0,0,0,0,0,0,0,0,0,0,0,0,0,0,0,0,0,0,0,0,0,0,0,0,0,0,0,0.00,0,0.00,0.00
세탁기_커피소구_01,4640746,세탁기_트래픽_구독 페스티벌,1628465,2026.10.02.,네이버+ > 네이버 메인,"연령 알 수 없음 여성 ",0,46,0,0,0,0.00,0,0,0,0,0,0,0,0,0,0,0,0,0,0,0,0,0,0,0,0,0,0,0,0,0,0,0,0,0,0,0,0,0,0,0,0,0,0,0,0,0,0,0,0,0,0,0.00,0,0.00,0.00
세탁기_커피소구_01,4640746,세탁기_트래픽_구독 페스티벌,1628465,2026.10.02.,네이버+ > 네이버 메인,19세 ~ 24세 남성,0,60,0,0,0,0.00,0,0,0,0,0,0,0,0,0,0,0,0,0,0,0,0,0,0,0,0,0,0,0,0,0,0,0,0,0,0,0,0,0,0,0,0,0,0,0,0,0,0,0,0,0,0,0.00,0,0.00,0.00
세탁기_커피소구_01,4640746,세탁기_트래픽_구독 페스티벌,1628465,2026.10.02.,네이버+ > 네이버 메인,25세 ~ 29세 남성,0,41,0,0,0,0.00,0,0,0,0,0,0,0,0,0,0,0,0,0,0,0,0,0,0,0,0,0,0,0,0,0,0,0,0,0,0,0,0,0,0,0,0,0,0,0,0,0,0,0,0,0,0,0.00,0,0.00,0.00
세탁기_커피소구_01,4640746,세탁기_트래픽_구독 페스티벌,1628465,2026.10.02.,네이버+ > 네이버 메인,30세 ~ 34세 남성,0,38,0,0,0,0.00,0,0,0,0,0,0,0,0,0,0,0,0,0,0,0,0,0,0,0,0,0,0,0,0,0,0,0,0,0,0,0,0,0,0,0,0,0,0,0,0,0,0,0,0,0,0,0.00,0,0.00,0.00
세탁기_커피소구_01,4640746,세탁기_트래픽_구독 페스티벌,1628465,2026.10.02.,네이버+ > 네이버 메인,35세 ~ 39세 남성,0,36,0,0,0,0.00,0,0,0,0,0,0,0,0,0,0,0,0,0,0,0,0,0,0,0,0,0,0,0,0,0,0,0,0,0,0,0,0,0,0,0,0,0,0,0,0,0,0,0,0,0,0,0.00,0,0.00,0.00
세탁기_커피소구_01,4640746,세탁기_트래픽_구독 페스티벌,1628465,2026.10.02.,네이버+ > 네이버 메인,40세 ~ 44세 남성,0,47,0,0,0,0.00,0,0,0,0,0,0,0,0,0,0,0,0,0,0,0,0,0,0,0,0,0,0,0,0,0,0,0,0,0,0,0,0,0,0,0,0,0,0,0,0,0,0,0,0,0,0,0.00,0,0.00,0.00
세탁기_커피소구_01,4640746,세탁기_트래픽_구독 페스티벌,1628465,2026.10.02.,네이버+ > 네이버 메인,45세 ~ 49세 남성,0,45,0,0,0,0.00,0,0,0,0,0,0,0,0,0,0,0,0,0,0,0,0,0,0,0,0,0,0,0,0,0,0,0,0,0,0,0,0,0,0,0,0,0,0,0,0,0,0,0,0,0,0,0.00,0,0.00,0.00
세탁기_커피소구_01,4640746,세탁기_트래픽_구독 페스티벌,1628465,2026.10.02.,네이버+ > 네이버 메인,연령 알 수 없음 남성,0,126,0,0,0,0.00,0,0,0,0,0,0,0,0,0,0,0,0,0,0,0,0,0,0,0,0,0,0,0,0,0,0,0,0,0,0,0,0,0,0,0,0,0,0,0,0,0,0,0,0,0,0,0.00,0,0.00,0.00
세탁기_커피소구_01,4640746,세탁기_트래픽_구독 페스티벌,1628465,2026.10.02.,네이버+ > 네이버 메인,19세 ~ 24세 성별 알 수 없음,0,3,0,0,0,0.00,0,0,0,0,0,0,0,0,0,0,0,0,0,0,0,0,0,0,0,0,0,0,0,0,0,0,0,0,0,0,0,0,0,0,0,0,0,0,0,0,0,0,0,0,0,0,0.00,0,0.00,0.00
세탁기_커피소구_01,4640746,세탁기_트래픽_구독 페스티벌,1628465,2026.10.02.,네이버+ > 네이버 메인,35세 ~ 39세 성별 알 수 없음,0,1,0,0,0,0.00,0,0,0,0,0,0,0,0,0,0,0,0,0,0,0,0,0,0,0,0,0,0,0,0,0,0,0,0,0,0,0,0,0,0,0,0,0,0,0,0,0,0,0,0,0,0,0.00,0,0.00,0.00
세탁기_커피소구_01,4640746,세탁기_트래픽_구독 페스티벌,1628465,2026.10.02.,네이버+ > 네이버 메인,알 수 없음,107,568,188,1,107,0.18,0,0,0,0,0,0,0,0,0,0,0,0,0,0,0,0,0,0,0,0,0,0,0,0,0,0,0,0,0,0,0,0,0,0,0,0,0,0,0,0,0,0,0,0,0,0,0.00,0,0.00,0.00
세탁기_커피소구_01,4640746,세탁기_트래픽_구독 페스티벌,1628465,2026.10.02.,네이버+ > 서비스 통합,19세 ~ 24세 여성,0,116,0,0,0,0.00,0,0,0,0,0,0,0,0,0,0,0,0,0,0,0,0,0,0,0,0,0,0,0,0,0,0,0,0,0,0,0,0,0,0,0,0,0,0,0,0,0,0,0,0,0,0,0.00,0,0.00,0.00
세탁기_커피소구_01,4640746,세탁기_트래픽_구독 페스티벌,1628465,2026.10.02.,네이버+ > 서비스 통합,25세 ~ 29세 여성,0,92,0,0,0,0.00,0,0,0,0,0,0,0,0,0,0,0,0,0,0,0,0,0,0,0,0,0,0,0,0,0,0,0,0,0,0,0,0,0,0,0,0,0,0,0,0,0,0,0,0,0,0,0.00,0,0.00,0.00
세탁기_커피소구_01,4640746,세탁기_트래픽_구독 페스티벌,1628465,2026.10.02.,네이버+ > 서비스 통합,30세 ~ 34세 여성,0,47,0,0,0,0.00,0,0,0,0,0,0,0,0,0,0,0,0,0,0,0,0,0,0,0,0,0,0,0,0,0,0,0,0,0,0,0,0,0,0,0,0,0,0,0,0,0,0,0,0,0,0,0.00,0,0.00,0.00
세탁기_커피소구_01,4640746,세탁기_트래픽_구독 페스티벌,1628465,2026.10.02.,네이버+ > 서비스 통합,35세 ~ 39세 여성,0,57,0,0,0,0.00,0,0,0,0,0,0,0,0,0,0,0,0,0,0,0,0,0,0,0,0,0,0,0,0,0,0,0,0,0,0,0,0,0,0,0,0,0,0,0,0,0,0,0,0,0,0,0.00,0,0.00,0.00
세탁기_커피소구_01,4640746,세탁기_트래픽_구독 페스티벌,1628465,2026.10.02.,네이버+ > 서비스 통합,40세 ~ 44세 여성,0,45,0,0,0,0.00,0,0,0,0,0,0,0,0,0,0,0,0,0,0,0,0,0,0,0,0,0,0,0,0,0,0,0,0,0,0,0,0,0,0,0,0,0,0,0,0,0,0,0,0,0,0,0.00,0,0.00,0.00
세탁기_커피소구_01,4640746,세탁기_트래픽_구독 페스티벌,1628465,2026.10.02.,네이버+ > 서비스 통합,45세 ~ 49세 여성,0,33,0,0,0,0.00,0,0,0,0,0,0,0,0,0,0,0,0,0,0,0,0,0,0,0,0,0,0,0,0,0,0,0,0,0,0,0,0,0,0,0,0,0,0,0,0,0,0,0,0,0,0,0.00,0,0.00,0.00
세탁기_커피소구_01,4640746,세탁기_트래픽_구독 페스티벌,1628465,2026.10.02.,네이버+ > 서비스 통합,"연령 알 수 없음 여성 ",0,120,0,0,0,0.00,0,0,0,0,0,0,0,0,0,0,0,0,0,0,0,0,0,0,0,0,0,0,0,0,0,0,0,0,0,0,0,0,0,0,0,0,0,0,0,0,0,0,0,0,0,0,0.00,0,0.00,0.00
세탁기_커피소구_01,4640746,세탁기_트래픽_구독 페스티벌,1628465,2026.10.02.,네이버+ > 서비스 통합,19세 ~ 24세 남성,0,309,0,0,0,0.00,0,0,0,0,0,0,0,0,0,0,0,0,0,0,0,0,0,0,0,0,0,0,0,0,0,0,0,0,0,0,0,0,0,0,0,0,0,0,0,0,0,0,0,0,0,0,0.00,0,0.00,0.00
세탁기_커피소구_01,4640746,세탁기_트래픽_구독 페스티벌,1628465,2026.10.02.,네이버+ > 서비스 통합,25세 ~ 29세 남성,0,235,0,0,0,0.00,0,0,0,0,0,0,0,0,0,0,0,0,0,0,0,0,0,0,0,0,0,0,0,0,0,0,0,0,0,0,0,0,0,0,0,0,0,0,0,0,0,0,0,0,0,0,0.00,0,0.00,0.00
세탁기_커피소구_01,4640746,세탁기_트래픽_구독 페스티벌,1628465,2026.10.02.,네이버+ > 서비스 통합,30세 ~ 34세 남성,0,161,0,0,0,0.00,0,0,0,0,0,0,0,0,0,0,0,0,0,0,0,0,0,0,0,0,0,0,0,0,0,0,0,0,0,0,0,0,0,0,0,0,0,0,0,0,0,0,0,0,0,0,0.00,0,0.00,0.00
세탁기_커피소구_01,4640746,세탁기_트래픽_구독 페스티벌,1628465,2026.10.02.,네이버+ > 서비스 통합,35세 ~ 39세 남성,0,108,0,0,0,0.00,0,0,0,0,0,0,0,0,0,0,0,0,0,0,0,0,0,0,0,0,0,0,0,0,0,0,0,0,0,0,0,0,0,0,0,0,0,0,0,0,0,0,0,0,0,0,0.00,0,0.00,0.00
세탁기_커피소구_01,4640746,세탁기_트래픽_구독 페스티벌,1628465,2026.10.02.,네이버+ > 서비스 통합,40세 ~ 44세 남성,0,156,0,0,0,0.00,0,0,0,0,0,0,0,0,0,0,0,0,0,0,0,0,0,0,0,0,0,0,0,0,0,0,0,0,0,0,0,0,0,0,0,0,0,0,0,0,0,0,0,0,0,0,0.00,0,0.00,0.00
세탁기_커피소구_01,4640746,세탁기_트래픽_구독 페스티벌,1628465,2026.10.02.,네이버+ > 서비스 통합,45세 ~ 49세 남성,0,221,0,0,0,0.00,0,0,0,0,0,0,0,0,0,0,0,0,0,0,0,0,0,0,0,0,0,0,0,0,0,0,0,0,0,0,0,0,0,0,0,0,0,0,0,0,0,0,0,0,0,0,0.00,0,0.00,0.00
세탁기_커피소구_01,4640746,세탁기_트래픽_구독 페스티벌,1628465,2026.10.02.,네이버+ > 서비스 통합,연령 알 수 없음 남성,0,414,0,0,0,0.00,0,0,0,0,0,0,0,0,0,0,0,0,0,0,0,0,0,0,0,0,0,0,0,0,0,0,0,0,0,0,0,0,0,0,0,0,0,0,0,0,0,0,0,0,0,0,0.00,0,0.00,0.00
세탁기_커피소구_01,4640746,세탁기_트래픽_구독 페스티벌,1628465,2026.10.02.,네이버+ > 서비스 통합,19세 ~ 24세 성별 알 수 없음,0,11,0,0,0,0.00,0,0,0,0,0,0,0,0,0,0,0,0,0,0,0,0,0,0,0,0,0,0,0,0,0,0,0,0,0,0,0,0,0,0,0,0,0,0,0,0,0,0,0,0,0,0,0.00,0,0.00,0.00
세탁기_커피소구_01,4640746,세탁기_트래픽_구독 페스티벌,1628465,2026.10.02.,네이버+ > 서비스 통합,25세 ~ 29세 성별 알 수 없음,0,8,0,0,0,0.00,0,0,0,0,0,0,0,0,0,0,0,0,0,0,0,0,0,0,0,0,0,0,0,0,0,0,0,0,0,0,0,0,0,0,0,0,0,0,0,0,0,0,0,0,0,0,0.00,0,0.00,0.00
세탁기_커피소구_01,4640746,세탁기_트래픽_구독 페스티벌,1628465,2026.10.02.,네이버+ > 서비스 통합,30세 ~ 34세 성별 알 수 없음,0,4,0,0,0,0.00,0,0,0,0,0,0,0,0,0,0,0,0,0,0,0,0,0,0,0,0,0,0,0,0,0,0,0,0,0,0,0,0,0,0,0,0,0,0,0,0,0,0,0,0,0,0,0.00,0,0.00,0.00
세탁기_커피소구_01,4640746,세탁기_트래픽_구독 페스티벌,1628465,2026.10.02.,네이버+ > 서비스 통합,35세 ~ 39세 성별 알 수 없음,0,2,0,0,0,0.00,0,0,0,0,0,0,0,0,0,0,0,0,0,0,0,0,0,0,0,0,0,0,0,0,0,0,0,0,0,0,0,0,0,0,0,0,0,0,0,0,0,0,0,0,0,0,0.00,0,0.00,0.00
세탁기_커피소구_01,4640746,세탁기_트래픽_구독 페스티벌,1628465,2026.10.02.,네이버+ > 서비스 통합,40세 ~ 44세 성별 알 수 없음,0,6,0,0,0,0.00,0,0,0,0,0,0,0,0,0,0,0,0,0,0,0,0,0,0,0,0,0,0,0,0,0,0,0,0,0,0,0,0,0,0,0,0,0,0,0,0,0,0,0,0,0,0,0.00,0,0.00,0.00
세탁기_커피소구_01,4640746,세탁기_트래픽_구독 페스티벌,1628465,2026.10.02.,네이버+ > 서비스 통합,45세 ~ 49세 성별 알 수 없음,0,4,0,0,0,0.00,0,0,0,0,0,0,0,0,0,0,0,0,0,0,0,0,0,0,0,0,0,0,0,0,0,0,0,0,0,0,0,0,0,0,0,0,0,0,0,0,0,0,0,0,0,0,0.00,0,0.00,0.00
세탁기_커피소구_01,4640746,세탁기_트래픽_구독 페스티벌,1628465,2026.10.02.,네이버+ > 서비스 통합,알 수 없음,1308,6520,201,12,109,0.18,0,0,0,0,0,0,0,0,0,0,0,0,0,0,0,0,0,0,0,0,0,0,0,0,0,0,0,0,0,0,0,0,0,0,0,0,0,0,0,0,0,0,0,0,0,0,0.00,0,0.00,0.00
세탁기_커피소구_01,4640746,세탁기_트래픽_구독 페스티벌,1628465,2026.10.02.,네이버 퍼포먼스 네트워크 > 서비스 통합,19세 ~ 24세 여성,1539,3415,451,10,154,0.29,0,0,0,0,0,0,0,0,0,0,0,0,0,0,0,0,0,0,0,0,0,0,0,0,0,0,0,0,0,0,0,0,0,0,0,0,0,0,0,0,0,0,0,0,0,0,0.00,0,0.00,0.00
세탁기_커피소구_01,4640746,세탁기_트래픽_구독 페스티벌,1628465,2026.10.02.,네이버 퍼포먼스 네트워크 > 서비스 통합,25세 ~ 29세 여성,630,2761,228,5,126,0.18,0,0,0,0,0,0,0,0,0,0,0,0,0,0,0,0,0,0,0,0,0,0,0,0,0,0,0,0,0,0,0,0,0,0,0,0,0,0,0,0,0,0,0,0,0,0,0.00,0,0.00,0.00
세탁기_커피소구_01,4640746,세탁기_트래픽_구독 페스티벌,1628465,2026.10.02.,네이버 퍼포먼스 네트워크 > 서비스 통합,30세 ~ 34세 여성,940,2797,336,7,134,0.25,0,0,0,0,0,0,0,0,0,0,0,0,0,0,0,0,0,0,0,0,0,0,0,0,0,0,0,0,0,0,0,0,0,0,0,0,0,0,0,0,0,0,0,0,0,0,0.00,0,0.00,0.00
세탁기_커피소구_01,4640746,세탁기_트래픽_구독 페스티벌,1628465,2026.10.02.,네이버 퍼포먼스 네트워크 > 서비스 통합,35세 ~ 39세 여성,308,2346,131,3,103,0.13,0,0,0,0,0,0,0,0,0,0,0,0,0,0,0,0,0,0,0,0,0,0,0,0,0,0,0,0,0,0,0,0,0,0,0,0,0,0,0,0,0,0,0,0,0,0,0.00,0,0.00,0.00
세탁기_커피소구_01,4640746,세탁기_트래픽_구독 페스티벌,1628465,2026.10.02.,네이버 퍼포먼스 네트워크 > 서비스 통합,40세 ~ 44세 여성,1688,2550,662,9,188,0.35,0,0,0,0,0,0,0,0,0,0,0,0,0,0,0,0,0,0,0,0,0,0,0,0,0,0,0,0,0,0,0,0,0,0,0,0,0,0,0,0,0,0,0,0,0,0,0.00,0,0.00,0.00
세탁기_커피소구_01,4640746,세탁기_트래픽_구독 페스티벌,1628465,2026.10.02.,네이버 퍼포먼스 네트워크 > 서비스 통합,45세 ~ 49세 여성,7273,10331,704,59,123,0.57,0,0,0,0,0,0,0,0,0,0,0,0,0,0,0,0,0,0,0,0,0,0,0,0,0,0,0,0,0,0,0,0,0,0,0,0,0,0,0,0,0,0,0,0,0,0,0.00,0,0.00,0.00
세탁기_커피소구_01,4640746,세탁기_트래픽_구독 페스티벌,1628465,2026.10.02.,네이버 퍼포먼스 네트워크 > 서비스 통합,"연령 알 수 없음 여성 ",215,1984,108,2,107,0.10,0,0,0,0,0,0,0,0,0,0,0,0,0,0,0,0,0,0,0,0,0,0,0,0,0,0,0,0,0,0,0,0,0,0,0,0,0,0,0,0,0,0,0,0,0,0,0.00,0,0.00,0.00
세탁기_커피소구_01,4640746,세탁기_트래픽_구독 페스티벌,1628465,2026.10.02.,네이버 퍼포먼스 네트워크 > 서비스 통합,19세 ~ 24세 남성,785,9577,82,8,98,0.08,0,0,0,0,0,0,0,0,0,0,0,0,0,0,0,0,0,0,0,0,0,0,0,0,0,0,0,0,0,0,0,0,0,0,0,0,0,0,0,0,0,0,0,0,0,0,0.00,0,0.00,0.00
세탁기_커피소구_01,4640746,세탁기_트래픽_구독 페스티벌,1628465,2026.10.02.,네이버 퍼포먼스 네트워크 > 서비스 통합,25세 ~ 29세 남성,1750,12902,136,13,135,0.10,0,0,0,0,0,0,0,0,0,0,0,0,0,0,0,0,0,0,0,0,0,0,0,0,0,0,0,0,0,0,0,0,0,0,0,0,0,0,0,0,0,0,0,0,0,0,0.00,0,0.00,0.00
세탁기_커피소구_01,4640746,세탁기_트래픽_구독 페스티벌,1628465,2026.10.02.,네이버 퍼포먼스 네트워크 > 서비스 통합,30세 ~ 34세 남성,1643,16366,100,10,164,0.06,0,0,0,0,0,0,0,0,0,0,0,0,0,0,0,0,0,0,0,0,0,0,0,0,0,0,0,0,0,0,0,0,0,0,0,0,0,0,0,0,0,0,0,0,0,0,0.00,0,0.00,0.00
세탁기_커피소구_01,4640746,세탁기_트래픽_구독 페스티벌,1628465,2026.10.02.,네이버 퍼포먼스 네트워크 > 서비스 통합,35세 ~ 39세 남성,876,9835,89,7,125,0.07,0,0,0,0,0,0,0,0,0,0,0,0,0,0,0,0,0,0,0,0,0,0,0,0,0,0,0,0,0,0,0,0,0,0,0,0,0,0,0,0,0,0,0,0,0,0,0.00,0,0.00,0.00
세탁기_커피소구_01,4640746,세탁기_트래픽_구독 페스티벌,1628465,2026.10.02.,네이버 퍼포먼스 네트워크 > 서비스 통합,40세 ~ 44세 남성,1579,7554,209,12,132,0.16,0,0,0,0,0,0,0,0,0,0,0,0,0,0,0,0,0,0,0,0,0,0,0,0,0,0,0,0,0,0,0,0,0,0,0,0,0,0,0,0,0,0,0,0,0,0,0.00,0,0.00,0.00
세탁기_커피소구_01,4640746,세탁기_트래픽_구독 페스티벌,1628465,2026.10.02.,네이버 퍼포먼스 네트워크 > 서비스 통합,45세 ~ 49세 남성,5023,7484,671,28,179,0.37,0,0,0,0,0,0,0,0,0,0,0,0,0,0,0,0,0,0,0,0,0,0,0,0,0,0,0,0,0,0,0,0,0,0,0,0,0,0,0,0,0,0,0,0,0,0,0.00,0,0.00,0.00
세탁기_커피소구_01,4640746,세탁기_트래픽_구독 페스티벌,1628465,2026.10.02.,네이버 퍼포먼스 네트워크 > 서비스 통합,연령 알 수 없음 남성,1291,13222,98,9,143,0.07,0,0,0,0,0,0,0,0,0,0,0,0,0,0,0,0,0,0,0,0,0,0,0,0,0,0,0,0,0,0,0,0,0,0,0,0,0,0,0,0,0,0,0,0,0,0,0.00,0,0.00,0.00
세탁기_커피소구_01,4640746,세탁기_트래픽_구독 페스티벌,1628465,2026.10.02.,네이버 퍼포먼스 네트워크 > 서비스 통합,19세 ~ 24세 성별 알 수 없음,0,176,0,0,0,0.00,0,0,0,0,0,0,0,0,0,0,0,0,0,0,0,0,0,0,0,0,0,0,0,0,0,0,0,0,0,0,0,0,0,0,0,0,0,0,0,0,0,0,0,0,0,0,0.00,0,0.00,0.00
세탁기_커피소구_01,4640746,세탁기_트래픽_구독 페스티벌,1628465,2026.10.02.,네이버 퍼포먼스 네트워크 > 서비스 통합,25세 ~ 29세 성별 알 수 없음,0,400,0,0,0,0.00,0,0,0,0,0,0,0,0,0,0,0,0,0,0,0,0,0,0,0,0,0,0,0,0,0,0,0,0,0,0,0,0,0,0,0,0,0,0,0,0,0,0,0,0,0,0,0.00,0,0.00,0.00
세탁기_커피소구_01,4640746,세탁기_트래픽_구독 페스티벌,1628465,2026.10.02.,네이버 퍼포먼스 네트워크 > 서비스 통합,30세 ~ 34세 성별 알 수 없음,0,404,0,0,0,0.00,0,0,0,0,0,0,0,0,0,0,0,0,0,0,0,0,0,0,0,0,0,0,0,0,0,0,0,0,0,0,0,0,0,0,0,0,0,0,0,0,0,0,0,0,0,0,0.00,0,0.00,0.00
세탁기_커피소구_01,4640746,세탁기_트래픽_구독 페스티벌,1628465,2026.10.02.,네이버 퍼포먼스 네트워크 > 서비스 통합,35세 ~ 39세 성별 알 수 없음,0,225,0,0,0,0.00,0,0,0,0,0,0,0,0,0,0,0,0,0,0,0,0,0,0,0,0,0,0,0,0,0,0,0,0,0,0,0,0,0,0,0,0,0,0,0,0,0,0,0,0,0,0,0.00,0,0.00,0.00
세탁기_커피소구_01,4640746,세탁기_트래픽_구독 페스티벌,1628465,2026.10.02.,네이버 퍼포먼스 네트워크 > 서비스 통합,40세 ~ 44세 성별 알 수 없음,0,162,0,0,0,0.00,0,0,0,0,0,0,0,0,0,0,0,0,0,0,0,0,0,0,0,0,0,0,0,0,0,0,0,0,0,0,0,0,0,0,0,0,0,0,0,0,0,0,0,0,0,0,0.00,0,0.00,0.00
세탁기_커피소구_01,4640746,세탁기_트래픽_구독 페스티벌,1628465,2026.10.02.,네이버 퍼포먼스 네트워크 > 서비스 통합,45세 ~ 49세 성별 알 수 없음,0,122,0,0,0,0.00,0,0,0,0,0,0,0,0,0,0,0,0,0,0,0,0,0,0,0,0,0,0,0,0,0,0,0,0,0,0,0,0,0,0,0,0,0,0,0,0,0,0,0,0,0,0,0.00,0,0.00,0.00
세탁기_커피소구_01,4640746,세탁기_트래픽_구독 페스티벌,1628465,2026.10.02.,네이버 퍼포먼스 네트워크 > 서비스 통합,알 수 없음,3211,11071,290,26,123,0.23,0,0,0,0,0,0,0,0,0,0,0,0,0,0,0,0,0,0,0,0,0,0,0,0,0,0,0,0,0,0,0,0,0,0,0,0,0,0,0,0,0,0,0,0,0,0,0.00,0,0.00,0.00
세탁기_커피소구_01,4640746,세탁기_트래픽_구독 페스티벌,1628465,2026.10.02.,네이버 퍼포먼스 네트워크 > 피드,19세 ~ 24세 여성,0,26,0,0,0,0.00,0,0,0,0,0,0,0,0,0,0,0,0,0,0,0,0,0,0,0,0,0,0,0,0,0,0,0,0,0,0,0,0,0,0,0,0,0,0,0,0,0,0,0,0,0,0,0.00,0,0.00,0.00
세탁기_커피소구_01,4640746,세탁기_트래픽_구독 페스티벌,1628465,2026.10.02.,네이버 퍼포먼스 네트워크 > 피드,25세 ~ 29세 여성,276,4,69043,1,276,25.00,0,0,0,0,0,0,0,0,0,0,0,0,0,0,0,0,0,0,0,0,0,0,0,0,0,0,0,0,0,0,0,0,0,0,0,0,0,0,0,0,0,0,0,0,0,0,0.00,0,0.00,0.00
세탁기_커피소구_01,4640746,세탁기_트래픽_구독 페스티벌,1628465,2026.10.02.,네이버 퍼포먼스 네트워크 > 피드,30세 ~ 34세 여성,0,9,0,0,0,0.00,0,0,0,0,0,0,0,0,0,0,0,0,0,0,0,0,0,0,0,0,0,0,0,0,0,0,0,0,0,0,0,0,0,0,0,0,0,0,0,0,0,0,0,0,0,0,0.00,0,0.00,0.00
세탁기_커피소구_01,4640746,세탁기_트래픽_구독 페스티벌,1628465,2026.10.02.,네이버 퍼포먼스 네트워크 > 피드,35세 ~ 39세 여성,0,19,0,0,0,0.00,0,0,0,0,0,0,0,0,0,0,0,0,0,0,0,0,0,0,0,0,0,0,0,0,0,0,0,0,0,0,0,0,0,0,0,0,0,0,0,0,0,0,0,0,0,0,0.00,0,0.00,0.00
세탁기_커피소구_01,4640746,세탁기_트래픽_구독 페스티벌,1628465,2026.10.02.,네이버 퍼포먼스 네트워크 > 피드,40세 ~ 44세 여성,0,35,0,0,0,0.00,0,0,0,0,0,0,0,0,0,0,0,0,0,0,0,0,0,0,0,0,0,0,0,0,0,0,0,0,0,0,0,0,0,0,0,0,0,0,0,0,0,0,0,0,0,0,0.00,0,0.00,0.00
세탁기_커피소구_01,4640746,세탁기_트래픽_구독 페스티벌,1628465,2026.10.02.,네이버 퍼포먼스 네트워크 > 피드,45세 ~ 49세 여성,0,209,0,0,0,0.00,0,0,0,0,0,0,0,0,0,0,0,0,0,0,0,0,0,0,0,0,0,0,0,0,0,0,0,0,0,0,0,0,0,0,0,0,0,0,0,0,0,0,0,0,0,0,0.00,0,0.00,0.00
세탁기_커피소구_01,4640746,세탁기_트래픽_구독 페스티벌,1628465,2026.10.02.,네이버 퍼포먼스 네트워크 > 피드,19세 ~ 24세 남성,0,41,0,0,0,0.00,0,0,0,0,0,0,0,0,0,0,0,0,0,0,0,0,0,0,0,0,0,0,0,0,0,0,0,0,0,0,0,0,0,0,0,0,0,0,0,0,0,0,0,0,0,0,0.00,0,0.00,0.00
세탁기_커피소구_01,4640746,세탁기_트래픽_구독 페스티벌,1628465,2026.10.02.,네이버 퍼포먼스 네트워크 > 피드,25세 ~ 29세 남성,0,6,0,0,0,0.00,0,0,0,0,0,0,0,0,0,0,0,0,0,0,0,0,0,0,0,0,0,0,0,0,0,0,0,0,0,0,0,0,0,0,0,0,0,0,0,0,0,0,0,0,0,0,0.00,0,0.00,0.00
세탁기_커피소구_01,4640746,세탁기_트래픽_구독 페스티벌,1628465,2026.10.02.,네이버 퍼포먼스 네트워크 > 피드,30세 ~ 34세 남성,0,28,0,0,0,0.00,0,0,0,0,0,0,0,0,0,0,0,0,0,0,0,0,0,0,0,0,0,0,0,0,0,0,0,0,0,0,0,0,0,0,0,0,0,0,0,0,0,0,0,0,0,0,0.00,0,0.00,0.00
세탁기_커피소구_01,4640746,세탁기_트래픽_구독 페스티벌,1628465,2026.10.02.,네이버 퍼포먼스 네트워크 > 피드,35세 ~ 39세 남성,281,31,9075,1,281,3.23,0,0,0,0,0,0,0,0,0,0,0,0,0,0,0,0,0,0,0,0,0,0,0,0,0,0,0,0,0,0,0,0,0,0,0,0,0,0,0,0,0,0,0,0,0,0,0.00,0,0.00,0.00
세탁기_커피소구_01,4640746,세탁기_트래픽_구독 페스티벌,1628465,2026.10.02.,네이버 퍼포먼스 네트워크 > 피드,40세 ~ 44세 남성,0,60,0,0,0,0.00,0,0,0,0,0,0,0,0,0,0,0,0,0,0,0,0,0,0,0,0,0,0,0,0,0,0,0,0,0,0,0,0,0,0,0,0,0,0,0,0,0,0,0,0,0,0,0.00,0,0.00,0.00
세탁기_커피소구_01,4640746,세탁기_트래픽_구독 페스티벌,1628465,2026.10.02.,네이버 퍼포먼스 네트워크 > 피드,45세 ~ 49세 남성,196,176,1111,1,196,0.57,0,0,0,0,0,0,0,0,0,0,0,0,0,0,0,0,0,0,0,0,0,0,0,0,0,0,0,0,0,0,0,0,0,0,0,0,0,0,0,0,0,0,0,0,0,0,0.00,0,0.00,0.00
세탁기_커피소구_01,4640746,세탁기_트래픽_구독 페스티벌,1628465,2026.10.02.,네이버 퍼포먼스 네트워크 > 피드,알 수 없음,0,59,0,0,0,0.00,0,0,0,0,0,0,0,0,0,0,0,0,0,0,0,0,0,0,0,0,0,0,0,0,0,0,0,0,0,0,0,0,0,0,0,0,0,0,0,0,0,0,0,0,0,0,0.00,0,0.00,0.00
세탁기_커피소구_01,4640746,세탁기_트래픽_구독 페스티벌,1628465,2026.10.01.,네이버+ > 피드,19세 ~ 24세 여성,0,11,0,0,0,0.00,0,0,0,0,0,0,0,0,0,0,0,0,0,0,0,0,0,0,0,0,0,0,0,0,0,0,0,0,0,0,0,0,0,0,0,0,0,0,0,0,0,0,0,0,0,0,0.00,0,0.00,0.00
세탁기_커피소구_01,4640746,세탁기_트래픽_구독 페스티벌,1628465,2026.10.01.,네이버+ > 피드,25세 ~ 29세 여성,0,5,0,0,0,0.00,0,0,0,0,0,0,0,0,0,0,0,0,0,0,0,0,0,0,0,0,0,0,0,0,0,0,0,0,0,0,0,0,0,0,0,0,0,0,0,0,0,0,0,0,0,0,0.00,0,0.00,0.00
세탁기_커피소구_01,4640746,세탁기_트래픽_구독 페스티벌,1628465,2026.10.01.,네이버+ > 피드,30세 ~ 34세 여성,0,5,0,0,0,0.00,0,0,0,0,0,0,0,0,0,0,0,0,0,0,0,0,0,0,0,0,0,0,0,0,0,0,0,0,0,0,0,0,0,0,0,0,0,0,0,0,0,0,0,0,0,0,0.00,0,0.00,0.00
세탁기_커피소구_01,4640746,세탁기_트래픽_구독 페스티벌,1628465,2026.10.01.,네이버+ > 피드,35세 ~ 39세 여성,0,7,0,0,0,0.00,0,0,0,0,0,0,0,0,0,0,0,0,0,0,0,0,0,0,0,0,0,0,0,0,0,0,0,0,0,0,0,0,0,0,0,0,0,0,0,0,0,0,0,0,0,0,0.00,0,0.00,0.00
세탁기_커피소구_01,4640746,세탁기_트래픽_구독 페스티벌,1628465,2026.10.01.,네이버+ > 피드,40세 ~ 44세 여성,0,6,0,0,0,0.00,0,0,0,0,0,0,0,0,0,0,0,0,0,0,0,0,0,0,0,0,0,0,0,0,0,0,0,0,0,0,0,0,0,0,0,0,0,0,0,0,0,0,0,0,0,0,0.00,0,0.00,0.00
세탁기_커피소구_01,4640746,세탁기_트래픽_구독 페스티벌,1628465,2026.10.01.,네이버+ > 피드,45세 ~ 49세 여성,0,22,0,0,0,0.00,0,0,0,0,0,0,0,0,0,0,0,0,0,0,0,0,0,0,0,0,0,0,0,0,0,0,0,0,0,0,0,0,0,0,0,0,0,0,0,0,0,0,0,0,0,0,0.00,0,0.00,0.00
세탁기_커피소구_01,4640746,세탁기_트래픽_구독 페스티벌,1628465,2026.10.01.,네이버+ > 피드,"연령 알 수 없음 여성 ",0,16,0,0,0,0.00,0,0,0,0,0,0,0,0,0,0,0,0,0,0,0,0,0,0,0,0,0,0,0,0,0,0,0,0,0,0,0,0,0,0,0,0,0,0,0,0,0,0,0,0,0,0,0.00,0,0.00,0.00
세탁기_커피소구_01,4640746,세탁기_트래픽_구독 페스티벌,1628465,2026.10.01.,네이버+ > 피드,19세 ~ 24세 남성,210,26,8071,1,210,3.85,0,0,0,0,0,0,0,0,0,0,0,0,0,0,0,0,0,0,0,0,0,0,0,0,0,0,0,0,0,0,0,0,0,0,0,0,0,0,0,0,0,0,0,0,0,0,0.00,0,0.00,0.00
세탁기_커피소구_01,4640746,세탁기_트래픽_구독 페스티벌,1628465,2026.10.01.,네이버+ > 피드,25세 ~ 29세 남성,246,17,14480,1,246,5.88,0,0,0,0,0,0,0,0,0,0,0,0,0,0,0,0,0,0,0,0,0,0,0,0,0,0,0,0,0,0,0,0,0,0,0,0,0,0,0,0,0,0,0,0,0,0,0.00,0,0.00,0.00
세탁기_커피소구_01,4640746,세탁기_트래픽_구독 페스티벌,1628465,2026.10.01.,네이버+ > 피드,30세 ~ 34세 남성,0,22,0,0,0,0.00,0,0,0,0,0,0,0,0,0,0,0,0,0,0,0,0,0,0,0,0,0,0,0,0,0,0,0,0,0,0,0,0,0,0,0,0,0,0,0,0,0,0,0,0,0,0,0.00,0,0.00,0.00
세탁기_커피소구_01,4640746,세탁기_트래픽_구독 페스티벌,1628465,2026.10.01.,네이버+ > 피드,35세 ~ 39세 남성,0,35,0,0,0,0.00,0,0,0,0,0,0,0,0,0,0,0,0,0,0,0,0,0,0,0,0,0,0,0,0,0,0,0,0,0,0,0,0,0,0,0,0,0,0,0,0,0,0,0,0,0,0,0.00,0,0.00,0.00
세탁기_커피소구_01,4640746,세탁기_트래픽_구독 페스티벌,1628465,2026.10.01.,네이버+ > 피드,40세 ~ 44세 남성,0,77,0,0,0,0.00,0,0,0,0,0,0,0,0,0,0,0,0,0,0,0,0,0,0,0,0,0,0,0,0,0,0,0,0,0,0,0,0,0,0,0,0,0,0,0,0,0,0,0,0,0,0,0.00,0,0.00,0.00
세탁기_커피소구_01,4640746,세탁기_트래픽_구독 페스티벌,1628465,2026.10.01.,네이버+ > 피드,45세 ~ 49세 남성,301,65,4629,1,301,1.54,0,0,0,0,0,0,0,0,0,0,0,0,0,0,0,0,0,0,0,0,0,0,0,0,0,0,0,0,0,0,0,0,0,0,0,0,0,0,0,0,0,0,0,0,0,0,0.00,0,0.00,0.00
세탁기_커피소구_01,4640746,세탁기_트래픽_구독 페스티벌,1628465,2026.10.01.,네이버+ > 피드,연령 알 수 없음 남성,0,23,0,0,0,0.00,0,0,0,0,0,0,0,0,0,0,0,0,0,0,0,0,0,0,0,0,0,0,0,0,0,0,0,0,0,0,0,0,0,0,0,0,0,0,0,0,0,0,0,0,0,0,0.00,0,0.00,0.00
세탁기_커피소구_01,4640746,세탁기_트래픽_구독 페스티벌,1628465,2026.10.01.,네이버+ > 피드,35세 ~ 39세 성별 알 수 없음,0,1,0,0,0,0.00,0,0,0,0,0,0,0,0,0,0,0,0,0,0,0,0,0,0,0,0,0,0,0,0,0,0,0,0,0,0,0,0,0,0,0,0,0,0,0,0,0,0,0,0,0,0,0.00,0,0.00,0.00
세탁기_커피소구_01,4640746,세탁기_트래픽_구독 페스티벌,1628465,2026.10.01.,네이버+ > 피드,45세 ~ 49세 성별 알 수 없음,0,1,0,0,0,0.00,0,0,0,0,0,0,0,0,0,0,0,0,0,0,0,0,0,0,0,0,0,0,0,0,0,0,0,0,0,0,0,0,0,0,0,0,0,0,0,0,0,0,0,0,0,0,0.00,0,0.00,0.00
세탁기_커피소구_01,4640746,세탁기_트래픽_구독 페스티벌,1628465,2026.10.01.,네이버+ > 피드,알 수 없음,0,133,0,0,0,0.00,0,0,0,0,0,0,0,0,0,0,0,0,0,0,0,0,0,0,0,0,0,0,0,0,0,0,0,0,0,0,0,0,0,0,0,0,0,0,0,0,0,0,0,0,0,0,0.00,0,0.00,0.00
세탁기_커피소구_01,4640746,세탁기_트래픽_구독 페스티벌,1628465,2026.10.01.,네이버+ > 서비스 통합,19세 ~ 24세 여성,0,2,0,0,0,0.00,0,0,0,0,0,0,0,0,0,0,0,0,0,0,0,0,0,0,0,0,0,0,0,0,0,0,0,0,0,0,0,0,0,0,0,0,0,0,0,0,0,0,0,0,0,0,0.00,0,0.00,0.00
세탁기_커피소구_01,4640746,세탁기_트래픽_구독 페스티벌,1628465,2026.10.01.,네이버+ > 서비스 통합,25세 ~ 29세 여성,0,1,0,0,0,0.00,0,0,0,0,0,0,0,0,0,0,0,0,0,0,0,0,0,0,0,0,0,0,0,0,0,0,0,0,0,0,0,0,0,0,0,0,0,0,0,0,0,0,0,0,0,0,0.00,0,0.00,0.00
세탁기_커피소구_01,4640746,세탁기_트래픽_구독 페스티벌,1628465,2026.10.01.,네이버+ > 서비스 통합,35세 ~ 39세 여성,0,1,0,0,0,0.00,0,0,0,0,0,0,0,0,0,0,0,0,0,0,0,0,0,0,0,0,0,0,0,0,0,0,0,0,0,0,0,0,0,0,0,0,0,0,0,0,0,0,0,0,0,0,0.00,0,0.00,0.00
세탁기_커피소구_01,4640746,세탁기_트래픽_구독 페스티벌,1628465,2026.10.01.,네이버+ > 서비스 통합,45세 ~ 49세 여성,0,2,0,0,0,0.00,0,0,0,0,0,0,0,0,0,0,0,0,0,0,0,0,0,0,0,0,0,0,0,0,0,0,0,0,0,0,0,0,0,0,0,0,0,0,0,0,0,0,0,0,0,0,0.00,0,0.00,0.00
세탁기_커피소구_01,4640746,세탁기_트래픽_구독 페스티벌,1628465,2026.10.01.,네이버+ > 서비스 통합,19세 ~ 24세 남성,0,9,0,0,0,0.00,0,0,0,0,0,0,0,0,0,0,0,0,0,0,0,0,0,0,0,0,0,0,0,0,0,0,0,0,0,0,0,0,0,0,0,0,0,0,0,0,0,0,0,0,0,0,0.00,0,0.00,0.00
세탁기_커피소구_01,4640746,세탁기_트래픽_구독 페스티벌,1628465,2026.10.01.,네이버+ > 서비스 통합,25세 ~ 29세 남성,0,6,0,0,0,0.00,0,0,0,0,0,0,0,0,0,0,0,0,0,0,0,0,0,0,0,0,0,0,0,0,0,0,0,0,0,0,0,0,0,0,0,0,0,0,0,0,0,0,0,0,0,0,0.00,0,0.00,0.00
세탁기_커피소구_01,4640746,세탁기_트래픽_구독 페스티벌,1628465,2026.10.01.,네이버+ > 서비스 통합,30세 ~ 34세 남성,0,5,0,0,0,0.00,0,0,0,0,0,0,0,0,0,0,0,0,0,0,0,0,0,0,0,0,0,0,0,0,0,0,0,0,0,0,0,0,0,0,0,0,0,0,0,0,0,0,0,0,0,0,0.00,0,0.00,0.00
세탁기_커피소구_01,4640746,세탁기_트래픽_구독 페스티벌,1628465,2026.10.01.,네이버+ > 서비스 통합,35세 ~ 39세 남성,0,4,0,0,0,0.00,0,0,0,0,0,0,0,0,0,0,0,0,0,0,0,0,0,0,0,0,0,0,0,0,0,0,0,0,0,0,0,0,0,0,0,0,0,0,0,0,0,0,0,0,0,0,0.00,0,0.00,0.00
세탁기_커피소구_01,4640746,세탁기_트래픽_구독 페스티벌,1628465,2026.10.01.,네이버+ > 서비스 통합,40세 ~ 44세 남성,0,4,0,0,0,0.00,0,0,0,0,0,0,0,0,0,0,0,0,0,0,0,0,0,0,0,0,0,0,0,0,0,0,0,0,0,0,0,0,0,0,0,0,0,0,0,0,0,0,0,0,0,0,0.00,0,0.00,0.00
세탁기_커피소구_01,4640746,세탁기_트래픽_구독 페스티벌,1628465,2026.10.01.,네이버+ > 서비스 통합,45세 ~ 49세 남성,0,7,0,0,0,0.00,0,0,0,0,0,0,0,0,0,0,0,0,0,0,0,0,0,0,0,0,0,0,0,0,0,0,0,0,0,0,0,0,0,0,0,0,0,0,0,0,0,0,0,0,0,0,0.00,0,0.00,0.00
세탁기_커피소구_01,4640746,세탁기_트래픽_구독 페스티벌,1628465,2026.10.01.,네이버+ > 서비스 통합,연령 알 수 없음 남성,0,4,0,0,0,0.00,0,0,0,0,0,0,0,0,0,0,0,0,0,0,0,0,0,0,0,0,0,0,0,0,0,0,0,0,0,0,0,0,0,0,0,0,0,0,0,0,0,0,0,0,0,0,0.00,0,0.00,0.00
세탁기_커피소구_01,4640746,세탁기_트래픽_구독 페스티벌,1628465,2026.10.01.,네이버+ > 서비스 통합,알 수 없음,0,6,0,0,0,0.00,0,0,0,0,0,0,0,0,0,0,0,0,0,0,0,0,0,0,0,0,0,0,0,0,0,0,0,0,0,0,0,0,0,0,0,0,0,0,0,0,0,0,0,0,0,0,0.00,0,0.00,0.00
세탁기_커피소구_01,4640746,세탁기_트래픽_구독 페스티벌,1628465,2026.10.01.,네이버 퍼포먼스 네트워크 > 서비스 통합,19세 ~ 24세 여성,240,110,2186,1,240,0.91,0,0,0,0,0,0,0,0,0,0,0,0,0,0,0,0,0,0,0,0,0,0,0,0,0,0,0,0,0,0,0,0,0,0,0,0,0,0,0,0,0,0,0,0,0,0,0.00,0,0.00,0.00
세탁기_커피소구_01,4640746,세탁기_트래픽_구독 페스티벌,1628465,2026.10.01.,네이버 퍼포먼스 네트워크 > 서비스 통합,25세 ~ 29세 여성,203,185,1095,1,203,0.54,0,0,0,0,0,0,0,0,0,0,0,0,0,0,0,0,0,0,0,0,0,0,0,0,0,0,0,0,0,0,0,0,0,0,0,0,0,0,0,0,0,0,0,0,0,0,0.00,0,0.00,0.00
세탁기_커피소구_01,4640746,세탁기_트래픽_구독 페스티벌,1628465,2026.10.01.,네이버 퍼포먼스 네트워크 > 서비스 통합,30세 ~ 34세 여성,0,218,0,0,0,0.00,0,0,0,0,0,0,0,0,0,0,0,0,0,0,0,0,0,0,0,0,0,0,0,0,0,0,0,0,0,0,0,0,0,0,0,0,0,0,0,0,0,0,0,0,0,0,0.00,0,0.00,0.00
세탁기_커피소구_01,4640746,세탁기_트래픽_구독 페스티벌,1628465,2026.10.01.,네이버 퍼포먼스 네트워크 > 서비스 통합,35세 ~ 39세 여성,751,328,2289,3,250,0.91,0,0,0,0,0,0,0,0,0,0,0,0,0,0,0,0,0,0,0,0,0,0,0,0,0,0,0,0,0,0,0,0,0,0,0,0,0,0,0,0,0,0,0,0,0,0,0.00,0,0.00,0.00
세탁기_커피소구_01,4640746,세탁기_트래픽_구독 페스티벌,1628465,2026.10.01.,네이버 퍼포먼스 네트워크 > 서비스 통합,40세 ~ 44세 여성,1479,551,2684,6,247,1.09,0,0,0,0,0,0,0,0,0,0,0,0,0,0,0,0,0,0,0,0,0,0,0,0,0,0,0,0,0,0,0,0,0,0,0,0,0,0,0,0,0,0,0,0,0,0,0.00,0,0.00,0.00
세탁기_커피소구_01,4640746,세탁기_트래픽_구독 페스티벌,1628465,2026.10.01.,네이버 퍼포먼스 네트워크 > 서비스 통합,45세 ~ 49세 여성,1868,1195,1563,8,233,0.67,0,0,0,0,0,0,0,0,0,0,0,0,0,0,0,0,0,0,0,0,0,0,0,0,0,0,0,0,0,0,0,0,0,0,0,0,0,0,0,0,0,0,0,0,0,0,0.00,0,0.00,0.00
세탁기_커피소구_01,4640746,세탁기_트래픽_구독 페스티벌,1628465,2026.10.01.,네이버 퍼포먼스 네트워크 > 서비스 통합,"연령 알 수 없음 여성 ",0,38,0,0,0,0.00,0,0,0,0,0,0,0,0,0,0,0,0,0,0,0,0,0,0,0,0,0,0,0,0,0,0,0,0,0,0,0,0,0,0,0,0,0,0,0,0,0,0,0,0,0,0,0.00,0,0.00,0.00
세탁기_커피소구_01,4640746,세탁기_트래픽_구독 페스티벌,1628465,2026.10.01.,네이버 퍼포먼스 네트워크 > 서비스 통합,19세 ~ 24세 남성,0,227,0,0,0,0.00,0,0,0,0,0,0,0,0,0,0,0,0,0,0,0,0,0,0,0,0,0,0,0,0,0,0,0,0,0,0,0,0,0,0,0,0,0,0,0,0,0,0,0,0,0,0,0.00,0,0.00,0.00
세탁기_커피소구_01,4640746,세탁기_트래픽_구독 페스티벌,1628465,2026.10.01.,네이버 퍼포먼스 네트워크 > 서비스 통합,25세 ~ 29세 남성,0,243,0,0,0,0.00,0,0,0,0,0,0,0,0,0,0,0,0,0,0,0,0,0,0,0,0,0,0,0,0,0,0,0,0,0,0,0,0,0,0,0,0,0,0,0,0,0,0,0,0,0,0,0.00,0,0.00,0.00
세탁기_커피소구_01,4640746,세탁기_트래픽_구독 페스티벌,1628465,2026.10.01.,네이버 퍼포먼스 네트워크 > 서비스 통합,30세 ~ 34세 남성,0,400,0,0,0,0.00,0,0,0,0,0,0,0,0,0,0,0,0,0,0,0,0,0,0,0,0,0,0,0,0,0,0,0,0,0,0,0,0,0,0,0,0,0,0,0,0,0,0,0,0,0,0,0.00,0,0.00,0.00
세탁기_커피소구_01,4640746,세탁기_트래픽_구독 페스티벌,1628465,2026.10.01.,네이버 퍼포먼스 네트워크 > 서비스 통합,35세 ~ 39세 남성,1422,583,2439,6,237,1.03,0,0,0,0,0,0,0,0,0,0,0,0,0,0,0,0,0,0,0,0,0,0,0,0,0,0,0,0,0,0,0,0,0,0,0,0,0,0,0,0,0,0,0,0,0,0,0.00,0,0.00,0.00
세탁기_커피소구_01,4640746,세탁기_트래픽_구독 페스티벌,1628465,2026.10.01.,네이버 퍼포먼스 네트워크 > 서비스 통합,40세 ~ 44세 남성,1490,1033,1443,6,248,0.58,0,0,0,0,0,0,0,0,0,0,0,0,0,0,0,0,0,0,0,0,0,0,0,0,0,0,0,0,0,0,0,0,0,0,0,0,0,0,0,0,0,0,0,0,0,0,0.00,0,0.00,0.00
세탁기_커피소구_01,4640746,세탁기_트래픽_구독 페스티벌,1628465,2026.10.01.,네이버 퍼포먼스 네트워크 > 서비스 통합,45세 ~ 49세 남성,2994,2057,1456,12,250,0.58,0,0,0,0,0,0,0,0,0,0,0,0,0,0,0,0,0,0,0,0,0,0,0,0,0,0,0,0,0,0,0,0,0,0,0,0,0,0,0,0,0,0,0,0,0,0,0.00,0,0.00,0.00
세탁기_커피소구_01,4640746,세탁기_트래픽_구독 페스티벌,1628465,2026.10.01.,네이버 퍼포먼스 네트워크 > 서비스 통합,연령 알 수 없음 남성,0,212,0,0,0,0.00,0,0,0,0,0,0,0,0,0,0,0,0,0,0,0,0,0,0,0,0,0,0,0,0,0,0,0,0,0,0,0,0,0,0,0,0,0,0,0,0,0,0,0,0,0,0,0.00,0,0.00,0.00
세탁기_커피소구_01,4640746,세탁기_트래픽_구독 페스티벌,1628465,2026.10.01.,네이버 퍼포먼스 네트워크 > 서비스 통합,19세 ~ 24세 성별 알 수 없음,0,2,0,0,0,0.00,0,0,0,0,0,0,0,0,0,0,0,0,0,0,0,0,0,0,0,0,0,0,0,0,0,0,0,0,0,0,0,0,0,0,0,0,0,0,0,0,0,0,0,0,0,0,0.00,0,0.00,0.00
세탁기_커피소구_01,4640746,세탁기_트래픽_구독 페스티벌,1628465,2026.10.01.,네이버 퍼포먼스 네트워크 > 서비스 통합,30세 ~ 34세 성별 알 수 없음,0,3,0,0,0,0.00,0,0,0,0,0,0,0,0,0,0,0,0,0,0,0,0,0,0,0,0,0,0,0,0,0,0,0,0,0,0,0,0,0,0,0,0,0,0,0,0,0,0,0,0,0,0,0.00,0,0.00,0.00
세탁기_커피소구_01,4640746,세탁기_트래픽_구독 페스티벌,1628465,2026.10.01.,네이버 퍼포먼스 네트워크 > 서비스 통합,35세 ~ 39세 성별 알 수 없음,173,19,9096,1,173,5.26,0,0,0,0,0,0,0,0,0,0,0,0,0,0,0,0,0,0,0,0,0,0,0,0,0,0,0,0,0,0,0,0,0,0,0,0,0,0,0,0,0,0,0,0,0,0,0.00,0,0.00,0.00
세탁기_커피소구_01,4640746,세탁기_트래픽_구독 페스티벌,1628465,2026.10.01.,네이버 퍼포먼스 네트워크 > 서비스 통합,40세 ~ 44세 성별 알 수 없음,0,4,0,0,0,0.00,0,0,0,0,0,0,0,0,0,0,0,0,0,0,0,0,0,0,0,0,0,0,0,0,0,0,0,0,0,0,0,0,0,0,0,0,0,0,0,0,0,0,0,0,0,0,0.00,0,0.00,0.00
세탁기_커피소구_01,4640746,세탁기_트래픽_구독 페스티벌,1628465,2026.10.01.,네이버 퍼포먼스 네트워크 > 서비스 통합,45세 ~ 49세 성별 알 수 없음,0,10,0,0,0,0.00,0,0,0,0,0,0,0,0,0,0,0,0,0,0,0,0,0,0,0,0,0,0,0,0,0,0,0,0,0,0,0,0,0,0,0,0,0,0,0,0,0,0,0,0,0,0,0.00,0,0.00,0.00
세탁기_커피소구_01,4640746,세탁기_트래픽_구독 페스티벌,1628465,2026.10.01.,네이버 퍼포먼스 네트워크 > 서비스 통합,알 수 없음,636,298,2136,3,212,1.01,0,0,0,0,0,0,0,0,0,0,0,0,0,0,0,0,0,0,0,0,0,0,0,0,0,0,0,0,0,0,0,0,0,0,0,0,0,0,0,0,0,0,0,0,0,0,0.00,0,0.00,0.00
세탁기_커피소구_01,4640746,세탁기_트래픽_구독 페스티벌,1628465,2026.10.01.,네이버 퍼포먼스 네트워크 > 피드,19세 ~ 24세 여성,241,67,3594,1,241,1.49,0,0,0,0,0,0,0,0,0,0,0,0,0,0,0,0,0,0,0,0,0,0,0,0,0,0,0,0,0,0,0,0,0,0,0,0,0,0,0,0,0,0,0,0,0,0,0.00,0,0.00,0.00
세탁기_커피소구_01,4640746,세탁기_트래픽_구독 페스티벌,1628465,2026.10.01.,네이버 퍼포먼스 네트워크 > 피드,25세 ~ 29세 여성,0,20,0,0,0,0.00,0,0,0,0,0,0,0,0,0,0,0,0,0,0,0,0,0,0,0,0,0,0,0,0,0,0,0,0,0,0,0,0,0,0,0,0,0,0,0,0,0,0,0,0,0,0,0.00,0,0.00,0.00
세탁기_커피소구_01,4640746,세탁기_트래픽_구독 페스티벌,1628465,2026.10.01.,네이버 퍼포먼스 네트워크 > 피드,30세 ~ 34세 여성,0,32,0,0,0,0.00,0,0,0,0,0,0,0,0,0,0,0,0,0,0,0,0,0,0,0,0,0,0,0,0,0,0,0,0,0,0,0,0,0,0,0,0,0,0,0,0,0,0,0,0,0,0,0.00,0,0.00,0.00
세탁기_커피소구_01,4640746,세탁기_트래픽_구독 페스티벌,1628465,2026.10.01.,네이버 퍼포먼스 네트워크 > 피드,35세 ~ 39세 여성,229,66,3474,1,229,1.52,0,0,0,0,0,0,0,0,0,0,0,0,0,0,0,0,0,0,0,0,0,0,0,0,0,0,0,0,0,0,0,0,0,0,0,0,0,0,0,0,0,0,0,0,0,0,0.00,0,0.00,0.00
세탁기_커피소구_01,4640746,세탁기_트래픽_구독 페스티벌,1628465,2026.10.01.,네이버 퍼포먼스 네트워크 > 피드,40세 ~ 44세 여성,973,147,6621,4,243,2.72,0,0,0,0,0,0,0,0,0,0,0,0,0,0,0,0,0,0,0,0,0,0,0,0,0,0,0,0,0,0,0,0,0,0,0,0,0,0,0,0,0,0,0,0,0,0,0.00,0,0.00,0.00
세탁기_커피소구_01,4640746,세탁기_트래픽_구독 페스티벌,1628465,2026.10.01.,네이버 퍼포먼스 네트워크 > 피드,45세 ~ 49세 여성,455,742,613,2,228,0.27,0,0,0,0,0,0,0,0,0,0,0,0,0,0,0,0,0,0,0,0,0,0,0,0,0,0,0,0,0,0,0,0,0,0,0,0,0,0,0,0,0,0,0,0,0,0,0.00,0,0.00,0.00
세탁기_커피소구_01,4640746,세탁기_트래픽_구독 페스티벌,1628465,2026.10.01.,네이버 퍼포먼스 네트워크 > 피드,19세 ~ 24세 남성,260,61,4262,1,260,1.64,0,0,0,0,0,0,0,0,0,0,0,0,0,0,0,0,0,0,0,0,0,0,0,0,0,0,0,0,0,0,0,0,0,0,0,0,0,0,0,0,0,0,0,0,0,0,0.00,0,0.00,0.00
세탁기_커피소구_01,4640746,세탁기_트래픽_구독 페스티벌,1628465,2026.10.01.,네이버 퍼포먼스 네트워크 > 피드,25세 ~ 29세 남성,0,30,0,0,0,0.00,0,0,0,0,0,0,0,0,0,0,0,0,0,0,0,0,0,0,0,0,0,0,0,0,0,0,0,0,0,0,0,0,0,0,0,0,0,0,0,0,0,0,0,0,0,0,0.00,0,0.00,0.00
세탁기_커피소구_01,4640746,세탁기_트래픽_구독 페스티벌,1628465,2026.10.01.,네이버 퍼포먼스 네트워크 > 피드,30세 ~ 34세 남성,0,58,0,0,0,0.00,0,0,0,0,0,0,0,0,0,0,0,0,0,0,0,0,0,0,0,0,0,0,0,0,0,0,0,0,0,0,0,0,0,0,0,0,0,0,0,0,0,0,0,0,0,0,0.00,0,0.00,0.00
세탁기_커피소구_01,4640746,세탁기_트래픽_구독 페스티벌,1628465,2026.10.01.,네이버 퍼포먼스 네트워크 > 피드,35세 ~ 39세 남성,0,91,0,0,0,0.00,0,0,0,0,0,0,0,0,0,0,0,0,0,0,0,0,0,0,0,0,0,0,0,0,0,0,0,0,0,0,0,0,0,0,0,0,0,0,0,0,0,0,0,0,0,0,0.00,0,0.00,0.00
세탁기_커피소구_01,4640746,세탁기_트래픽_구독 페스티벌,1628465,2026.10.01.,네이버 퍼포먼스 네트워크 > 피드,40세 ~ 44세 남성,0,164,0,0,0,0.00,0,0,0,0,0,0,0,0,0,0,0,0,0,0,0,0,0,0,0,0,0,0,0,0,0,0,0,0,0,0,0,0,0,0,0,0,0,0,0,0,0,0,0,0,0,0,0.00,0,0.00,0.00
세탁기_커피소구_01,4640746,세탁기_트래픽_구독 페스티벌,1628465,2026.10.01.,네이버 퍼포먼스 네트워크 > 피드,45세 ~ 49세 남성,385,434,887,2,193,0.46,0,0,0,0,0,0,0,0,0,0,0,0,0,0,0,0,0,0,0,0,0,0,0,0,0,0,0,0,0,0,0,0,0,0,0,0,0,0,0,0,0,0,0,0,0,0,0.00,0,0.00,0.00
세탁기_커피소구_01,4640746,세탁기_트래픽_구독 페스티벌,1628465,2026.10.01.,네이버 퍼포먼스 네트워크 > 피드,40세 ~ 44세 성별 알 수 없음,0,1,0,0,0,0.00,0,0,0,0,0,0,0,0,0,0,0,0,0,0,0,0,0,0,0,0,0,0,0,0,0,0,0,0,0,0,0,0,0,0,0,0,0,0,0,0,0,0,0,0,0,0,0.00,0,0.00,0.00
세탁기_커피소구_01,4640746,세탁기_트래픽_구독 페스티벌,1628465,2026.10.01.,네이버 퍼포먼스 네트워크 > 피드,알 수 없음,0,56,0,0,0,0.00,0,0,0,0,0,0,0,0,0,0,0,0,0,0,0,0,0,0,0,0,0,0,0,0,0,0,0,0,0,0,0,0,0,0,0,0,0,0,0,0,0,0,0,0,0,0,0.00,0,0.00,0.00
